variable,node_type_info
C_node1node10_timber_t0,node1transit_node10transit
M_node1node10_timber_t0,node1transit_node10transit
U_node1node10_t0,node1transit_node10transit
C_node1node10_timber_t1,node1transit_node10transit
M_node1node10_timber_t1,node1transit_node10transit
U_node1node10_t1,node1transit_node10transit
C_node1node10_timber_t2,node1transit_node10transit
M_node1node10_timber_t2,node1transit_node10transit
U_node1node10_t2,node1transit_node10transit
C_node1node10_timber_t3,node1transit_node10transit
M_node1node10_timber_t3,node1transit_node10transit
U_node1node10_t3,node1transit_node10transit
C_node1node10_timber_t4,node1transit_node10transit
M_node1node10_timber_t4,node1transit_node10transit
U_node1node10_t4,node1transit_node10transit
C_node1node10_timber_t5,node1transit_node10transit
M_node1node10_timber_t5,node1transit_node10transit
U_node1node10_t5,node1transit_node10transit
C_node1node10_wide_t0,node1transit_node10transit
M_node1node10_wide_t0,node1transit_node10transit
C_node1node10_wide_t1,node1transit_node10transit
M_node1node10_wide_t1,node1transit_node10transit
C_node1node10_wide_t2,node1transit_node10transit
M_node1node10_wide_t2,node1transit_node10transit
C_node1node10_wide_t3,node1transit_node10transit
M_node1node10_wide_t3,node1transit_node10transit
C_node1node10_wide_t4,node1transit_node10transit
M_node1node10_wide_t4,node1transit_node10transit
C_node1node10_wide_t5,node1transit_node10transit
M_node1node10_wide_t5,node1transit_node10transit
C_node1node9_timber_t0,node1transit_node9transit
M_node1node9_timber_t0,node1transit_node9transit
U_node1node9_t0,node1transit_node9transit
C_node1node9_timber_t1,node1transit_node9transit
M_node1node9_timber_t1,node1transit_node9transit
U_node1node9_t1,node1transit_node9transit
C_node1node9_timber_t2,node1transit_node9transit
M_node1node9_timber_t2,node1transit_node9transit
U_node1node9_t2,node1transit_node9transit
C_node1node9_timber_t3,node1transit_node9transit
M_node1node9_timber_t3,node1transit_node9transit
U_node1node9_t3,node1transit_node9transit
C_node1node9_timber_t4,node1transit_node9transit
M_node1node9_timber_t4,node1transit_node9transit
U_node1node9_t4,node1transit_node9transit
C_node1node9_timber_t5,node1transit_node9transit
M_node1node9_timber_t5,node1transit_node9transit
U_node1node9_t5,node1transit_node9transit
C_node1node9_wide_t0,node1transit_node9transit
M_node1node9_wide_t0,node1transit_node9transit
C_node1node9_wide_t1,node1transit_node9transit
M_node1node9_wide_t1,node1transit_node9transit
C_node1node9_wide_t2,node1transit_node9transit
M_node1node9_wide_t2,node1transit_node9transit
C_node1node9_wide_t3,node1transit_node9transit
M_node1node9_wide_t3,node1transit_node9transit
C_node1node9_wide_t4,node1transit_node9transit
M_node1node9_wide_t4,node1transit_node9transit
C_node1node9_wide_t5,node1transit_node9transit
M_node1node9_wide_t5,node1transit_node9transit
C_node1node4_timber_t0,node1transit_node4transit
M_node1node4_timber_t0,node1transit_node4transit
U_node1node4_t0,node1transit_node4transit
C_node1node4_timber_t1,node1transit_node4transit
M_node1node4_timber_t1,node1transit_node4transit
U_node1node4_t1,node1transit_node4transit
C_node1node4_timber_t2,node1transit_node4transit
M_node1node4_timber_t2,node1transit_node4transit
U_node1node4_t2,node1transit_node4transit
C_node1node4_timber_t3,node1transit_node4transit
M_node1node4_timber_t3,node1transit_node4transit
U_node1node4_t3,node1transit_node4transit
C_node1node4_timber_t4,node1transit_node4transit
M_node1node4_timber_t4,node1transit_node4transit
U_node1node4_t4,node1transit_node4transit
C_node1node4_timber_t5,node1transit_node4transit
M_node1node4_timber_t5,node1transit_node4transit
U_node1node4_t5,node1transit_node4transit
C_node1node4_wide_t0,node1transit_node4transit
M_node1node4_wide_t0,node1transit_node4transit
C_node1node4_wide_t1,node1transit_node4transit
M_node1node4_wide_t1,node1transit_node4transit
C_node1node4_wide_t2,node1transit_node4transit
M_node1node4_wide_t2,node1transit_node4transit
C_node1node4_wide_t3,node1transit_node4transit
M_node1node4_wide_t3,node1transit_node4transit
C_node1node4_wide_t4,node1transit_node4transit
M_node1node4_wide_t4,node1transit_node4transit
C_node1node4_wide_t5,node1transit_node4transit
M_node1node4_wide_t5,node1transit_node4transit
C_node1node15_timber_t0,node1transit_node15source
M_node1node15_timber_t0,node1transit_node15source
U_node1node15_t0,node1transit_node15source
C_node1node15_timber_t1,node1transit_node15source
M_node1node15_timber_t1,node1transit_node15source
U_node1node15_t1,node1transit_node15source
C_node1node15_timber_t2,node1transit_node15source
M_node1node15_timber_t2,node1transit_node15source
U_node1node15_t2,node1transit_node15source
C_node1node15_timber_t3,node1transit_node15source
M_node1node15_timber_t3,node1transit_node15source
U_node1node15_t3,node1transit_node15source
C_node1node15_timber_t4,node1transit_node15source
M_node1node15_timber_t4,node1transit_node15source
U_node1node15_t4,node1transit_node15source
C_node1node15_timber_t5,node1transit_node15source
M_node1node15_timber_t5,node1transit_node15source
U_node1node15_t5,node1transit_node15source
C_node1node15_wide_t0,node1transit_node15source
M_node1node15_wide_t0,node1transit_node15source
C_node1node15_wide_t1,node1transit_node15source
M_node1node15_wide_t1,node1transit_node15source
C_node1node15_wide_t2,node1transit_node15source
M_node1node15_wide_t2,node1transit_node15source
C_node1node15_wide_t3,node1transit_node15source
M_node1node15_wide_t3,node1transit_node15source
C_node1node15_wide_t4,node1transit_node15source
M_node1node15_wide_t4,node1transit_node15source
C_node1node15_wide_t5,node1transit_node15source
M_node1node15_wide_t5,node1transit_node15source
C_node2node5_timber_t0,node2transit_node5transit
M_node2node5_timber_t0,node2transit_node5transit
U_node2node5_t0,node2transit_node5transit
C_node2node5_timber_t1,node2transit_node5transit
M_node2node5_timber_t1,node2transit_node5transit
U_node2node5_t1,node2transit_node5transit
C_node2node5_timber_t2,node2transit_node5transit
M_node2node5_timber_t2,node2transit_node5transit
U_node2node5_t2,node2transit_node5transit
C_node2node5_timber_t3,node2transit_node5transit
M_node2node5_timber_t3,node2transit_node5transit
U_node2node5_t3,node2transit_node5transit
C_node2node5_timber_t4,node2transit_node5transit
M_node2node5_timber_t4,node2transit_node5transit
U_node2node5_t4,node2transit_node5transit
C_node2node5_timber_t5,node2transit_node5transit
M_node2node5_timber_t5,node2transit_node5transit
U_node2node5_t5,node2transit_node5transit
C_node2node5_wide_t0,node2transit_node5transit
M_node2node5_wide_t0,node2transit_node5transit
C_node2node5_wide_t1,node2transit_node5transit
M_node2node5_wide_t1,node2transit_node5transit
C_node2node5_wide_t2,node2transit_node5transit
M_node2node5_wide_t2,node2transit_node5transit
C_node2node5_wide_t3,node2transit_node5transit
M_node2node5_wide_t3,node2transit_node5transit
C_node2node5_wide_t4,node2transit_node5transit
M_node2node5_wide_t4,node2transit_node5transit
C_node2node5_wide_t5,node2transit_node5transit
M_node2node5_wide_t5,node2transit_node5transit
C_node2node3_timber_t0,node2transit_node3exit
M_node2node3_timber_t0,node2transit_node3exit
U_node2node3_t0,node2transit_node3exit
C_node2node3_timber_t1,node2transit_node3exit
M_node2node3_timber_t1,node2transit_node3exit
U_node2node3_t1,node2transit_node3exit
C_node2node3_timber_t2,node2transit_node3exit
M_node2node3_timber_t2,node2transit_node3exit
U_node2node3_t2,node2transit_node3exit
C_node2node3_timber_t3,node2transit_node3exit
M_node2node3_timber_t3,node2transit_node3exit
U_node2node3_t3,node2transit_node3exit
C_node2node3_timber_t4,node2transit_node3exit
M_node2node3_timber_t4,node2transit_node3exit
U_node2node3_t4,node2transit_node3exit
C_node2node3_timber_t5,node2transit_node3exit
M_node2node3_timber_t5,node2transit_node3exit
U_node2node3_t5,node2transit_node3exit
C_node2node3_wide_t0,node2transit_node3exit
M_node2node3_wide_t0,node2transit_node3exit
C_node2node3_wide_t1,node2transit_node3exit
M_node2node3_wide_t1,node2transit_node3exit
C_node2node3_wide_t2,node2transit_node3exit
M_node2node3_wide_t2,node2transit_node3exit
C_node2node3_wide_t3,node2transit_node3exit
M_node2node3_wide_t3,node2transit_node3exit
C_node2node3_wide_t4,node2transit_node3exit
M_node2node3_wide_t4,node2transit_node3exit
C_node2node3_wide_t5,node2transit_node3exit
M_node2node3_wide_t5,node2transit_node3exit
C_node2node6_timber_t0,node2transit_node6transit
M_node2node6_timber_t0,node2transit_node6transit
U_node2node6_t0,node2transit_node6transit
C_node2node6_timber_t1,node2transit_node6transit
M_node2node6_timber_t1,node2transit_node6transit
U_node2node6_t1,node2transit_node6transit
C_node2node6_timber_t2,node2transit_node6transit
M_node2node6_timber_t2,node2transit_node6transit
U_node2node6_t2,node2transit_node6transit
C_node2node6_timber_t3,node2transit_node6transit
M_node2node6_timber_t3,node2transit_node6transit
U_node2node6_t3,node2transit_node6transit
C_node2node6_timber_t4,node2transit_node6transit
M_node2node6_timber_t4,node2transit_node6transit
U_node2node6_t4,node2transit_node6transit
C_node2node6_timber_t5,node2transit_node6transit
M_node2node6_timber_t5,node2transit_node6transit
U_node2node6_t5,node2transit_node6transit
C_node2node6_wide_t0,node2transit_node6transit
M_node2node6_wide_t0,node2transit_node6transit
C_node2node6_wide_t1,node2transit_node6transit
M_node2node6_wide_t1,node2transit_node6transit
C_node2node6_wide_t2,node2transit_node6transit
M_node2node6_wide_t2,node2transit_node6transit
C_node2node6_wide_t3,node2transit_node6transit
M_node2node6_wide_t3,node2transit_node6transit
C_node2node6_wide_t4,node2transit_node6transit
M_node2node6_wide_t4,node2transit_node6transit
C_node2node6_wide_t5,node2transit_node6transit
M_node2node6_wide_t5,node2transit_node6transit
C_node2node14_timber_t0,node2transit_node14source
M_node2node14_timber_t0,node2transit_node14source
U_node2node14_t0,node2transit_node14source
C_node2node14_timber_t1,node2transit_node14source
M_node2node14_timber_t1,node2transit_node14source
U_node2node14_t1,node2transit_node14source
C_node2node14_timber_t2,node2transit_node14source
M_node2node14_timber_t2,node2transit_node14source
U_node2node14_t2,node2transit_node14source
C_node2node14_timber_t3,node2transit_node14source
M_node2node14_timber_t3,node2transit_node14source
U_node2node14_t3,node2transit_node14source
C_node2node14_timber_t4,node2transit_node14source
M_node2node14_timber_t4,node2transit_node14source
U_node2node14_t4,node2transit_node14source
C_node2node14_timber_t5,node2transit_node14source
M_node2node14_timber_t5,node2transit_node14source
U_node2node14_t5,node2transit_node14source
C_node2node14_wide_t0,node2transit_node14source
M_node2node14_wide_t0,node2transit_node14source
C_node2node14_wide_t1,node2transit_node14source
M_node2node14_wide_t1,node2transit_node14source
C_node2node14_wide_t2,node2transit_node14source
M_node2node14_wide_t2,node2transit_node14source
C_node2node14_wide_t3,node2transit_node14source
M_node2node14_wide_t3,node2transit_node14source
C_node2node14_wide_t4,node2transit_node14source
M_node2node14_wide_t4,node2transit_node14source
C_node2node14_wide_t5,node2transit_node14source
M_node2node14_wide_t5,node2transit_node14source
C_node3node6_timber_t0,node3exit_node6transit
M_node3node6_timber_t0,node3exit_node6transit
U_node3node6_t0,node3exit_node6transit
C_node3node6_timber_t1,node3exit_node6transit
M_node3node6_timber_t1,node3exit_node6transit
U_node3node6_t1,node3exit_node6transit
C_node3node6_timber_t2,node3exit_node6transit
M_node3node6_timber_t2,node3exit_node6transit
U_node3node6_t2,node3exit_node6transit
C_node3node6_timber_t3,node3exit_node6transit
M_node3node6_timber_t3,node3exit_node6transit
U_node3node6_t3,node3exit_node6transit
C_node3node6_timber_t4,node3exit_node6transit
M_node3node6_timber_t4,node3exit_node6transit
U_node3node6_t4,node3exit_node6transit
C_node3node6_timber_t5,node3exit_node6transit
M_node3node6_timber_t5,node3exit_node6transit
U_node3node6_t5,node3exit_node6transit
C_node3node6_wide_t0,node3exit_node6transit
M_node3node6_wide_t0,node3exit_node6transit
C_node3node6_wide_t1,node3exit_node6transit
M_node3node6_wide_t1,node3exit_node6transit
C_node3node6_wide_t2,node3exit_node6transit
M_node3node6_wide_t2,node3exit_node6transit
C_node3node6_wide_t3,node3exit_node6transit
M_node3node6_wide_t3,node3exit_node6transit
C_node3node6_wide_t4,node3exit_node6transit
M_node3node6_wide_t4,node3exit_node6transit
C_node3node6_wide_t5,node3exit_node6transit
M_node3node6_wide_t5,node3exit_node6transit
C_node4node7_timber_t0,node4transit_node7transit
M_node4node7_timber_t0,node4transit_node7transit
U_node4node7_t0,node4transit_node7transit
C_node4node7_timber_t1,node4transit_node7transit
M_node4node7_timber_t1,node4transit_node7transit
U_node4node7_t1,node4transit_node7transit
C_node4node7_timber_t2,node4transit_node7transit
M_node4node7_timber_t2,node4transit_node7transit
U_node4node7_t2,node4transit_node7transit
C_node4node7_timber_t3,node4transit_node7transit
M_node4node7_timber_t3,node4transit_node7transit
U_node4node7_t3,node4transit_node7transit
C_node4node7_timber_t4,node4transit_node7transit
M_node4node7_timber_t4,node4transit_node7transit
U_node4node7_t4,node4transit_node7transit
C_node4node7_timber_t5,node4transit_node7transit
M_node4node7_timber_t5,node4transit_node7transit
U_node4node7_t5,node4transit_node7transit
C_node4node7_wide_t0,node4transit_node7transit
M_node4node7_wide_t0,node4transit_node7transit
C_node4node7_wide_t1,node4transit_node7transit
M_node4node7_wide_t1,node4transit_node7transit
C_node4node7_wide_t2,node4transit_node7transit
M_node4node7_wide_t2,node4transit_node7transit
C_node4node7_wide_t3,node4transit_node7transit
M_node4node7_wide_t3,node4transit_node7transit
C_node4node7_wide_t4,node4transit_node7transit
M_node4node7_wide_t4,node4transit_node7transit
C_node4node7_wide_t5,node4transit_node7transit
M_node4node7_wide_t5,node4transit_node7transit
C_node4node11_timber_t0,node4transit_node11exit
M_node4node11_timber_t0,node4transit_node11exit
U_node4node11_t0,node4transit_node11exit
C_node4node11_timber_t1,node4transit_node11exit
M_node4node11_timber_t1,node4transit_node11exit
U_node4node11_t1,node4transit_node11exit
C_node4node11_timber_t2,node4transit_node11exit
M_node4node11_timber_t2,node4transit_node11exit
U_node4node11_t2,node4transit_node11exit
C_node4node11_timber_t3,node4transit_node11exit
M_node4node11_timber_t3,node4transit_node11exit
U_node4node11_t3,node4transit_node11exit
C_node4node11_timber_t4,node4transit_node11exit
M_node4node11_timber_t4,node4transit_node11exit
U_node4node11_t4,node4transit_node11exit
C_node4node11_timber_t5,node4transit_node11exit
M_node4node11_timber_t5,node4transit_node11exit
U_node4node11_t5,node4transit_node11exit
C_node4node11_wide_t0,node4transit_node11exit
M_node4node11_wide_t0,node4transit_node11exit
C_node4node11_wide_t1,node4transit_node11exit
M_node4node11_wide_t1,node4transit_node11exit
C_node4node11_wide_t2,node4transit_node11exit
M_node4node11_wide_t2,node4transit_node11exit
C_node4node11_wide_t3,node4transit_node11exit
M_node4node11_wide_t3,node4transit_node11exit
C_node4node11_wide_t4,node4transit_node11exit
M_node4node11_wide_t4,node4transit_node11exit
C_node4node11_wide_t5,node4transit_node11exit
M_node4node11_wide_t5,node4transit_node11exit
C_node4node15_timber_t0,node4transit_node15source
M_node4node15_timber_t0,node4transit_node15source
U_node4node15_t0,node4transit_node15source
C_node4node15_timber_t1,node4transit_node15source
M_node4node15_timber_t1,node4transit_node15source
U_node4node15_t1,node4transit_node15source
C_node4node15_timber_t2,node4transit_node15source
M_node4node15_timber_t2,node4transit_node15source
U_node4node15_t2,node4transit_node15source
C_node4node15_timber_t3,node4transit_node15source
M_node4node15_timber_t3,node4transit_node15source
U_node4node15_t3,node4transit_node15source
C_node4node15_timber_t4,node4transit_node15source
M_node4node15_timber_t4,node4transit_node15source
U_node4node15_t4,node4transit_node15source
C_node4node15_timber_t5,node4transit_node15source
M_node4node15_timber_t5,node4transit_node15source
U_node4node15_t5,node4transit_node15source
C_node4node15_wide_t0,node4transit_node15source
M_node4node15_wide_t0,node4transit_node15source
C_node4node15_wide_t1,node4transit_node15source
M_node4node15_wide_t1,node4transit_node15source
C_node4node15_wide_t2,node4transit_node15source
M_node4node15_wide_t2,node4transit_node15source
C_node4node15_wide_t3,node4transit_node15source
M_node4node15_wide_t3,node4transit_node15source
C_node4node15_wide_t4,node4transit_node15source
M_node4node15_wide_t4,node4transit_node15source
C_node4node15_wide_t5,node4transit_node15source
M_node4node15_wide_t5,node4transit_node15source
C_node5node7_timber_t0,node5transit_node7transit
M_node5node7_timber_t0,node5transit_node7transit
U_node5node7_t0,node5transit_node7transit
C_node5node7_timber_t1,node5transit_node7transit
M_node5node7_timber_t1,node5transit_node7transit
U_node5node7_t1,node5transit_node7transit
C_node5node7_timber_t2,node5transit_node7transit
M_node5node7_timber_t2,node5transit_node7transit
U_node5node7_t2,node5transit_node7transit
C_node5node7_timber_t3,node5transit_node7transit
M_node5node7_timber_t3,node5transit_node7transit
U_node5node7_t3,node5transit_node7transit
C_node5node7_timber_t4,node5transit_node7transit
M_node5node7_timber_t4,node5transit_node7transit
U_node5node7_t4,node5transit_node7transit
C_node5node7_timber_t5,node5transit_node7transit
M_node5node7_timber_t5,node5transit_node7transit
U_node5node7_t5,node5transit_node7transit
C_node5node7_wide_t0,node5transit_node7transit
M_node5node7_wide_t0,node5transit_node7transit
C_node5node7_wide_t1,node5transit_node7transit
M_node5node7_wide_t1,node5transit_node7transit
C_node5node7_wide_t2,node5transit_node7transit
M_node5node7_wide_t2,node5transit_node7transit
C_node5node7_wide_t3,node5transit_node7transit
M_node5node7_wide_t3,node5transit_node7transit
C_node5node7_wide_t4,node5transit_node7transit
M_node5node7_wide_t4,node5transit_node7transit
C_node5node7_wide_t5,node5transit_node7transit
M_node5node7_wide_t5,node5transit_node7transit
C_node5node10_timber_t0,node5transit_node10transit
M_node5node10_timber_t0,node5transit_node10transit
U_node5node10_t0,node5transit_node10transit
C_node5node10_timber_t1,node5transit_node10transit
M_node5node10_timber_t1,node5transit_node10transit
U_node5node10_t1,node5transit_node10transit
C_node5node10_timber_t2,node5transit_node10transit
M_node5node10_timber_t2,node5transit_node10transit
U_node5node10_t2,node5transit_node10transit
C_node5node10_timber_t3,node5transit_node10transit
M_node5node10_timber_t3,node5transit_node10transit
U_node5node10_t3,node5transit_node10transit
C_node5node10_timber_t4,node5transit_node10transit
M_node5node10_timber_t4,node5transit_node10transit
U_node5node10_t4,node5transit_node10transit
C_node5node10_timber_t5,node5transit_node10transit
M_node5node10_timber_t5,node5transit_node10transit
U_node5node10_t5,node5transit_node10transit
C_node5node10_wide_t0,node5transit_node10transit
M_node5node10_wide_t0,node5transit_node10transit
C_node5node10_wide_t1,node5transit_node10transit
M_node5node10_wide_t1,node5transit_node10transit
C_node5node10_wide_t2,node5transit_node10transit
M_node5node10_wide_t2,node5transit_node10transit
C_node5node10_wide_t3,node5transit_node10transit
M_node5node10_wide_t3,node5transit_node10transit
C_node5node10_wide_t4,node5transit_node10transit
M_node5node10_wide_t4,node5transit_node10transit
C_node5node10_wide_t5,node5transit_node10transit
M_node5node10_wide_t5,node5transit_node10transit
C_node5node14_timber_t0,node5transit_node14source
M_node5node14_timber_t0,node5transit_node14source
U_node5node14_t0,node5transit_node14source
C_node5node14_timber_t1,node5transit_node14source
M_node5node14_timber_t1,node5transit_node14source
U_node5node14_t1,node5transit_node14source
C_node5node14_timber_t2,node5transit_node14source
M_node5node14_timber_t2,node5transit_node14source
U_node5node14_t2,node5transit_node14source
C_node5node14_timber_t3,node5transit_node14source
M_node5node14_timber_t3,node5transit_node14source
U_node5node14_t3,node5transit_node14source
C_node5node14_timber_t4,node5transit_node14source
M_node5node14_timber_t4,node5transit_node14source
U_node5node14_t4,node5transit_node14source
C_node5node14_timber_t5,node5transit_node14source
M_node5node14_timber_t5,node5transit_node14source
U_node5node14_t5,node5transit_node14source
C_node5node14_wide_t0,node5transit_node14source
M_node5node14_wide_t0,node5transit_node14source
C_node5node14_wide_t1,node5transit_node14source
M_node5node14_wide_t1,node5transit_node14source
C_node5node14_wide_t2,node5transit_node14source
M_node5node14_wide_t2,node5transit_node14source
C_node5node14_wide_t3,node5transit_node14source
M_node5node14_wide_t3,node5transit_node14source
C_node5node14_wide_t4,node5transit_node14source
M_node5node14_wide_t4,node5transit_node14source
C_node5node14_wide_t5,node5transit_node14source
M_node5node14_wide_t5,node5transit_node14source
C_node5node15_timber_t0,node5transit_node15source
M_node5node15_timber_t0,node5transit_node15source
U_node5node15_t0,node5transit_node15source
C_node5node15_timber_t1,node5transit_node15source
M_node5node15_timber_t1,node5transit_node15source
U_node5node15_t1,node5transit_node15source
C_node5node15_timber_t2,node5transit_node15source
M_node5node15_timber_t2,node5transit_node15source
U_node5node15_t2,node5transit_node15source
C_node5node15_timber_t3,node5transit_node15source
M_node5node15_timber_t3,node5transit_node15source
U_node5node15_t3,node5transit_node15source
C_node5node15_timber_t4,node5transit_node15source
M_node5node15_timber_t4,node5transit_node15source
U_node5node15_t4,node5transit_node15source
C_node5node15_timber_t5,node5transit_node15source
M_node5node15_timber_t5,node5transit_node15source
U_node5node15_t5,node5transit_node15source
C_node5node15_wide_t0,node5transit_node15source
M_node5node15_wide_t0,node5transit_node15source
C_node5node15_wide_t1,node5transit_node15source
M_node5node15_wide_t1,node5transit_node15source
C_node5node15_wide_t2,node5transit_node15source
M_node5node15_wide_t2,node5transit_node15source
C_node5node15_wide_t3,node5transit_node15source
M_node5node15_wide_t3,node5transit_node15source
C_node5node15_wide_t4,node5transit_node15source
M_node5node15_wide_t4,node5transit_node15source
C_node5node15_wide_t5,node5transit_node15source
M_node5node15_wide_t5,node5transit_node15source
C_node6node10_timber_t0,node6transit_node10transit
M_node6node10_timber_t0,node6transit_node10transit
U_node6node10_t0,node6transit_node10transit
C_node6node10_timber_t1,node6transit_node10transit
M_node6node10_timber_t1,node6transit_node10transit
U_node6node10_t1,node6transit_node10transit
C_node6node10_timber_t2,node6transit_node10transit
M_node6node10_timber_t2,node6transit_node10transit
U_node6node10_t2,node6transit_node10transit
C_node6node10_timber_t3,node6transit_node10transit
M_node6node10_timber_t3,node6transit_node10transit
U_node6node10_t3,node6transit_node10transit
C_node6node10_timber_t4,node6transit_node10transit
M_node6node10_timber_t4,node6transit_node10transit
U_node6node10_t4,node6transit_node10transit
C_node6node10_timber_t5,node6transit_node10transit
M_node6node10_timber_t5,node6transit_node10transit
U_node6node10_t5,node6transit_node10transit
C_node6node10_wide_t0,node6transit_node10transit
M_node6node10_wide_t0,node6transit_node10transit
C_node6node10_wide_t1,node6transit_node10transit
M_node6node10_wide_t1,node6transit_node10transit
C_node6node10_wide_t2,node6transit_node10transit
M_node6node10_wide_t2,node6transit_node10transit
C_node6node10_wide_t3,node6transit_node10transit
M_node6node10_wide_t3,node6transit_node10transit
C_node6node10_wide_t4,node6transit_node10transit
M_node6node10_wide_t4,node6transit_node10transit
C_node6node10_wide_t5,node6transit_node10transit
M_node6node10_wide_t5,node6transit_node10transit
C_node6node14_timber_t0,node6transit_node14source
M_node6node14_timber_t0,node6transit_node14source
U_node6node14_t0,node6transit_node14source
C_node6node14_timber_t1,node6transit_node14source
M_node6node14_timber_t1,node6transit_node14source
U_node6node14_t1,node6transit_node14source
C_node6node14_timber_t2,node6transit_node14source
M_node6node14_timber_t2,node6transit_node14source
U_node6node14_t2,node6transit_node14source
C_node6node14_timber_t3,node6transit_node14source
M_node6node14_timber_t3,node6transit_node14source
U_node6node14_t3,node6transit_node14source
C_node6node14_timber_t4,node6transit_node14source
M_node6node14_timber_t4,node6transit_node14source
U_node6node14_t4,node6transit_node14source
C_node6node14_timber_t5,node6transit_node14source
M_node6node14_timber_t5,node6transit_node14source
U_node6node14_t5,node6transit_node14source
C_node6node14_wide_t0,node6transit_node14source
M_node6node14_wide_t0,node6transit_node14source
C_node6node14_wide_t1,node6transit_node14source
M_node6node14_wide_t1,node6transit_node14source
C_node6node14_wide_t2,node6transit_node14source
M_node6node14_wide_t2,node6transit_node14source
C_node6node14_wide_t3,node6transit_node14source
M_node6node14_wide_t3,node6transit_node14source
C_node6node14_wide_t4,node6transit_node14source
M_node6node14_wide_t4,node6transit_node14source
C_node6node14_wide_t5,node6transit_node14source
M_node6node14_wide_t5,node6transit_node14source
C_node7node13_timber_t0,node7transit_node13exit
M_node7node13_timber_t0,node7transit_node13exit
U_node7node13_t0,node7transit_node13exit
C_node7node13_timber_t1,node7transit_node13exit
M_node7node13_timber_t1,node7transit_node13exit
U_node7node13_t1,node7transit_node13exit
C_node7node13_timber_t2,node7transit_node13exit
M_node7node13_timber_t2,node7transit_node13exit
U_node7node13_t2,node7transit_node13exit
C_node7node13_timber_t3,node7transit_node13exit
M_node7node13_timber_t3,node7transit_node13exit
U_node7node13_t3,node7transit_node13exit
C_node7node13_timber_t4,node7transit_node13exit
M_node7node13_timber_t4,node7transit_node13exit
U_node7node13_t4,node7transit_node13exit
C_node7node13_timber_t5,node7transit_node13exit
M_node7node13_timber_t5,node7transit_node13exit
U_node7node13_t5,node7transit_node13exit
C_node7node13_wide_t0,node7transit_node13exit
M_node7node13_wide_t0,node7transit_node13exit
C_node7node13_wide_t1,node7transit_node13exit
M_node7node13_wide_t1,node7transit_node13exit
C_node7node13_wide_t2,node7transit_node13exit
M_node7node13_wide_t2,node7transit_node13exit
C_node7node13_wide_t3,node7transit_node13exit
M_node7node13_wide_t3,node7transit_node13exit
C_node7node13_wide_t4,node7transit_node13exit
M_node7node13_wide_t4,node7transit_node13exit
C_node7node13_wide_t5,node7transit_node13exit
M_node7node13_wide_t5,node7transit_node13exit
C_node7node15_timber_t0,node7transit_node15source
M_node7node15_timber_t0,node7transit_node15source
U_node7node15_t0,node7transit_node15source
C_node7node15_timber_t1,node7transit_node15source
M_node7node15_timber_t1,node7transit_node15source
U_node7node15_t1,node7transit_node15source
C_node7node15_timber_t2,node7transit_node15source
M_node7node15_timber_t2,node7transit_node15source
U_node7node15_t2,node7transit_node15source
C_node7node15_timber_t3,node7transit_node15source
M_node7node15_timber_t3,node7transit_node15source
U_node7node15_t3,node7transit_node15source
C_node7node15_timber_t4,node7transit_node15source
M_node7node15_timber_t4,node7transit_node15source
U_node7node15_t4,node7transit_node15source
C_node7node15_timber_t5,node7transit_node15source
M_node7node15_timber_t5,node7transit_node15source
U_node7node15_t5,node7transit_node15source
C_node7node15_wide_t0,node7transit_node15source
M_node7node15_wide_t0,node7transit_node15source
C_node7node15_wide_t1,node7transit_node15source
M_node7node15_wide_t1,node7transit_node15source
C_node7node15_wide_t2,node7transit_node15source
M_node7node15_wide_t2,node7transit_node15source
C_node7node15_wide_t3,node7transit_node15source
M_node7node15_wide_t3,node7transit_node15source
C_node7node15_wide_t4,node7transit_node15source
M_node7node15_wide_t4,node7transit_node15source
C_node7node15_wide_t5,node7transit_node15source
M_node7node15_wide_t5,node7transit_node15source
C_node8node9_timber_t0,node8exit_node9transit
M_node8node9_timber_t0,node8exit_node9transit
U_node8node9_t0,node8exit_node9transit
C_node8node9_timber_t1,node8exit_node9transit
M_node8node9_timber_t1,node8exit_node9transit
U_node8node9_t1,node8exit_node9transit
C_node8node9_timber_t2,node8exit_node9transit
M_node8node9_timber_t2,node8exit_node9transit
U_node8node9_t2,node8exit_node9transit
C_node8node9_timber_t3,node8exit_node9transit
M_node8node9_timber_t3,node8exit_node9transit
U_node8node9_t3,node8exit_node9transit
C_node8node9_timber_t4,node8exit_node9transit
M_node8node9_timber_t4,node8exit_node9transit
U_node8node9_t4,node8exit_node9transit
C_node8node9_timber_t5,node8exit_node9transit
M_node8node9_timber_t5,node8exit_node9transit
U_node8node9_t5,node8exit_node9transit
C_node8node9_wide_t0,node8exit_node9transit
M_node8node9_wide_t0,node8exit_node9transit
C_node8node9_wide_t1,node8exit_node9transit
M_node8node9_wide_t1,node8exit_node9transit
C_node8node9_wide_t2,node8exit_node9transit
M_node8node9_wide_t2,node8exit_node9transit
C_node8node9_wide_t3,node8exit_node9transit
M_node8node9_wide_t3,node8exit_node9transit
C_node8node9_wide_t4,node8exit_node9transit
M_node8node9_wide_t4,node8exit_node9transit
C_node8node9_wide_t5,node8exit_node9transit
M_node8node9_wide_t5,node8exit_node9transit
C_node8node13_timber_t0,node8exit_node13exit
M_node8node13_timber_t0,node8exit_node13exit
U_node8node13_t0,node8exit_node13exit
C_node8node13_timber_t1,node8exit_node13exit
M_node8node13_timber_t1,node8exit_node13exit
U_node8node13_t1,node8exit_node13exit
C_node8node13_timber_t2,node8exit_node13exit
M_node8node13_timber_t2,node8exit_node13exit
U_node8node13_t2,node8exit_node13exit
C_node8node13_timber_t3,node8exit_node13exit
M_node8node13_timber_t3,node8exit_node13exit
U_node8node13_t3,node8exit_node13exit
C_node8node13_timber_t4,node8exit_node13exit
M_node8node13_timber_t4,node8exit_node13exit
U_node8node13_t4,node8exit_node13exit
C_node8node13_timber_t5,node8exit_node13exit
M_node8node13_timber_t5,node8exit_node13exit
U_node8node13_t5,node8exit_node13exit
C_node8node13_wide_t0,node8exit_node13exit
M_node8node13_wide_t0,node8exit_node13exit
C_node8node13_wide_t1,node8exit_node13exit
M_node8node13_wide_t1,node8exit_node13exit
C_node8node13_wide_t2,node8exit_node13exit
M_node8node13_wide_t2,node8exit_node13exit
C_node8node13_wide_t3,node8exit_node13exit
M_node8node13_wide_t3,node8exit_node13exit
C_node8node13_wide_t4,node8exit_node13exit
M_node8node13_wide_t4,node8exit_node13exit
C_node8node13_wide_t5,node8exit_node13exit
M_node8node13_wide_t5,node8exit_node13exit
C_node9node12_timber_t0,node9transit_node12exit
M_node9node12_timber_t0,node9transit_node12exit
U_node9node12_t0,node9transit_node12exit
C_node9node12_timber_t1,node9transit_node12exit
M_node9node12_timber_t1,node9transit_node12exit
U_node9node12_t1,node9transit_node12exit
C_node9node12_timber_t2,node9transit_node12exit
M_node9node12_timber_t2,node9transit_node12exit
U_node9node12_t2,node9transit_node12exit
C_node9node12_timber_t3,node9transit_node12exit
M_node9node12_timber_t3,node9transit_node12exit
U_node9node12_t3,node9transit_node12exit
C_node9node12_timber_t4,node9transit_node12exit
M_node9node12_timber_t4,node9transit_node12exit
U_node9node12_t4,node9transit_node12exit
C_node9node12_timber_t5,node9transit_node12exit
M_node9node12_timber_t5,node9transit_node12exit
U_node9node12_t5,node9transit_node12exit
C_node9node12_wide_t0,node9transit_node12exit
M_node9node12_wide_t0,node9transit_node12exit
C_node9node12_wide_t1,node9transit_node12exit
M_node9node12_wide_t1,node9transit_node12exit
C_node9node12_wide_t2,node9transit_node12exit
M_node9node12_wide_t2,node9transit_node12exit
C_node9node12_wide_t3,node9transit_node12exit
M_node9node12_wide_t3,node9transit_node12exit
C_node9node12_wide_t4,node9transit_node12exit
M_node9node12_wide_t4,node9transit_node12exit
C_node9node12_wide_t5,node9transit_node12exit
M_node9node12_wide_t5,node9transit_node12exit
C_node10node14_timber_t0,node10transit_node14source
M_node10node14_timber_t0,node10transit_node14source
U_node10node14_t0,node10transit_node14source
C_node10node14_timber_t1,node10transit_node14source
M_node10node14_timber_t1,node10transit_node14source
U_node10node14_t1,node10transit_node14source
C_node10node14_timber_t2,node10transit_node14source
M_node10node14_timber_t2,node10transit_node14source
U_node10node14_t2,node10transit_node14source
C_node10node14_timber_t3,node10transit_node14source
M_node10node14_timber_t3,node10transit_node14source
U_node10node14_t3,node10transit_node14source
C_node10node14_timber_t4,node10transit_node14source
M_node10node14_timber_t4,node10transit_node14source
U_node10node14_t4,node10transit_node14source
C_node10node14_timber_t5,node10transit_node14source
M_node10node14_timber_t5,node10transit_node14source
U_node10node14_t5,node10transit_node14source
C_node10node14_wide_t0,node10transit_node14source
M_node10node14_wide_t0,node10transit_node14source
C_node10node14_wide_t1,node10transit_node14source
M_node10node14_wide_t1,node10transit_node14source
C_node10node14_wide_t2,node10transit_node14source
M_node10node14_wide_t2,node10transit_node14source
C_node10node14_wide_t3,node10transit_node14source
M_node10node14_wide_t3,node10transit_node14source
C_node10node14_wide_t4,node10transit_node14source
M_node10node14_wide_t4,node10transit_node14source
C_node10node14_wide_t5,node10transit_node14source
M_node10node14_wide_t5,node10transit_node14source
C_node10node15_timber_t0,node10transit_node15source
M_node10node15_timber_t0,node10transit_node15source
U_node10node15_t0,node10transit_node15source
C_node10node15_timber_t1,node10transit_node15source
M_node10node15_timber_t1,node10transit_node15source
U_node10node15_t1,node10transit_node15source
C_node10node15_timber_t2,node10transit_node15source
M_node10node15_timber_t2,node10transit_node15source
U_node10node15_t2,node10transit_node15source
C_node10node15_timber_t3,node10transit_node15source
M_node10node15_timber_t3,node10transit_node15source
U_node10node15_t3,node10transit_node15source
C_node10node15_timber_t4,node10transit_node15source
M_node10node15_timber_t4,node10transit_node15source
U_node10node15_t4,node10transit_node15source
C_node10node15_timber_t5,node10transit_node15source
M_node10node15_timber_t5,node10transit_node15source
U_node10node15_t5,node10transit_node15source
C_node10node15_wide_t0,node10transit_node15source
M_node10node15_wide_t0,node10transit_node15source
C_node10node15_wide_t1,node10transit_node15source
M_node10node15_wide_t1,node10transit_node15source
C_node10node15_wide_t2,node10transit_node15source
M_node10node15_wide_t2,node10transit_node15source
C_node10node15_wide_t3,node10transit_node15source
M_node10node15_wide_t3,node10transit_node15source
C_node10node15_wide_t4,node10transit_node15source
M_node10node15_wide_t4,node10transit_node15source
C_node10node15_wide_t5,node10transit_node15source
M_node10node15_wide_t5,node10transit_node15source
C_node11node12_timber_t0,node11exit_node12exit
M_node11node12_timber_t0,node11exit_node12exit
U_node11node12_t0,node11exit_node12exit
C_node11node12_timber_t1,node11exit_node12exit
M_node11node12_timber_t1,node11exit_node12exit
U_node11node12_t1,node11exit_node12exit
C_node11node12_timber_t2,node11exit_node12exit
M_node11node12_timber_t2,node11exit_node12exit
U_node11node12_t2,node11exit_node12exit
C_node11node12_timber_t3,node11exit_node12exit
M_node11node12_timber_t3,node11exit_node12exit
U_node11node12_t3,node11exit_node12exit
C_node11node12_timber_t4,node11exit_node12exit
M_node11node12_timber_t4,node11exit_node12exit
U_node11node12_t4,node11exit_node12exit
C_node11node12_timber_t5,node11exit_node12exit
M_node11node12_timber_t5,node11exit_node12exit
U_node11node12_t5,node11exit_node12exit
C_node11node12_wide_t0,node11exit_node12exit
M_node11node12_wide_t0,node11exit_node12exit
C_node11node12_wide_t1,node11exit_node12exit
M_node11node12_wide_t1,node11exit_node12exit
C_node11node12_wide_t2,node11exit_node12exit
M_node11node12_wide_t2,node11exit_node12exit
C_node11node12_wide_t3,node11exit_node12exit
M_node11node12_wide_t3,node11exit_node12exit
C_node11node12_wide_t4,node11exit_node12exit
M_node11node12_wide_t4,node11exit_node12exit
C_node11node12_wide_t5,node11exit_node12exit
M_node11node12_wide_t5,node11exit_node12exit
flow_timber_node1node10_t1,node1transit_node10transit
flow_timber_node1node10_t2,node1transit_node10transit
flow_timber_node1node10_t3,node1transit_node10transit
flow_timber_node1node10_t4,node1transit_node10transit
flow_timber_node1node10_t5,node1transit_node10transit
flow_wide_node1node10_t1,node1transit_node10transit
flow_wide_node1node10_t2,node1transit_node10transit
flow_wide_node1node10_t3,node1transit_node10transit
flow_wide_node1node10_t4,node1transit_node10transit
flow_wide_node1node10_t5,node1transit_node10transit
flow_timber_node1node9_t1,node1transit_node9transit
flow_timber_node1node9_t2,node1transit_node9transit
flow_timber_node1node9_t3,node1transit_node9transit
flow_timber_node1node9_t4,node1transit_node9transit
flow_timber_node1node9_t5,node1transit_node9transit
flow_wide_node1node9_t1,node1transit_node9transit
flow_wide_node1node9_t2,node1transit_node9transit
flow_wide_node1node9_t3,node1transit_node9transit
flow_wide_node1node9_t4,node1transit_node9transit
flow_wide_node1node9_t5,node1transit_node9transit
flow_timber_node1node4_t1,node1transit_node4transit
flow_timber_node1node4_t2,node1transit_node4transit
flow_timber_node1node4_t3,node1transit_node4transit
flow_timber_node1node4_t4,node1transit_node4transit
flow_timber_node1node4_t5,node1transit_node4transit
flow_wide_node1node4_t1,node1transit_node4transit
flow_wide_node1node4_t2,node1transit_node4transit
flow_wide_node1node4_t3,node1transit_node4transit
flow_wide_node1node4_t4,node1transit_node4transit
flow_wide_node1node4_t5,node1transit_node4transit
flow_timber_node1node15_t1,node1transit_node15source
flow_timber_node1node15_t2,node1transit_node15source
flow_timber_node1node15_t3,node1transit_node15source
flow_timber_node1node15_t4,node1transit_node15source
flow_timber_node1node15_t5,node1transit_node15source
flow_wide_node1node15_t1,node1transit_node15source
flow_wide_node1node15_t2,node1transit_node15source
flow_wide_node1node15_t3,node1transit_node15source
flow_wide_node1node15_t4,node1transit_node15source
flow_wide_node1node15_t5,node1transit_node15source
flow_timber_node10node1_t1,node10transit_node1transit
flow_timber_node10node1_t2,node10transit_node1transit
flow_timber_node10node1_t3,node10transit_node1transit
flow_timber_node10node1_t4,node10transit_node1transit
flow_timber_node10node1_t5,node10transit_node1transit
flow_wide_node10node1_t1,node10transit_node1transit
flow_wide_node10node1_t2,node10transit_node1transit
flow_wide_node10node1_t3,node10transit_node1transit
flow_wide_node10node1_t4,node10transit_node1transit
flow_wide_node10node1_t5,node10transit_node1transit
flow_timber_node10node5_t1,node10transit_node5transit
flow_timber_node10node5_t2,node10transit_node5transit
flow_timber_node10node5_t3,node10transit_node5transit
flow_timber_node10node5_t4,node10transit_node5transit
flow_timber_node10node5_t5,node10transit_node5transit
flow_wide_node10node5_t1,node10transit_node5transit
flow_wide_node10node5_t2,node10transit_node5transit
flow_wide_node10node5_t3,node10transit_node5transit
flow_wide_node10node5_t4,node10transit_node5transit
flow_wide_node10node5_t5,node10transit_node5transit
flow_timber_node10node6_t1,node10transit_node6transit
flow_timber_node10node6_t2,node10transit_node6transit
flow_timber_node10node6_t3,node10transit_node6transit
flow_timber_node10node6_t4,node10transit_node6transit
flow_timber_node10node6_t5,node10transit_node6transit
flow_wide_node10node6_t1,node10transit_node6transit
flow_wide_node10node6_t2,node10transit_node6transit
flow_wide_node10node6_t3,node10transit_node6transit
flow_wide_node10node6_t4,node10transit_node6transit
flow_wide_node10node6_t5,node10transit_node6transit
flow_timber_node10node14_t1,node10transit_node14source
flow_timber_node10node14_t2,node10transit_node14source
flow_timber_node10node14_t3,node10transit_node14source
flow_timber_node10node14_t4,node10transit_node14source
flow_timber_node10node14_t5,node10transit_node14source
flow_wide_node10node14_t1,node10transit_node14source
flow_wide_node10node14_t2,node10transit_node14source
flow_wide_node10node14_t3,node10transit_node14source
flow_wide_node10node14_t4,node10transit_node14source
flow_wide_node10node14_t5,node10transit_node14source
flow_timber_node10node15_t1,node10transit_node15source
flow_timber_node10node15_t2,node10transit_node15source
flow_timber_node10node15_t3,node10transit_node15source
flow_timber_node10node15_t4,node10transit_node15source
flow_timber_node10node15_t5,node10transit_node15source
flow_wide_node10node15_t1,node10transit_node15source
flow_wide_node10node15_t2,node10transit_node15source
flow_wide_node10node15_t3,node10transit_node15source
flow_wide_node10node15_t4,node10transit_node15source
flow_wide_node10node15_t5,node10transit_node15source
flow_timber_node9node1_t1,node9transit_node1transit
flow_timber_node9node1_t2,node9transit_node1transit
flow_timber_node9node1_t3,node9transit_node1transit
flow_timber_node9node1_t4,node9transit_node1transit
flow_timber_node9node1_t5,node9transit_node1transit
flow_wide_node9node1_t1,node9transit_node1transit
flow_wide_node9node1_t2,node9transit_node1transit
flow_wide_node9node1_t3,node9transit_node1transit
flow_wide_node9node1_t4,node9transit_node1transit
flow_wide_node9node1_t5,node9transit_node1transit
flow_timber_node9node8_t1,node9transit_node8exit
flow_timber_node9node8_t2,node9transit_node8exit
flow_timber_node9node8_t3,node9transit_node8exit
flow_timber_node9node8_t4,node9transit_node8exit
flow_timber_node9node8_t5,node9transit_node8exit
flow_wide_node9node8_t1,node9transit_node8exit
flow_wide_node9node8_t2,node9transit_node8exit
flow_wide_node9node8_t3,node9transit_node8exit
flow_wide_node9node8_t4,node9transit_node8exit
flow_wide_node9node8_t5,node9transit_node8exit
flow_timber_node9node12_t1,node9transit_node12exit
flow_timber_node9node12_t2,node9transit_node12exit
flow_timber_node9node12_t3,node9transit_node12exit
flow_timber_node9node12_t4,node9transit_node12exit
flow_timber_node9node12_t5,node9transit_node12exit
flow_wide_node9node12_t1,node9transit_node12exit
flow_wide_node9node12_t2,node9transit_node12exit
flow_wide_node9node12_t3,node9transit_node12exit
flow_wide_node9node12_t4,node9transit_node12exit
flow_wide_node9node12_t5,node9transit_node12exit
flow_timber_node4node1_t1,node4transit_node1transit
flow_timber_node4node1_t2,node4transit_node1transit
flow_timber_node4node1_t3,node4transit_node1transit
flow_timber_node4node1_t4,node4transit_node1transit
flow_timber_node4node1_t5,node4transit_node1transit
flow_wide_node4node1_t1,node4transit_node1transit
flow_wide_node4node1_t2,node4transit_node1transit
flow_wide_node4node1_t3,node4transit_node1transit
flow_wide_node4node1_t4,node4transit_node1transit
flow_wide_node4node1_t5,node4transit_node1transit
flow_timber_node4node7_t1,node4transit_node7transit
flow_timber_node4node7_t2,node4transit_node7transit
flow_timber_node4node7_t3,node4transit_node7transit
flow_timber_node4node7_t4,node4transit_node7transit
flow_timber_node4node7_t5,node4transit_node7transit
flow_wide_node4node7_t1,node4transit_node7transit
flow_wide_node4node7_t2,node4transit_node7transit
flow_wide_node4node7_t3,node4transit_node7transit
flow_wide_node4node7_t4,node4transit_node7transit
flow_wide_node4node7_t5,node4transit_node7transit
flow_timber_node4node11_t1,node4transit_node11exit
flow_timber_node4node11_t2,node4transit_node11exit
flow_timber_node4node11_t3,node4transit_node11exit
flow_timber_node4node11_t4,node4transit_node11exit
flow_timber_node4node11_t5,node4transit_node11exit
flow_wide_node4node11_t1,node4transit_node11exit
flow_wide_node4node11_t2,node4transit_node11exit
flow_wide_node4node11_t3,node4transit_node11exit
flow_wide_node4node11_t4,node4transit_node11exit
flow_wide_node4node11_t5,node4transit_node11exit
flow_timber_node4node15_t1,node4transit_node15source
flow_timber_node4node15_t2,node4transit_node15source
flow_timber_node4node15_t3,node4transit_node15source
flow_timber_node4node15_t4,node4transit_node15source
flow_timber_node4node15_t5,node4transit_node15source
flow_wide_node4node15_t1,node4transit_node15source
flow_wide_node4node15_t2,node4transit_node15source
flow_wide_node4node15_t3,node4transit_node15source
flow_wide_node4node15_t4,node4transit_node15source
flow_wide_node4node15_t5,node4transit_node15source
flow_timber_node15node1_t1,node15source_node1transit
flow_timber_node15node1_t2,node15source_node1transit
flow_timber_node15node1_t3,node15source_node1transit
flow_timber_node15node1_t4,node15source_node1transit
flow_timber_node15node1_t5,node15source_node1transit
flow_wide_node15node1_t1,node15source_node1transit
flow_wide_node15node1_t2,node15source_node1transit
flow_wide_node15node1_t3,node15source_node1transit
flow_wide_node15node1_t4,node15source_node1transit
flow_wide_node15node1_t5,node15source_node1transit
flow_timber_node15node4_t1,node15source_node4transit
flow_timber_node15node4_t2,node15source_node4transit
flow_timber_node15node4_t3,node15source_node4transit
flow_timber_node15node4_t4,node15source_node4transit
flow_timber_node15node4_t5,node15source_node4transit
flow_wide_node15node4_t1,node15source_node4transit
flow_wide_node15node4_t2,node15source_node4transit
flow_wide_node15node4_t3,node15source_node4transit
flow_wide_node15node4_t4,node15source_node4transit
flow_wide_node15node4_t5,node15source_node4transit
flow_timber_node15node5_t1,node15source_node5transit
flow_timber_node15node5_t2,node15source_node5transit
flow_timber_node15node5_t3,node15source_node5transit
flow_timber_node15node5_t4,node15source_node5transit
flow_timber_node15node5_t5,node15source_node5transit
flow_wide_node15node5_t1,node15source_node5transit
flow_wide_node15node5_t2,node15source_node5transit
flow_wide_node15node5_t3,node15source_node5transit
flow_wide_node15node5_t4,node15source_node5transit
flow_wide_node15node5_t5,node15source_node5transit
flow_timber_node15node7_t1,node15source_node7transit
flow_timber_node15node7_t2,node15source_node7transit
flow_timber_node15node7_t3,node15source_node7transit
flow_timber_node15node7_t4,node15source_node7transit
flow_timber_node15node7_t5,node15source_node7transit
flow_wide_node15node7_t1,node15source_node7transit
flow_wide_node15node7_t2,node15source_node7transit
flow_wide_node15node7_t3,node15source_node7transit
flow_wide_node15node7_t4,node15source_node7transit
flow_wide_node15node7_t5,node15source_node7transit
flow_timber_node15node10_t1,node15source_node10transit
flow_timber_node15node10_t2,node15source_node10transit
flow_timber_node15node10_t3,node15source_node10transit
flow_timber_node15node10_t4,node15source_node10transit
flow_timber_node15node10_t5,node15source_node10transit
flow_wide_node15node10_t1,node15source_node10transit
flow_wide_node15node10_t2,node15source_node10transit
flow_wide_node15node10_t3,node15source_node10transit
flow_wide_node15node10_t4,node15source_node10transit
flow_wide_node15node10_t5,node15source_node10transit
flow_timber_node2node5_t1,node2transit_node5transit
flow_timber_node2node5_t2,node2transit_node5transit
flow_timber_node2node5_t3,node2transit_node5transit
flow_timber_node2node5_t4,node2transit_node5transit
flow_timber_node2node5_t5,node2transit_node5transit
flow_wide_node2node5_t1,node2transit_node5transit
flow_wide_node2node5_t2,node2transit_node5transit
flow_wide_node2node5_t3,node2transit_node5transit
flow_wide_node2node5_t4,node2transit_node5transit
flow_wide_node2node5_t5,node2transit_node5transit
flow_timber_node2node3_t1,node2transit_node3exit
flow_timber_node2node3_t2,node2transit_node3exit
flow_timber_node2node3_t3,node2transit_node3exit
flow_timber_node2node3_t4,node2transit_node3exit
flow_timber_node2node3_t5,node2transit_node3exit
flow_wide_node2node3_t1,node2transit_node3exit
flow_wide_node2node3_t2,node2transit_node3exit
flow_wide_node2node3_t3,node2transit_node3exit
flow_wide_node2node3_t4,node2transit_node3exit
flow_wide_node2node3_t5,node2transit_node3exit
flow_timber_node2node6_t1,node2transit_node6transit
flow_timber_node2node6_t2,node2transit_node6transit
flow_timber_node2node6_t3,node2transit_node6transit
flow_timber_node2node6_t4,node2transit_node6transit
flow_timber_node2node6_t5,node2transit_node6transit
flow_wide_node2node6_t1,node2transit_node6transit
flow_wide_node2node6_t2,node2transit_node6transit
flow_wide_node2node6_t3,node2transit_node6transit
flow_wide_node2node6_t4,node2transit_node6transit
flow_wide_node2node6_t5,node2transit_node6transit
flow_timber_node2node14_t1,node2transit_node14source
flow_timber_node2node14_t2,node2transit_node14source
flow_timber_node2node14_t3,node2transit_node14source
flow_timber_node2node14_t4,node2transit_node14source
flow_timber_node2node14_t5,node2transit_node14source
flow_wide_node2node14_t1,node2transit_node14source
flow_wide_node2node14_t2,node2transit_node14source
flow_wide_node2node14_t3,node2transit_node14source
flow_wide_node2node14_t4,node2transit_node14source
flow_wide_node2node14_t5,node2transit_node14source
flow_timber_node5node2_t1,node5transit_node2transit
flow_timber_node5node2_t2,node5transit_node2transit
flow_timber_node5node2_t3,node5transit_node2transit
flow_timber_node5node2_t4,node5transit_node2transit
flow_timber_node5node2_t5,node5transit_node2transit
flow_wide_node5node2_t1,node5transit_node2transit
flow_wide_node5node2_t2,node5transit_node2transit
flow_wide_node5node2_t3,node5transit_node2transit
flow_wide_node5node2_t4,node5transit_node2transit
flow_wide_node5node2_t5,node5transit_node2transit
flow_timber_node5node7_t1,node5transit_node7transit
flow_timber_node5node7_t2,node5transit_node7transit
flow_timber_node5node7_t3,node5transit_node7transit
flow_timber_node5node7_t4,node5transit_node7transit
flow_timber_node5node7_t5,node5transit_node7transit
flow_wide_node5node7_t1,node5transit_node7transit
flow_wide_node5node7_t2,node5transit_node7transit
flow_wide_node5node7_t3,node5transit_node7transit
flow_wide_node5node7_t4,node5transit_node7transit
flow_wide_node5node7_t5,node5transit_node7transit
flow_timber_node5node10_t1,node5transit_node10transit
flow_timber_node5node10_t2,node5transit_node10transit
flow_timber_node5node10_t3,node5transit_node10transit
flow_timber_node5node10_t4,node5transit_node10transit
flow_timber_node5node10_t5,node5transit_node10transit
flow_wide_node5node10_t1,node5transit_node10transit
flow_wide_node5node10_t2,node5transit_node10transit
flow_wide_node5node10_t3,node5transit_node10transit
flow_wide_node5node10_t4,node5transit_node10transit
flow_wide_node5node10_t5,node5transit_node10transit
flow_timber_node5node14_t1,node5transit_node14source
flow_timber_node5node14_t2,node5transit_node14source
flow_timber_node5node14_t3,node5transit_node14source
flow_timber_node5node14_t4,node5transit_node14source
flow_timber_node5node14_t5,node5transit_node14source
flow_wide_node5node14_t1,node5transit_node14source
flow_wide_node5node14_t2,node5transit_node14source
flow_wide_node5node14_t3,node5transit_node14source
flow_wide_node5node14_t4,node5transit_node14source
flow_wide_node5node14_t5,node5transit_node14source
flow_timber_node5node15_t1,node5transit_node15source
flow_timber_node5node15_t2,node5transit_node15source
flow_timber_node5node15_t3,node5transit_node15source
flow_timber_node5node15_t4,node5transit_node15source
flow_timber_node5node15_t5,node5transit_node15source
flow_wide_node5node15_t1,node5transit_node15source
flow_wide_node5node15_t2,node5transit_node15source
flow_wide_node5node15_t3,node5transit_node15source
flow_wide_node5node15_t4,node5transit_node15source
flow_wide_node5node15_t5,node5transit_node15source
flow_timber_node3node2_t1,node3exit_node2transit
flow_timber_node3node2_t2,node3exit_node2transit
flow_timber_node3node2_t3,node3exit_node2transit
flow_timber_node3node2_t4,node3exit_node2transit
flow_timber_node3node2_t5,node3exit_node2transit
flow_wide_node3node2_t1,node3exit_node2transit
flow_wide_node3node2_t2,node3exit_node2transit
flow_wide_node3node2_t3,node3exit_node2transit
flow_wide_node3node2_t4,node3exit_node2transit
flow_wide_node3node2_t5,node3exit_node2transit
flow_timber_node3node6_t1,node3exit_node6transit
flow_timber_node3node6_t2,node3exit_node6transit
flow_timber_node3node6_t3,node3exit_node6transit
flow_timber_node3node6_t4,node3exit_node6transit
flow_timber_node3node6_t5,node3exit_node6transit
flow_wide_node3node6_t1,node3exit_node6transit
flow_wide_node3node6_t2,node3exit_node6transit
flow_wide_node3node6_t3,node3exit_node6transit
flow_wide_node3node6_t4,node3exit_node6transit
flow_wide_node3node6_t5,node3exit_node6transit
flow_timber_node6node2_t1,node6transit_node2transit
flow_timber_node6node2_t2,node6transit_node2transit
flow_timber_node6node2_t3,node6transit_node2transit
flow_timber_node6node2_t4,node6transit_node2transit
flow_timber_node6node2_t5,node6transit_node2transit
flow_wide_node6node2_t1,node6transit_node2transit
flow_wide_node6node2_t2,node6transit_node2transit
flow_wide_node6node2_t3,node6transit_node2transit
flow_wide_node6node2_t4,node6transit_node2transit
flow_wide_node6node2_t5,node6transit_node2transit
flow_timber_node6node3_t1,node6transit_node3exit
flow_timber_node6node3_t2,node6transit_node3exit
flow_timber_node6node3_t3,node6transit_node3exit
flow_timber_node6node3_t4,node6transit_node3exit
flow_timber_node6node3_t5,node6transit_node3exit
flow_wide_node6node3_t1,node6transit_node3exit
flow_wide_node6node3_t2,node6transit_node3exit
flow_wide_node6node3_t3,node6transit_node3exit
flow_wide_node6node3_t4,node6transit_node3exit
flow_wide_node6node3_t5,node6transit_node3exit
flow_timber_node6node10_t1,node6transit_node10transit
flow_timber_node6node10_t2,node6transit_node10transit
flow_timber_node6node10_t3,node6transit_node10transit
flow_timber_node6node10_t4,node6transit_node10transit
flow_timber_node6node10_t5,node6transit_node10transit
flow_wide_node6node10_t1,node6transit_node10transit
flow_wide_node6node10_t2,node6transit_node10transit
flow_wide_node6node10_t3,node6transit_node10transit
flow_wide_node6node10_t4,node6transit_node10transit
flow_wide_node6node10_t5,node6transit_node10transit
flow_timber_node6node14_t1,node6transit_node14source
flow_timber_node6node14_t2,node6transit_node14source
flow_timber_node6node14_t3,node6transit_node14source
flow_timber_node6node14_t4,node6transit_node14source
flow_timber_node6node14_t5,node6transit_node14source
flow_wide_node6node14_t1,node6transit_node14source
flow_wide_node6node14_t2,node6transit_node14source
flow_wide_node6node14_t3,node6transit_node14source
flow_wide_node6node14_t4,node6transit_node14source
flow_wide_node6node14_t5,node6transit_node14source
flow_timber_node14node2_t1,node14source_node2transit
flow_timber_node14node2_t2,node14source_node2transit
flow_timber_node14node2_t3,node14source_node2transit
flow_timber_node14node2_t4,node14source_node2transit
flow_timber_node14node2_t5,node14source_node2transit
flow_wide_node14node2_t1,node14source_node2transit
flow_wide_node14node2_t2,node14source_node2transit
flow_wide_node14node2_t3,node14source_node2transit
flow_wide_node14node2_t4,node14source_node2transit
flow_wide_node14node2_t5,node14source_node2transit
flow_timber_node14node5_t1,node14source_node5transit
flow_timber_node14node5_t2,node14source_node5transit
flow_timber_node14node5_t3,node14source_node5transit
flow_timber_node14node5_t4,node14source_node5transit
flow_timber_node14node5_t5,node14source_node5transit
flow_wide_node14node5_t1,node14source_node5transit
flow_wide_node14node5_t2,node14source_node5transit
flow_wide_node14node5_t3,node14source_node5transit
flow_wide_node14node5_t4,node14source_node5transit
flow_wide_node14node5_t5,node14source_node5transit
flow_timber_node14node6_t1,node14source_node6transit
flow_timber_node14node6_t2,node14source_node6transit
flow_timber_node14node6_t3,node14source_node6transit
flow_timber_node14node6_t4,node14source_node6transit
flow_timber_node14node6_t5,node14source_node6transit
flow_wide_node14node6_t1,node14source_node6transit
flow_wide_node14node6_t2,node14source_node6transit
flow_wide_node14node6_t3,node14source_node6transit
flow_wide_node14node6_t4,node14source_node6transit
flow_wide_node14node6_t5,node14source_node6transit
flow_timber_node14node10_t1,node14source_node10transit
flow_timber_node14node10_t2,node14source_node10transit
flow_timber_node14node10_t3,node14source_node10transit
flow_timber_node14node10_t4,node14source_node10transit
flow_timber_node14node10_t5,node14source_node10transit
flow_wide_node14node10_t1,node14source_node10transit
flow_wide_node14node10_t2,node14source_node10transit
flow_wide_node14node10_t3,node14source_node10transit
flow_wide_node14node10_t4,node14source_node10transit
flow_wide_node14node10_t5,node14source_node10transit
flow_timber_node7node4_t1,node7transit_node4transit
flow_timber_node7node4_t2,node7transit_node4transit
flow_timber_node7node4_t3,node7transit_node4transit
flow_timber_node7node4_t4,node7transit_node4transit
flow_timber_node7node4_t5,node7transit_node4transit
flow_wide_node7node4_t1,node7transit_node4transit
flow_wide_node7node4_t2,node7transit_node4transit
flow_wide_node7node4_t3,node7transit_node4transit
flow_wide_node7node4_t4,node7transit_node4transit
flow_wide_node7node4_t5,node7transit_node4transit
flow_timber_node7node5_t1,node7transit_node5transit
flow_timber_node7node5_t2,node7transit_node5transit
flow_timber_node7node5_t3,node7transit_node5transit
flow_timber_node7node5_t4,node7transit_node5transit
flow_timber_node7node5_t5,node7transit_node5transit
flow_wide_node7node5_t1,node7transit_node5transit
flow_wide_node7node5_t2,node7transit_node5transit
flow_wide_node7node5_t3,node7transit_node5transit
flow_wide_node7node5_t4,node7transit_node5transit
flow_wide_node7node5_t5,node7transit_node5transit
flow_timber_node7node13_t1,node7transit_node13exit
flow_timber_node7node13_t2,node7transit_node13exit
flow_timber_node7node13_t3,node7transit_node13exit
flow_timber_node7node13_t4,node7transit_node13exit
flow_timber_node7node13_t5,node7transit_node13exit
flow_wide_node7node13_t1,node7transit_node13exit
flow_wide_node7node13_t2,node7transit_node13exit
flow_wide_node7node13_t3,node7transit_node13exit
flow_wide_node7node13_t4,node7transit_node13exit
flow_wide_node7node13_t5,node7transit_node13exit
flow_timber_node7node15_t1,node7transit_node15source
flow_timber_node7node15_t2,node7transit_node15source
flow_timber_node7node15_t3,node7transit_node15source
flow_timber_node7node15_t4,node7transit_node15source
flow_timber_node7node15_t5,node7transit_node15source
flow_wide_node7node15_t1,node7transit_node15source
flow_wide_node7node15_t2,node7transit_node15source
flow_wide_node7node15_t3,node7transit_node15source
flow_wide_node7node15_t4,node7transit_node15source
flow_wide_node7node15_t5,node7transit_node15source
flow_timber_node11node4_t1,node11exit_node4transit
flow_timber_node11node4_t2,node11exit_node4transit
flow_timber_node11node4_t3,node11exit_node4transit
flow_timber_node11node4_t4,node11exit_node4transit
flow_timber_node11node4_t5,node11exit_node4transit
flow_wide_node11node4_t1,node11exit_node4transit
flow_wide_node11node4_t2,node11exit_node4transit
flow_wide_node11node4_t3,node11exit_node4transit
flow_wide_node11node4_t4,node11exit_node4transit
flow_wide_node11node4_t5,node11exit_node4transit
flow_timber_node11node12_t1,node11exit_node12exit
flow_timber_node11node12_t2,node11exit_node12exit
flow_timber_node11node12_t3,node11exit_node12exit
flow_timber_node11node12_t4,node11exit_node12exit
flow_timber_node11node12_t5,node11exit_node12exit
flow_wide_node11node12_t1,node11exit_node12exit
flow_wide_node11node12_t2,node11exit_node12exit
flow_wide_node11node12_t3,node11exit_node12exit
flow_wide_node11node12_t4,node11exit_node12exit
flow_wide_node11node12_t5,node11exit_node12exit
flow_timber_node13node7_t1,node13exit_node7transit
flow_timber_node13node7_t2,node13exit_node7transit
flow_timber_node13node7_t3,node13exit_node7transit
flow_timber_node13node7_t4,node13exit_node7transit
flow_timber_node13node7_t5,node13exit_node7transit
flow_wide_node13node7_t1,node13exit_node7transit
flow_wide_node13node7_t2,node13exit_node7transit
flow_wide_node13node7_t3,node13exit_node7transit
flow_wide_node13node7_t4,node13exit_node7transit
flow_wide_node13node7_t5,node13exit_node7transit
flow_timber_node13node8_t1,node13exit_node8exit
flow_timber_node13node8_t2,node13exit_node8exit
flow_timber_node13node8_t3,node13exit_node8exit
flow_timber_node13node8_t4,node13exit_node8exit
flow_timber_node13node8_t5,node13exit_node8exit
flow_wide_node13node8_t1,node13exit_node8exit
flow_wide_node13node8_t2,node13exit_node8exit
flow_wide_node13node8_t3,node13exit_node8exit
flow_wide_node13node8_t4,node13exit_node8exit
flow_wide_node13node8_t5,node13exit_node8exit
flow_timber_node8node9_t1,node8exit_node9transit
flow_timber_node8node9_t2,node8exit_node9transit
flow_timber_node8node9_t3,node8exit_node9transit
flow_timber_node8node9_t4,node8exit_node9transit
flow_timber_node8node9_t5,node8exit_node9transit
flow_wide_node8node9_t1,node8exit_node9transit
flow_wide_node8node9_t2,node8exit_node9transit
flow_wide_node8node9_t3,node8exit_node9transit
flow_wide_node8node9_t4,node8exit_node9transit
flow_wide_node8node9_t5,node8exit_node9transit
flow_timber_node8node13_t1,node8exit_node13exit
flow_timber_node8node13_t2,node8exit_node13exit
flow_timber_node8node13_t3,node8exit_node13exit
flow_timber_node8node13_t4,node8exit_node13exit
flow_timber_node8node13_t5,node8exit_node13exit
flow_wide_node8node13_t1,node8exit_node13exit
flow_wide_node8node13_t2,node8exit_node13exit
flow_wide_node8node13_t3,node8exit_node13exit
flow_wide_node8node13_t4,node8exit_node13exit
flow_wide_node8node13_t5,node8exit_node13exit
flow_timber_node12node9_t1,node12exit_node9transit
flow_timber_node12node9_t2,node12exit_node9transit
flow_timber_node12node9_t3,node12exit_node9transit
flow_timber_node12node9_t4,node12exit_node9transit
flow_timber_node12node9_t5,node12exit_node9transit
flow_wide_node12node9_t1,node12exit_node9transit
flow_wide_node12node9_t2,node12exit_node9transit
flow_wide_node12node9_t3,node12exit_node9transit
flow_wide_node12node9_t4,node12exit_node9transit
flow_wide_node12node9_t5,node12exit_node9transit
flow_timber_node12node11_t1,node12exit_node11exit
flow_timber_node12node11_t2,node12exit_node11exit
flow_timber_node12node11_t3,node12exit_node11exit
flow_timber_node12node11_t4,node12exit_node11exit
flow_timber_node12node11_t5,node12exit_node11exit
flow_wide_node12node11_t1,node12exit_node11exit
flow_wide_node12node11_t2,node12exit_node11exit
flow_wide_node12node11_t3,node12exit_node11exit
flow_wide_node12node11_t4,node12exit_node11exit
flow_wide_node12node11_t5,node12exit_node11exit
