variable,value,node_type_info
C_node1node79_timber_t1,1.0,node1transit_node79transit
C_node1node62_timber_t1,1.0,node1transit_node62transit
C_node1node119_timber_t1,1.0,node1transit_node119source
C_node1node144_timber_t1,1.0,node1transit_node144source
C_node2node119_timber_t1,1.0,node2transit_node119source
C_node3node87_timber_t1,1.0,node3transit_node87transit
C_node3node119_timber_t1,1.0,node3transit_node119source
C_node3node122_timber_t1,1.0,node3transit_node122source
C_node3node123_timber_t1,1.0,node3transit_node123source
C_node4node91_timber_t5,1.9342552251247164e-13,node4transit_node91transit
C_node4node88_timber_t5,-1.9342552251247164e-13,node4transit_node88transit
C_node4node133_timber_t1,1.0,node4transit_node133source
C_node4node137_timber_t1,1.0,node4transit_node137source
C_node5node145_timber_t1,1.0,node5transit_node145source
C_node6node140_timber_t1,1.0,node6transit_node140source
C_node7node58_timber_t1,1.0,node7transit_node58transit
C_node7node115_timber_t1,1.0,node7transit_node115exit
C_node8node77_timber_t1,1.0,node8transit_node77transit
C_node8node18_timber_t1,1.0,node8transit_node18transit
C_node8node132_wide_t1,1.0,node8transit_node132source
C_node8node132_wide_t4,1.0,node8transit_node132source
C_node8node139_timber_t1,1.0,node8transit_node139source
C_node8node140_timber_t1,1.0,node8transit_node140source
C_node8node141_timber_t1,1.0,node8transit_node141source
C_node9node54_timber_t1,1.0,node9exit_node54transit
C_node10node129_timber_t1,1.0,node10transit_node129source
C_node10node129_timber_t3,1.0,node10transit_node129source
C_node10node138_timber_t1,1.0,node10transit_node138source
C_node10node142_timber_t1,1.0,node10transit_node142source
C_node11node143_timber_t1,1.0,node11transit_node143source
C_node12node64_timber_t1,1.0,node12transit_node64transit
C_node12node36_timber_t1,1.0,node12transit_node36transit
C_node12node138_timber_t1,1.0,node12transit_node138source
C_node12node139_timber_t1,1.0,node12transit_node139source
C_node13node122_timber_t1,1.0,node13transit_node122source
C_node13node123_timber_t1,1.0,node13transit_node123source
C_node14node79_timber_t5,1.212363542890671e-13,node14transit_node79transit
C_node14node144_timber_t1,1.0,node14transit_node144source
C_node15node143_timber_t1,1.0,node15transit_node143source
C_node16node118_timber_t1,1.0,node16transit_node118source
C_node17node140_timber_t1,1.0,node17transit_node140source
C_node17node141_timber_t1,1.0,node17transit_node141source
C_node18node19_timber_t1,1.0,node18transit_node19transit
C_node18node131_timber_t1,1.0,node18transit_node131source
C_node18node132_timber_t4,1.0,node18transit_node132source
C_node18node132_wide_t1,1.0,node18transit_node132source
C_node18node139_timber_t1,1.0,node18transit_node139source
C_node19node50_timber_t1,1.0,node19transit_node50transit
C_node19node130_timber_t1,1.0,node19transit_node130source
C_node19node131_timber_t1,1.0,node19transit_node131source
C_node19node132_wide_t1,1.0,node19transit_node132source
C_node19node132_wide_t4,1.0,node19transit_node132source
C_node20node42_timber_t1,1.0,node20transit_node42transit
C_node20node145_timber_t1,1.0,node20transit_node145source
C_node21node127_timber_t1,1.0,node21transit_node127source
C_node22node121_timber_t1,1.0,node22transit_node121source
C_node22node123_timber_t1,1.0,node22transit_node123source
C_node24node55_timber_t1,1.0,node24transit_node55transit
C_node24node31_timber_t1,1.0,node24transit_node31transit
C_node24node61_timber_t1,1.0,node24transit_node61transit
C_node24node118_timber_t1,1.0,node24transit_node118source
C_node24node119_timber_t1,1.0,node24transit_node119source
C_node26node119_timber_t1,1.0,node26transit_node119source
C_node28node30_timber_t1,1.0,node28transit_node30transit
C_node28node68_wide_t1,1.0,node28transit_node68transit
C_node28node59_wide_t1,1.0,node28transit_node59transit
C_node28node134_timber_t1,1.0,node28transit_node134source
C_node28node134_timber_t3,1.0,node28transit_node134source
C_node29node127_timber_t1,1.0,node29transit_node127source
C_node29node134_timber_t1,1.0,node29transit_node134source
C_node29node134_timber_t3,1.0,node29transit_node134source
C_node30node90_timber_t1,1.0,node30transit_node90transit
C_node30node134_timber_t1,1.0,node30transit_node134source
C_node30node135_timber_t1,1.0,node30transit_node135source
C_node31node49_timber_t1,1.0,node31transit_node49exit
C_node31node118_timber_t1,1.0,node31transit_node118source
C_node32node136_timber_t1,1.0,node32transit_node136source
C_node33node137_timber_t1,1.0,node33transit_node137source
C_node34node126_timber_t1,1.0,node34transit_node126source
C_node34node129_timber_t1,1.0,node34transit_node129source
C_node34node142_timber_t1,1.0,node34transit_node142source
C_node36node52_timber_t1,1.0,node36transit_node52transit
C_node36node138_timber_t1,1.0,node36transit_node138source
C_node36node139_timber_t1,1.0,node36transit_node139source
C_node36node142_wide_t1,1.0,node36transit_node142source
C_node37node56_timber_t1,1.0,node37transit_node56transit
C_node37node52_timber_t1,1.0,node37transit_node52transit
C_node37node126_timber_t1,1.0,node37transit_node126source
C_node37node130_timber_t1,1.0,node37transit_node130source
C_node37node142_timber_t1,1.0,node37transit_node142source
C_node38node130_timber_t1,1.0,node38transit_node130source
C_node38node131_timber_t1,1.0,node38transit_node131source
C_node38node139_timber_t1,1.0,node38transit_node139source
C_node39node145_timber_t1,1.0,node39transit_node145source
C_node40node42_timber_t1,1.0,node40transit_node42transit
C_node40node80_timber_t1,1.0,node40transit_node80transit
C_node40node124_timber_t1,1.0,node40transit_node124source
C_node40node125_timber_t1,1.0,node40transit_node125source
C_node41node96_timber_t1,1.0,node41transit_node96transit
C_node41node119_timber_t1,1.0,node41transit_node119source
C_node41node136_timber_t1,1.0,node41transit_node136source
C_node42node124_timber_t1,1.0,node42transit_node124source
C_node43node135_timber_t1,1.0,node43transit_node135source
C_node43node135_timber_t3,1.0,node43transit_node135source
C_node44node139_wide_t1,1.0,node44transit_node139source
C_node44node141_timber_t1,1.0,node44transit_node141source
C_node45node137_timber_t1,1.0,node45transit_node137source
C_node45node137_timber_t4,1.0,node45transit_node137source
C_node45node140_timber_t1,1.0,node45transit_node140source
C_node46node128_timber_t1,1.0,node46transit_node128source
C_node50node54_timber_t1,1.0,node50transit_node54transit
C_node50node130_timber_t1,1.0,node50transit_node130source
C_node50node132_wide_t1,1.0,node50transit_node132source
C_node50node132_wide_t3,1.0,node50transit_node132source
C_node51node62_timber_t1,1.0,node51transit_node62transit
C_node51node62_timber_t3,1.212363542890671e-13,node51transit_node62transit
C_node51node62_timber_t4,-1.212363542890671e-13,node51transit_node62transit
C_node51node61_timber_t1,1.0,node51transit_node61transit
C_node51node119_timber_t1,1.0,node51transit_node119source
C_node51node120_timber_t1,1.0,node51transit_node120source
C_node52node130_timber_t1,1.0,node52transit_node130source
C_node52node139_timber_t1,1.0,node52transit_node139source
C_node52node142_timber_t1,1.0,node52transit_node142source
C_node53node104_timber_t1,1.0,node53transit_node104exit
C_node53node128_timber_t1,1.0,node53transit_node128source
C_node54node130_timber_t1,1.0,node54transit_node130source
C_node55node87_timber_t1,1.0,node55transit_node87transit
C_node55node119_timber_t1,1.0,node55transit_node119source
C_node55node121_timber_t1,1.0,node55transit_node121source
C_node56node126_timber_t1,1.0,node56transit_node126source
C_node56node129_timber_t1,1.0,node56transit_node129source
C_node56node129_wide_t3,1.0,node56transit_node129source
C_node56node130_timber_t1,1.0,node56transit_node130source
C_node57node129_timber_t1,1.0,node57transit_node129source
C_node57node138_timber_t1,1.0,node57transit_node138source
C_node58node80_timber_t1,1.0,node58transit_node80transit
C_node58node143_timber_t1,1.0,node58transit_node143source
C_node59node101_wide_t1,1.0,node59transit_node101exit
C_node61node118_timber_t1,1.0,node61transit_node118source
C_node61node119_timber_t1,1.0,node61transit_node119source
C_node62node119_timber_t1,1.0,node62transit_node119source
C_node62node120_timber_t1,1.0,node62transit_node120source
C_node63node137_wide_t1,1.0,node63transit_node137source
C_node64node95_timber_t1,1.0,node64transit_node95transit
C_node64node138_timber_t1,1.0,node64transit_node138source
C_node65node138_timber_t1,1.0,node65transit_node138source
C_node66node119_timber_t1,1.0,node66transit_node119source
C_node67node95_timber_t1,1.0,node67exit_node95transit
C_node68node132_timber_t3,1.0,node68transit_node132source
C_node68node132_wide_t1,1.0,node68transit_node132source
C_node68node133_timber_t1,1.0,node68transit_node133source
C_node68node134_timber_t1,1.0,node68transit_node134source
C_node71node119_timber_t1,1.0,node71transit_node119source
C_node71node122_timber_t1,1.0,node71transit_node122source
C_node72node129_timber_t1,1.0,node72transit_node129source
C_node73node141_timber_t1,1.0,node73transit_node141source
C_node75node129_timber_t1,1.0,node75transit_node129source
C_node75node130_timber_t1,1.0,node75transit_node130source
C_node76node124_timber_t1,1.0,node76transit_node124source
C_node76node125_timber_t1,1.0,node76transit_node125source
C_node77node132_timber_t4,1.0,node77transit_node132source
C_node77node132_wide_t1,1.0,node77transit_node132source
C_node77node137_timber_t1,1.0,node77transit_node137source
C_node77node140_timber_t1,1.0,node77transit_node140source
C_node78node141_timber_t1,1.0,node78transit_node141source
C_node79node96_timber_t1,1.0,node79transit_node96transit
C_node79node119_timber_t1,1.0,node79transit_node119source
C_node79node144_timber_t1,1.0,node79transit_node144source
C_node80node125_wide_t1,1.0,node80transit_node125source
C_node80node143_timber_t1,1.0,node80transit_node143source
C_node81node137_timber_t1,1.0,node81transit_node137source
C_node82node128_timber_t1,1.0,node82transit_node128source
C_node83node119_timber_t1,1.0,node83transit_node119source
C_node85node119_timber_t1,1.0,node85transit_node119source
C_node85node136_timber_t1,1.0,node85transit_node136source
C_node86node118_timber_t1,1.0,node86transit_node118source
C_node87node119_timber_t1,1.0,node87transit_node119source
C_node87node121_timber_t1,1.0,node87transit_node121source
C_node87node123_wide_t1,1.0,node87transit_node123source
C_node88node133_timber_t1,1.0,node88transit_node133source
C_node88node134_timber_t1,1.0,node88transit_node134source
C_node88node134_wide_t3,1.0,node88transit_node134source
C_node89node125_timber_t1,1.0,node89transit_node125source
C_node89node143_timber_t1,1.0,node89transit_node143source
C_node90node127_timber_t1,1.0,node90transit_node127source
C_node90node134_timber_t1,1.0,node90transit_node134source
C_node90node135_timber_t1,1.0,node90transit_node135source
C_node90node135_timber_t3,1.0,node90transit_node135source
C_node91node132_wide_t1,1.0,node91transit_node132source
C_node91node132_wide_t3,1.0,node91transit_node132source
C_node91node133_timber_t1,1.0,node91transit_node133source
C_node91node137_timber_t1,1.0,node91transit_node137source
C_node92node124_timber_t1,1.0,node92transit_node124source
C_node93node120_timber_t1,1.0,node93transit_node120source
C_node96node119_timber_t1,1.0,node96transit_node119source
M_node1node79_timber_t2,1.0,node1transit_node79transit
M_node1node79_timber_t3,1.0,node1transit_node79transit
M_node1node79_timber_t4,1.0,node1transit_node79transit
M_node1node79_timber_t5,1.0,node1transit_node79transit
M_node1node62_timber_t2,1.0,node1transit_node62transit
M_node1node62_timber_t3,1.0,node1transit_node62transit
M_node1node62_timber_t4,1.0,node1transit_node62transit
M_node1node62_timber_t5,1.0,node1transit_node62transit
M_node1node119_timber_t2,1.0,node1transit_node119source
M_node1node119_timber_t3,1.0,node1transit_node119source
M_node1node119_timber_t4,1.0,node1transit_node119source
M_node1node119_timber_t5,1.0,node1transit_node119source
M_node1node144_timber_t2,1.0,node1transit_node144source
M_node1node144_timber_t3,1.0,node1transit_node144source
M_node1node144_timber_t4,1.0,node1transit_node144source
M_node1node144_timber_t5,1.0,node1transit_node144source
M_node2node119_timber_t2,1.0,node2transit_node119source
M_node2node119_timber_t3,1.0,node2transit_node119source
M_node2node119_timber_t4,1.0,node2transit_node119source
M_node3node87_timber_t2,1.0,node3transit_node87transit
M_node3node87_timber_t3,1.0,node3transit_node87transit
M_node3node87_timber_t4,1.0,node3transit_node87transit
M_node3node87_timber_t5,1.0,node3transit_node87transit
M_node3node119_wide_t3,1.0,node3transit_node119source
M_node3node119_wide_t4,1.0,node3transit_node119source
M_node3node119_wide_t5,1.0,node3transit_node119source
M_node3node122_timber_t2,1.0,node3transit_node122source
M_node3node122_timber_t3,1.0,node3transit_node122source
M_node3node122_timber_t4,1.0,node3transit_node122source
M_node3node123_timber_t2,1.0,node3transit_node123source
M_node3node123_timber_t3,1.0,node3transit_node123source
M_node3node123_timber_t4,1.0,node3transit_node123source
M_node3node123_timber_t5,1.0,node3transit_node123source
M_node4node91_timber_t3,-1.9342552251247164e-13,node4transit_node91transit
M_node4node91_timber_t4,-1.9342552251247164e-13,node4transit_node91transit
M_node4node91_timber_t5,-1.9342552251247164e-13,node4transit_node91transit
M_node4node88_timber_t4,1.9342552251247164e-13,node4transit_node88transit
M_node4node88_timber_t5,1.9342552251247164e-13,node4transit_node88transit
M_node4node88_wide_t3,1.9342552251247164e-13,node4transit_node88transit
M_node4node88_wide_t4,1.9342552251247164e-13,node4transit_node88transit
M_node4node133_timber_t2,1.0,node4transit_node133source
M_node4node133_timber_t3,1.0,node4transit_node133source
M_node4node133_timber_t4,1.0,node4transit_node133source
M_node4node133_timber_t5,1.0,node4transit_node133source
M_node4node137_timber_t2,1.0,node4transit_node137source
M_node4node137_timber_t3,1.0,node4transit_node137source
M_node4node137_timber_t4,1.0,node4transit_node137source
M_node4node137_timber_t5,1.0,node4transit_node137source
M_node5node145_timber_t2,1.0,node5transit_node145source
M_node5node145_timber_t3,1.0,node5transit_node145source
M_node5node145_timber_t4,1.0,node5transit_node145source
M_node5node145_timber_t5,1.0,node5transit_node145source
M_node6node140_timber_t2,1.0,node6transit_node140source
M_node6node140_timber_t3,1.0,node6transit_node140source
M_node6node140_timber_t4,1.0,node6transit_node140source
M_node6node140_timber_t5,1.0,node6transit_node140source
M_node7node58_timber_t2,1.0,node7transit_node58transit
M_node7node58_timber_t3,1.0,node7transit_node58transit
M_node7node58_timber_t4,1.0,node7transit_node58transit
M_node7node58_timber_t5,1.0,node7transit_node58transit
M_node7node115_timber_t2,1.0,node7transit_node115exit
M_node7node115_timber_t3,1.0,node7transit_node115exit
M_node7node115_timber_t4,1.0,node7transit_node115exit
M_node7node115_timber_t5,1.0,node7transit_node115exit
M_node8node77_timber_t2,1.0,node8transit_node77transit
M_node8node77_timber_t3,1.0,node8transit_node77transit
M_node8node77_timber_t4,1.0,node8transit_node77transit
M_node8node77_timber_t5,1.0,node8transit_node77transit
M_node8node18_timber_t2,1.0,node8transit_node18transit
M_node8node18_timber_t3,1.0,node8transit_node18transit
M_node8node18_timber_t4,1.0,node8transit_node18transit
M_node8node18_timber_t5,1.0,node8transit_node18transit
M_node8node132_wide_t5,1.0,node8transit_node132source
M_node8node139_timber_t2,1.0,node8transit_node139source
M_node8node139_timber_t3,1.0,node8transit_node139source
M_node8node139_timber_t4,1.0,node8transit_node139source
M_node8node139_timber_t5,1.0,node8transit_node139source
M_node8node140_timber_t2,1.0,node8transit_node140source
M_node8node140_timber_t3,1.0,node8transit_node140source
M_node8node140_timber_t4,1.0,node8transit_node140source
M_node8node141_timber_t2,1.0,node8transit_node141source
M_node8node141_timber_t3,1.0,node8transit_node141source
M_node8node141_timber_t4,1.0,node8transit_node141source
M_node8node141_timber_t5,1.0,node8transit_node141source
M_node9node54_timber_t2,1.0,node9exit_node54transit
M_node9node54_timber_t3,1.0,node9exit_node54transit
M_node9node54_timber_t4,1.0,node9exit_node54transit
M_node9node54_timber_t5,1.0,node9exit_node54transit
M_node10node57_timber_t3,-1.7408297026122455e-13,node10transit_node57transit
M_node10node129_timber_t4,1.0,node10transit_node129source
M_node10node138_timber_t2,1.0,node10transit_node138source
M_node10node138_timber_t3,1.0,node10transit_node138source
M_node10node138_timber_t4,1.0,node10transit_node138source
M_node10node142_timber_t2,1.0,node10transit_node142source
M_node10node142_timber_t3,1.0,node10transit_node142source
M_node10node142_wide_t5,1.0,node10transit_node142source
M_node11node143_timber_t2,1.0,node11transit_node143source
M_node11node143_timber_t3,1.0,node11transit_node143source
M_node11node143_wide_t5,1.0,node11transit_node143source
M_node12node64_timber_t2,1.0,node12transit_node64transit
M_node12node64_timber_t3,1.0,node12transit_node64transit
M_node12node64_timber_t4,1.0,node12transit_node64transit
M_node12node64_timber_t5,1.0,node12transit_node64transit
M_node12node36_timber_t2,1.0,node12transit_node36transit
M_node12node36_timber_t3,1.0,node12transit_node36transit
M_node12node36_timber_t4,1.0,node12transit_node36transit
M_node12node36_timber_t5,1.0,node12transit_node36transit
M_node12node138_timber_t2,1.0,node12transit_node138source
M_node12node138_timber_t3,1.0,node12transit_node138source
M_node12node138_timber_t4,1.0,node12transit_node138source
M_node12node139_timber_t2,1.0,node12transit_node139source
M_node12node139_timber_t3,1.0,node12transit_node139source
M_node12node139_wide_t5,1.0,node12transit_node139source
M_node13node122_timber_t2,1.0,node13transit_node122source
M_node13node122_wide_t4,1.0,node13transit_node122source
M_node13node122_wide_t5,1.0,node13transit_node122source
M_node13node123_timber_t2,1.0,node13transit_node123source
M_node13node123_timber_t3,1.0,node13transit_node123source
M_node13node123_wide_t5,1.0,node13transit_node123source
M_node14node79_timber_t3,-1.212363542890671e-13,node14transit_node79transit
M_node14node79_timber_t4,-1.212363542890671e-13,node14transit_node79transit
M_node14node79_timber_t5,-1.212363542890671e-13,node14transit_node79transit
M_node14node144_wide_t3,1.0,node14transit_node144source
M_node14node144_wide_t4,1.0,node14transit_node144source
M_node14node144_wide_t5,1.0,node14transit_node144source
M_node15node143_timber_t2,1.0,node15transit_node143source
M_node15node143_timber_t3,1.0,node15transit_node143source
M_node15node143_wide_t5,1.0,node15transit_node143source
M_node16node118_timber_t2,1.0,node16transit_node118source
M_node16node118_timber_t3,1.0,node16transit_node118source
M_node16node118_timber_t4,1.0,node16transit_node118source
M_node16node118_timber_t5,1.0,node16transit_node118source
M_node17node140_timber_t2,1.0,node17transit_node140source
M_node17node140_timber_t3,1.0,node17transit_node140source
M_node17node140_timber_t4,1.0,node17transit_node140source
M_node17node140_timber_t5,1.0,node17transit_node140source
M_node17node141_timber_t2,1.0,node17transit_node141source
M_node17node141_wide_t4,1.0,node17transit_node141source
M_node17node141_wide_t5,1.0,node17transit_node141source
M_node18node19_timber_t2,1.0,node18transit_node19transit
M_node18node19_timber_t3,1.0,node18transit_node19transit
M_node18node19_timber_t4,1.0,node18transit_node19transit
M_node18node19_timber_t5,1.0,node18transit_node19transit
M_node18node131_timber_t2,1.0,node18transit_node131source
M_node18node131_timber_t3,1.0,node18transit_node131source
M_node18node131_wide_t5,1.0,node18transit_node131source
M_node18node139_wide_t3,1.0,node18transit_node139source
M_node18node139_wide_t4,1.0,node18transit_node139source
M_node18node139_wide_t5,1.0,node18transit_node139source
M_node19node50_timber_t2,1.0,node19transit_node50transit
M_node19node50_timber_t3,1.0,node19transit_node50transit
M_node19node50_timber_t4,1.0,node19transit_node50transit
M_node19node50_timber_t5,1.0,node19transit_node50transit
M_node19node130_timber_t2,1.0,node19transit_node130source
M_node19node130_timber_t3,1.0,node19transit_node130source
M_node19node130_timber_t4,1.0,node19transit_node130source
M_node19node130_timber_t5,1.0,node19transit_node130source
M_node19node131_timber_t2,1.0,node19transit_node131source
M_node19node131_timber_t3,1.0,node19transit_node131source
M_node19node131_timber_t4,1.0,node19transit_node131source
M_node19node132_wide_t5,1.0,node19transit_node132source
M_node20node42_timber_t2,1.0,node20transit_node42transit
M_node20node42_timber_t3,1.0,node20transit_node42transit
M_node20node42_timber_t4,1.0,node20transit_node42transit
M_node20node42_timber_t5,1.0,node20transit_node42transit
M_node20node145_timber_t2,1.0,node20transit_node145source
M_node20node145_timber_t3,1.0,node20transit_node145source
M_node20node145_wide_t5,1.0,node20transit_node145source
M_node21node127_timber_t2,1.0,node21transit_node127source
M_node21node127_timber_t3,1.0,node21transit_node127source
M_node21node127_timber_t4,1.0,node21transit_node127source
M_node21node127_timber_t5,1.0,node21transit_node127source
M_node22node121_timber_t2,1.0,node22transit_node121source
M_node22node121_wide_t4,1.0,node22transit_node121source
M_node22node121_wide_t5,1.0,node22transit_node121source
M_node22node123_timber_t2,1.0,node22transit_node123source
M_node22node123_timber_t3,1.0,node22transit_node123source
M_node22node123_timber_t4,1.0,node22transit_node123source
M_node24node55_timber_t2,1.0,node24transit_node55transit
M_node24node55_timber_t3,1.0,node24transit_node55transit
M_node24node55_timber_t4,1.0,node24transit_node55transit
M_node24node55_timber_t5,1.0,node24transit_node55transit
M_node24node31_timber_t2,1.0,node24transit_node31transit
M_node24node31_timber_t3,1.0,node24transit_node31transit
M_node24node31_timber_t4,1.0,node24transit_node31transit
M_node24node31_timber_t5,1.0,node24transit_node31transit
M_node24node61_timber_t2,1.0,node24transit_node61transit
M_node24node61_timber_t3,1.0,node24transit_node61transit
M_node24node61_timber_t4,1.0,node24transit_node61transit
M_node24node61_timber_t5,1.0,node24transit_node61transit
M_node24node118_timber_t2,1.0,node24transit_node118source
M_node24node118_timber_t3,1.0,node24transit_node118source
M_node24node118_timber_t4,1.0,node24transit_node118source
M_node24node118_timber_t5,1.0,node24transit_node118source
M_node24node119_timber_t2,1.0,node24transit_node119source
M_node24node119_timber_t3,1.0,node24transit_node119source
M_node24node119_timber_t4,1.0,node24transit_node119source
M_node24node119_timber_t5,1.0,node24transit_node119source
M_node26node119_timber_t2,1.0,node26transit_node119source
M_node26node119_timber_t3,1.0,node26transit_node119source
M_node26node119_timber_t4,1.0,node26transit_node119source
M_node26node119_timber_t5,1.0,node26transit_node119source
M_node28node30_timber_t2,1.0,node28transit_node30transit
M_node28node30_timber_t3,1.0,node28transit_node30transit
M_node28node30_timber_t4,1.0,node28transit_node30transit
M_node28node30_timber_t5,1.0,node28transit_node30transit
M_node28node68_wide_t2,1.0,node28transit_node68transit
M_node28node68_wide_t3,1.0,node28transit_node68transit
M_node28node68_wide_t4,1.0,node28transit_node68transit
M_node28node68_wide_t5,1.0,node28transit_node68transit
M_node28node59_wide_t2,1.0,node28transit_node59transit
M_node28node59_wide_t3,1.0,node28transit_node59transit
M_node28node59_wide_t4,1.0,node28transit_node59transit
M_node28node59_wide_t5,1.0,node28transit_node59transit
M_node28node134_timber_t4,1.0,node28transit_node134source
M_node29node127_timber_t2,1.0,node29transit_node127source
M_node29node127_timber_t3,1.0,node29transit_node127source
M_node29node127_timber_t4,1.0,node29transit_node127source
M_node29node127_timber_t5,1.0,node29transit_node127source
M_node29node134_timber_t4,1.0,node29transit_node134source
M_node29node134_timber_t5,1.0,node29transit_node134source
M_node30node90_timber_t2,1.0,node30transit_node90transit
M_node30node90_timber_t3,1.0,node30transit_node90transit
M_node30node90_timber_t4,1.0,node30transit_node90transit
M_node30node90_timber_t5,1.0,node30transit_node90transit
M_node30node134_timber_t2,1.0,node30transit_node134source
M_node30node134_wide_t4,1.0,node30transit_node134source
M_node30node134_wide_t5,1.0,node30transit_node134source
M_node30node135_timber_t2,1.0,node30transit_node135source
M_node30node135_wide_t4,1.0,node30transit_node135source
M_node30node135_wide_t5,1.0,node30transit_node135source
M_node31node49_timber_t2,1.0,node31transit_node49exit
M_node31node49_timber_t3,1.0,node31transit_node49exit
M_node31node49_timber_t4,1.0,node31transit_node49exit
M_node31node49_timber_t5,1.0,node31transit_node49exit
M_node31node118_timber_t2,1.0,node31transit_node118source
M_node31node118_timber_t3,1.0,node31transit_node118source
M_node31node118_timber_t4,1.0,node31transit_node118source
M_node32node136_timber_t2,1.0,node32transit_node136source
M_node32node136_timber_t3,1.0,node32transit_node136source
M_node32node136_timber_t4,1.0,node32transit_node136source
M_node33node137_timber_t2,1.0,node33transit_node137source
M_node33node137_timber_t3,1.0,node33transit_node137source
M_node33node137_wide_t5,1.0,node33transit_node137source
M_node34node126_timber_t2,1.0,node34transit_node126source
M_node34node126_timber_t3,1.0,node34transit_node126source
M_node34node126_timber_t4,1.0,node34transit_node126source
M_node34node126_timber_t5,1.0,node34transit_node126source
M_node34node129_wide_t3,1.0,node34transit_node129source
M_node34node129_wide_t4,1.0,node34transit_node129source
M_node34node129_wide_t5,1.0,node34transit_node129source
M_node34node142_timber_t2,1.0,node34transit_node142source
M_node34node142_timber_t3,1.0,node34transit_node142source
M_node34node142_timber_t4,1.0,node34transit_node142source
M_node34node142_timber_t5,1.0,node34transit_node142source
M_node36node52_timber_t2,1.0,node36transit_node52transit
M_node36node52_timber_t3,1.0,node36transit_node52transit
M_node36node52_timber_t4,1.0,node36transit_node52transit
M_node36node52_timber_t5,1.0,node36transit_node52transit
M_node36node138_timber_t2,1.0,node36transit_node138source
M_node36node138_wide_t4,1.0,node36transit_node138source
M_node36node138_wide_t5,1.0,node36transit_node138source
M_node36node139_timber_t2,1.0,node36transit_node139source
M_node36node139_timber_t3,1.0,node36transit_node139source
M_node36node139_timber_t4,1.0,node36transit_node139source
M_node36node139_timber_t5,1.0,node36transit_node139source
M_node36node142_wide_t2,1.0,node36transit_node142source
M_node36node142_wide_t3,1.0,node36transit_node142source
M_node36node142_wide_t4,1.0,node36transit_node142source
M_node36node142_wide_t5,1.0,node36transit_node142source
M_node37node56_timber_t2,1.0,node37transit_node56transit
M_node37node56_timber_t3,1.0,node37transit_node56transit
M_node37node56_timber_t4,1.0,node37transit_node56transit
M_node37node56_timber_t5,1.0,node37transit_node56transit
M_node37node52_timber_t2,1.0,node37transit_node52transit
M_node37node52_timber_t3,1.0,node37transit_node52transit
M_node37node52_timber_t4,0.999999999999854,node37transit_node52transit
M_node37node52_timber_t5,0.999999999999854,node37transit_node52transit
M_node37node126_timber_t2,1.0,node37transit_node126source
M_node37node126_timber_t3,1.0,node37transit_node126source
M_node37node126_wide_t5,1.0,node37transit_node126source
M_node37node130_timber_t2,1.0,node37transit_node130source
M_node37node130_timber_t3,1.0,node37transit_node130source
M_node37node130_timber_t4,1.0,node37transit_node130source
M_node37node130_timber_t5,1.0,node37transit_node130source
M_node37node142_timber_t2,1.0,node37transit_node142source
M_node37node142_timber_t3,1.0,node37transit_node142source
M_node37node142_timber_t4,1.0,node37transit_node142source
M_node37node142_timber_t5,1.0,node37transit_node142source
M_node38node130_timber_t2,1.0,node38transit_node130source
M_node38node130_timber_t3,1.0,node38transit_node130source
M_node38node130_timber_t4,1.0,node38transit_node130source
M_node38node130_timber_t5,1.0,node38transit_node130source
M_node38node131_timber_t2,1.0,node38transit_node131source
M_node38node131_timber_t3,1.0,node38transit_node131source
M_node38node131_timber_t4,1.0,node38transit_node131source
M_node38node139_timber_t2,1.0,node38transit_node139source
M_node38node139_timber_t3,1.0,node38transit_node139source
M_node38node139_timber_t4,1.0,node38transit_node139source
M_node39node145_timber_t2,1.0,node39transit_node145source
M_node39node145_timber_t3,1.0,node39transit_node145source
M_node39node145_wide_t5,1.0,node39transit_node145source
M_node40node42_timber_t2,1.0,node40transit_node42transit
M_node40node42_timber_t3,1.0,node40transit_node42transit
M_node40node42_timber_t4,1.0,node40transit_node42transit
M_node40node42_timber_t5,1.0,node40transit_node42transit
M_node40node80_timber_t2,1.0,node40transit_node80transit
M_node40node80_timber_t3,1.0,node40transit_node80transit
M_node40node80_timber_t4,1.0,node40transit_node80transit
M_node40node80_timber_t5,1.0,node40transit_node80transit
M_node40node124_timber_t2,1.0,node40transit_node124source
M_node40node124_timber_t3,1.0,node40transit_node124source
M_node40node124_timber_t4,1.0,node40transit_node124source
M_node40node124_timber_t5,1.0,node40transit_node124source
M_node40node125_timber_t2,1.0,node40transit_node125source
M_node40node125_timber_t3,1.0,node40transit_node125source
M_node40node125_timber_t4,1.0,node40transit_node125source
M_node41node96_timber_t2,1.0,node41transit_node96transit
M_node41node96_timber_t3,1.0,node41transit_node96transit
M_node41node96_timber_t4,1.0,node41transit_node96transit
M_node41node96_timber_t5,1.0,node41transit_node96transit
M_node41node119_timber_t2,1.0,node41transit_node119source
M_node41node119_timber_t3,1.0,node41transit_node119source
M_node41node119_timber_t4,1.0,node41transit_node119source
M_node41node119_timber_t5,1.0,node41transit_node119source
M_node41node136_timber_t2,1.0,node41transit_node136source
M_node41node136_timber_t3,1.0,node41transit_node136source
M_node41node136_wide_t5,1.0,node41transit_node136source
M_node42node124_timber_t2,1.0,node42transit_node124source
M_node42node124_timber_t3,1.0,node42transit_node124source
M_node42node124_timber_t4,1.0,node42transit_node124source
M_node43node135_timber_t4,1.0,node43transit_node135source
M_node43node135_timber_t5,1.0,node43transit_node135source
M_node44node139_wide_t2,1.0,node44transit_node139source
M_node44node139_wide_t3,1.0,node44transit_node139source
M_node44node139_wide_t4,1.0,node44transit_node139source
M_node44node139_wide_t5,1.0,node44transit_node139source
M_node44node141_timber_t2,1.0,node44transit_node141source
M_node44node141_timber_t3,1.0,node44transit_node141source
M_node44node141_timber_t4,1.0,node44transit_node141source
M_node44node141_timber_t5,1.0,node44transit_node141source
M_node45node137_timber_t2,1.0,node45transit_node137source
M_node45node137_timber_t5,1.0,node45transit_node137source
M_node45node140_timber_t2,1.0,node45transit_node140source
M_node45node140_timber_t3,1.0,node45transit_node140source
M_node45node140_wide_t5,1.0,node45transit_node140source
M_node46node128_timber_t2,1.0,node46transit_node128source
M_node46node128_timber_t3,1.0,node46transit_node128source
M_node46node128_timber_t4,1.0,node46transit_node128source
M_node46node128_timber_t5,1.0,node46transit_node128source
M_node50node54_timber_t2,1.0,node50transit_node54transit
M_node50node54_timber_t3,1.0,node50transit_node54transit
M_node50node54_timber_t4,1.0,node50transit_node54transit
M_node50node54_timber_t5,1.0,node50transit_node54transit
M_node50node130_timber_t2,1.0,node50transit_node130source
M_node50node130_timber_t3,1.0,node50transit_node130source
M_node50node130_timber_t4,1.0,node50transit_node130source
M_node50node130_timber_t5,1.0,node50transit_node130source
M_node50node132_wide_t4,1.0,node50transit_node132source
M_node50node132_wide_t5,1.0,node50transit_node132source
M_node51node62_timber_t2,1.0,node51transit_node62transit
M_node51node62_timber_t3,1.0,node51transit_node62transit
M_node51node62_timber_t4,1.0000000000001212,node51transit_node62transit
M_node51node62_timber_t5,1.0,node51transit_node62transit
M_node51node61_timber_t2,1.0,node51transit_node61transit
M_node51node61_timber_t3,1.0,node51transit_node61transit
M_node51node61_timber_t4,1.0,node51transit_node61transit
M_node51node61_timber_t5,1.0,node51transit_node61transit
M_node51node119_timber_t2,1.0,node51transit_node119source
M_node51node119_timber_t3,1.0,node51transit_node119source
M_node51node119_timber_t4,1.0,node51transit_node119source
M_node51node119_timber_t5,1.0,node51transit_node119source
M_node51node120_timber_t2,1.0,node51transit_node120source
M_node51node120_timber_t3,1.0,node51transit_node120source
M_node51node120_timber_t4,1.0,node51transit_node120source
M_node51node120_timber_t5,1.0,node51transit_node120source
M_node52node130_timber_t2,1.0,node52transit_node130source
M_node52node130_timber_t3,1.0,node52transit_node130source
M_node52node130_timber_t4,1.0,node52transit_node130source
M_node52node130_timber_t5,1.0,node52transit_node130source
M_node52node139_timber_t2,1.0,node52transit_node139source
M_node52node139_timber_t3,1.0,node52transit_node139source
M_node52node139_timber_t4,1.0,node52transit_node139source
M_node52node142_timber_t2,1.0,node52transit_node142source
M_node52node142_timber_t3,1.0,node52transit_node142source
M_node52node142_timber_t4,1.0,node52transit_node142source
M_node53node104_timber_t2,1.0,node53transit_node104exit
M_node53node104_timber_t3,1.0,node53transit_node104exit
M_node53node104_timber_t4,1.0,node53transit_node104exit
M_node53node104_timber_t5,1.0,node53transit_node104exit
M_node53node128_wide_t3,1.0,node53transit_node128source
M_node53node128_wide_t4,1.0,node53transit_node128source
M_node53node128_wide_t5,1.0,node53transit_node128source
M_node54node130_timber_t2,1.0,node54transit_node130source
M_node54node130_timber_t3,1.0,node54transit_node130source
M_node54node130_timber_t4,1.0,node54transit_node130source
M_node54node130_timber_t5,1.0,node54transit_node130source
M_node55node87_timber_t2,1.0,node55transit_node87transit
M_node55node87_timber_t3,1.0,node55transit_node87transit
M_node55node87_timber_t4,1.0,node55transit_node87transit
M_node55node87_timber_t5,1.0,node55transit_node87transit
M_node55node119_timber_t2,1.0,node55transit_node119source
M_node55node119_timber_t3,1.0,node55transit_node119source
M_node55node119_timber_t4,1.0,node55transit_node119source
M_node55node119_timber_t5,1.0,node55transit_node119source
M_node55node121_timber_t2,1.0,node55transit_node121source
M_node55node121_timber_t3,1.0,node55transit_node121source
M_node55node121_timber_t4,1.0,node55transit_node121source
M_node55node121_timber_t5,1.0,node55transit_node121source
M_node56node75_wide_t4,1.7408297026122455e-13,node56transit_node75transit
M_node56node75_wide_t5,1.7408297026122455e-13,node56transit_node75transit
M_node56node126_timber_t2,1.0,node56transit_node126source
M_node56node126_timber_t3,1.0,node56transit_node126source
M_node56node126_timber_t4,1.0,node56transit_node126source
M_node56node129_wide_t4,1.0,node56transit_node129source
M_node56node129_wide_t5,1.0,node56transit_node129source
M_node56node130_timber_t2,1.0,node56transit_node130source
M_node56node130_timber_t3,1.0,node56transit_node130source
M_node56node130_wide_t5,1.0,node56transit_node130source
M_node57node129_timber_t2,1.0,node57transit_node129source
M_node57node129_timber_t3,1.0,node57transit_node129source
M_node57node129_wide_t5,1.0,node57transit_node129source
M_node57node138_timber_t2,1.0,node57transit_node138source
M_node57node138_timber_t3,1.0,node57transit_node138source
M_node57node138_timber_t4,1.0,node57transit_node138source
M_node57node138_timber_t5,1.0,node57transit_node138source
M_node58node80_timber_t2,1.0,node58transit_node80transit
M_node58node80_timber_t3,1.0,node58transit_node80transit
M_node58node80_timber_t4,1.0,node58transit_node80transit
M_node58node80_timber_t5,1.0,node58transit_node80transit
M_node58node143_timber_t2,1.0,node58transit_node143source
M_node58node143_timber_t3,1.0,node58transit_node143source
M_node58node143_timber_t4,1.0,node58transit_node143source
M_node58node143_timber_t5,1.0,node58transit_node143source
M_node59node101_wide_t2,1.0,node59transit_node101exit
M_node59node101_wide_t3,1.0,node59transit_node101exit
M_node59node101_wide_t4,1.0,node59transit_node101exit
M_node59node101_wide_t5,1.0,node59transit_node101exit
M_node61node118_timber_t2,1.0,node61transit_node118source
M_node61node118_timber_t3,1.0,node61transit_node118source
M_node61node118_wide_t5,1.0,node61transit_node118source
M_node61node119_timber_t2,1.0,node61transit_node119source
M_node61node119_timber_t3,1.0,node61transit_node119source
M_node61node119_timber_t4,1.0,node61transit_node119source
M_node61node119_timber_t5,1.0,node61transit_node119source
M_node62node119_timber_t2,1.0,node62transit_node119source
M_node62node119_timber_t3,1.0,node62transit_node119source
M_node62node119_timber_t4,1.0,node62transit_node119source
M_node62node120_timber_t2,1.0,node62transit_node120source
M_node62node120_timber_t3,1.0,node62transit_node120source
M_node62node120_timber_t4,1.0,node62transit_node120source
M_node63node137_wide_t2,1.0,node63transit_node137source
M_node63node137_wide_t3,1.0,node63transit_node137source
M_node63node137_wide_t4,1.0,node63transit_node137source
M_node63node137_wide_t5,1.0,node63transit_node137source
M_node64node95_timber_t2,1.0,node64transit_node95transit
M_node64node95_timber_t3,1.0,node64transit_node95transit
M_node64node95_timber_t4,1.0,node64transit_node95transit
M_node64node95_timber_t5,1.0,node64transit_node95transit
M_node64node138_timber_t2,1.0,node64transit_node138source
M_node64node138_timber_t3,1.0,node64transit_node138source
M_node64node138_timber_t4,1.0,node64transit_node138source
M_node64node138_timber_t5,1.0,node64transit_node138source
M_node65node138_timber_t2,1.0,node65transit_node138source
M_node65node138_timber_t3,1.0,node65transit_node138source
M_node65node138_timber_t4,1.0,node65transit_node138source
M_node65node138_timber_t5,1.0,node65transit_node138source
M_node66node119_timber_t2,1.0,node66transit_node119source
M_node66node119_timber_t3,1.0,node66transit_node119source
M_node66node119_timber_t4,1.0,node66transit_node119source
M_node66node119_timber_t5,1.0,node66transit_node119source
M_node67node95_timber_t2,1.0,node67exit_node95transit
M_node67node95_timber_t3,1.0,node67exit_node95transit
M_node67node95_timber_t4,1.0,node67exit_node95transit
M_node67node95_timber_t5,1.0,node67exit_node95transit
M_node68node132_timber_t4,1.0,node68transit_node132source
M_node68node133_timber_t2,1.0,node68transit_node133source
M_node68node133_timber_t3,1.0,node68transit_node133source
M_node68node133_wide_t5,1.0,node68transit_node133source
M_node68node134_timber_t2,1.0,node68transit_node134source
M_node68node134_timber_t3,1.0,node68transit_node134source
M_node68node134_wide_t5,1.0,node68transit_node134source
M_node71node119_wide_t3,1.0,node71transit_node119source
M_node71node119_wide_t4,1.0,node71transit_node119source
M_node71node119_wide_t5,1.0,node71transit_node119source
M_node71node122_timber_t2,1.0,node71transit_node122source
M_node71node122_wide_t4,1.0,node71transit_node122source
M_node71node122_wide_t5,1.0,node71transit_node122source
M_node72node129_timber_t2,1.0,node72transit_node129source
M_node72node129_timber_t3,1.0,node72transit_node129source
M_node72node129_timber_t4,1.0,node72transit_node129source
M_node73node141_timber_t2,1.0,node73transit_node141source
M_node73node141_timber_t3,1.0,node73transit_node141source
M_node73node141_wide_t5,1.0,node73transit_node141source
M_node75node129_timber_t2,1.0,node75transit_node129source
M_node75node129_timber_t3,1.0,node75transit_node129source
M_node75node129_timber_t4,1.0,node75transit_node129source
M_node75node130_timber_t2,1.0,node75transit_node130source
M_node75node130_timber_t3,1.0,node75transit_node130source
M_node75node130_timber_t4,1.0,node75transit_node130source
M_node75node130_timber_t5,1.0,node75transit_node130source
M_node76node124_timber_t2,1.0,node76transit_node124source
M_node76node124_timber_t3,1.0,node76transit_node124source
M_node76node124_timber_t4,1.0,node76transit_node124source
M_node76node125_timber_t2,1.0,node76transit_node125source
M_node76node125_timber_t3,1.0,node76transit_node125source
M_node76node125_wide_t5,1.0,node76transit_node125source
M_node77node137_timber_t2,1.0,node77transit_node137source
M_node77node137_timber_t3,1.0,node77transit_node137source
M_node77node137_timber_t4,1.0,node77transit_node137source
M_node77node140_timber_t2,1.0,node77transit_node140source
M_node77node140_timber_t3,1.0,node77transit_node140source
M_node77node140_timber_t4,1.0,node77transit_node140source
M_node77node140_timber_t5,1.0,node77transit_node140source
M_node78node141_timber_t2,1.0,node78transit_node141source
M_node78node141_timber_t3,1.0,node78transit_node141source
M_node78node141_timber_t4,1.0,node78transit_node141source
M_node78node141_timber_t5,1.0,node78transit_node141source
M_node79node96_timber_t2,1.0,node79transit_node96transit
M_node79node96_timber_t3,1.0,node79transit_node96transit
M_node79node96_timber_t4,1.0,node79transit_node96transit
M_node79node96_timber_t5,1.0,node79transit_node96transit
M_node79node119_timber_t2,1.0,node79transit_node119source
M_node79node119_timber_t3,1.0,node79transit_node119source
M_node79node119_timber_t4,1.0,node79transit_node119source
M_node79node119_timber_t5,1.0,node79transit_node119source
M_node79node144_timber_t2,1.0,node79transit_node144source
M_node79node144_timber_t3,1.0,node79transit_node144source
M_node79node144_timber_t4,1.0,node79transit_node144source
M_node79node144_timber_t5,1.0,node79transit_node144source
M_node80node125_wide_t2,1.0,node80transit_node125source
M_node80node125_wide_t3,1.0,node80transit_node125source
M_node80node125_wide_t4,1.0,node80transit_node125source
M_node80node125_wide_t5,1.0,node80transit_node125source
M_node80node143_timber_t2,1.0,node80transit_node143source
M_node80node143_timber_t3,1.0,node80transit_node143source
M_node80node143_timber_t4,1.0,node80transit_node143source
M_node80node143_timber_t5,1.0,node80transit_node143source
M_node81node137_wide_t3,1.0,node81transit_node137source
M_node81node137_wide_t4,1.0,node81transit_node137source
M_node81node137_wide_t5,1.0,node81transit_node137source
M_node82node128_timber_t2,1.0,node82transit_node128source
M_node82node128_timber_t3,1.0,node82transit_node128source
M_node82node128_wide_t5,1.0,node82transit_node128source
M_node83node119_timber_t2,1.0,node83transit_node119source
M_node83node119_timber_t3,1.0,node83transit_node119source
M_node83node119_timber_t4,1.0,node83transit_node119source
M_node85node119_timber_t2,1.0,node85transit_node119source
M_node85node119_timber_t3,1.0,node85transit_node119source
M_node85node119_wide_t5,1.0,node85transit_node119source
M_node85node136_timber_t2,1.0,node85transit_node136source
M_node85node136_timber_t3,1.0,node85transit_node136source
M_node85node136_wide_t5,1.0,node85transit_node136source
M_node86node118_timber_t2,1.0,node86transit_node118source
M_node86node118_timber_t3,1.0,node86transit_node118source
M_node86node118_wide_t5,1.0,node86transit_node118source
M_node87node119_timber_t2,1.0,node87transit_node119source
M_node87node119_wide_t4,1.0,node87transit_node119source
M_node87node119_wide_t5,1.0,node87transit_node119source
M_node87node121_timber_t2,1.0,node87transit_node121source
M_node87node121_wide_t4,1.0,node87transit_node121source
M_node87node121_wide_t5,1.0,node87transit_node121source
M_node87node123_wide_t2,1.0,node87transit_node123source
M_node87node123_wide_t3,1.0,node87transit_node123source
M_node87node123_wide_t4,1.0,node87transit_node123source
M_node87node123_wide_t5,1.0,node87transit_node123source
M_node88node133_timber_t2,1.0,node88transit_node133source
M_node88node133_timber_t3,1.0,node88transit_node133source
M_node88node133_timber_t4,1.0,node88transit_node133source
M_node88node133_timber_t5,1.0,node88transit_node133source
M_node88node134_wide_t4,1.0,node88transit_node134source
M_node88node134_wide_t5,1.0,node88transit_node134source
M_node89node125_timber_t2,1.0,node89transit_node125source
M_node89node125_timber_t3,1.0,node89transit_node125source
M_node89node125_timber_t4,1.0,node89transit_node125source
M_node89node143_timber_t2,1.0,node89transit_node143source
M_node89node143_wide_t4,1.0,node89transit_node143source
M_node89node143_wide_t5,1.0,node89transit_node143source
M_node90node127_timber_t2,1.0,node90transit_node127source
M_node90node127_timber_t3,1.0,node90transit_node127source
M_node90node127_timber_t4,1.0,node90transit_node127source
M_node90node134_timber_t2,1.0,node90transit_node134source
M_node90node134_timber_t3,1.0,node90transit_node134source
M_node90node134_wide_t5,1.0,node90transit_node134source
M_node90node135_timber_t4,1.0,node90transit_node135source
M_node90node135_timber_t5,1.0,node90transit_node135source
M_node91node132_wide_t4,1.0,node91transit_node132source
M_node91node132_wide_t5,1.0,node91transit_node132source
M_node91node133_timber_t2,1.0,node91transit_node133source
M_node91node133_timber_t3,1.0,node91transit_node133source
M_node91node133_timber_t4,1.0,node91transit_node133source
M_node91node137_timber_t2,1.0,node91transit_node137source
M_node91node137_timber_t3,1.0,node91transit_node137source
M_node91node137_timber_t4,1.0,node91transit_node137source
M_node92node124_timber_t2,1.0,node92transit_node124source
M_node92node124_timber_t3,1.0,node92transit_node124source
M_node92node124_timber_t4,1.0,node92transit_node124source
M_node93node120_timber_t2,1.0,node93transit_node120source
M_node93node120_timber_t3,1.0,node93transit_node120source
M_node93node120_timber_t4,1.0,node93transit_node120source
M_node96node119_timber_t2,1.0,node96transit_node119source
M_node96node119_timber_t3,1.0,node96transit_node119source
M_node96node119_timber_t4,1.0,node96transit_node119source
M_node96node119_timber_t5,1.0,node96transit_node119source
U_node2node119_t5,1.0,node2transit_node119source
U_node3node119_t2,1.0,node3transit_node119source
U_node3node122_t5,1.0,node3transit_node122source
U_node4node88_t4,-1.9342552251247164e-13,node4transit_node88transit
U_node8node140_t5,1.0,node8transit_node140source
U_node10node129_t5,1.0,node10transit_node129source
U_node10node138_t5,1.0,node10transit_node138source
U_node10node142_t4,1.0,node10transit_node142source
U_node11node143_t4,1.0,node11transit_node143source
U_node12node138_t5,1.0,node12transit_node138source
U_node12node139_t4,1.0,node12transit_node139source
U_node13node122_t3,1.0,node13transit_node122source
U_node13node123_t4,1.0,node13transit_node123source
U_node14node144_t2,1.0,node14transit_node144source
U_node15node143_t4,1.0,node15transit_node143source
U_node17node141_t3,1.0,node17transit_node141source
U_node18node131_t4,1.0,node18transit_node131source
U_node18node132_t5,1.0,node18transit_node132source
U_node18node139_t2,1.0,node18transit_node139source
U_node19node131_t5,1.0,node19transit_node131source
U_node20node145_t4,1.0,node20transit_node145source
U_node22node121_t3,1.0,node22transit_node121source
U_node22node123_t5,1.0,node22transit_node123source
U_node28node134_t5,1.0,node28transit_node134source
U_node30node134_t3,1.0,node30transit_node134source
U_node30node135_t3,1.0,node30transit_node135source
U_node31node118_t5,1.0,node31transit_node118source
U_node32node136_t5,1.0,node32transit_node136source
U_node33node137_t4,1.0,node33transit_node137source
U_node34node129_t2,1.0,node34transit_node129source
U_node36node138_t3,1.0,node36transit_node138source
U_node37node126_t4,1.0,node37transit_node126source
U_node38node131_t5,1.0,node38transit_node131source
U_node38node139_t5,1.0,node38transit_node139source
U_node39node145_t4,1.0,node39transit_node145source
U_node40node125_t5,1.0,node40transit_node125source
U_node41node136_t4,1.0,node41transit_node136source
U_node42node124_t5,1.0,node42transit_node124source
U_node45node140_t4,1.0,node45transit_node140source
U_node52node139_t5,1.0,node52transit_node139source
U_node52node142_t5,1.0,node52transit_node142source
U_node53node128_t2,1.0,node53transit_node128source
U_node56node126_t5,1.0,node56transit_node126source
U_node56node130_t4,1.0,node56transit_node130source
U_node57node129_t4,1.0,node57transit_node129source
U_node61node118_t4,1.0,node61transit_node118source
U_node62node119_t5,1.0,node62transit_node119source
U_node62node120_t5,1.0,node62transit_node120source
U_node68node132_t5,1.0,node68transit_node132source
U_node68node133_t4,1.0,node68transit_node133source
U_node68node134_t4,1.0,node68transit_node134source
U_node71node119_t2,1.0,node71transit_node119source
U_node71node122_t3,1.0,node71transit_node122source
U_node72node129_t5,1.0,node72transit_node129source
U_node73node141_t4,1.0,node73transit_node141source
U_node75node129_t5,1.0,node75transit_node129source
U_node76node124_t5,1.0,node76transit_node124source
U_node76node125_t4,1.0,node76transit_node125source
U_node77node132_t5,1.0,node77transit_node132source
U_node77node137_t5,1.0,node77transit_node137source
U_node81node137_t2,1.0,node81transit_node137source
U_node82node128_t4,1.0,node82transit_node128source
U_node83node119_t5,1.0,node83transit_node119source
U_node85node119_t4,1.0,node85transit_node119source
U_node85node136_t4,1.0,node85transit_node136source
U_node86node118_t4,1.0,node86transit_node118source
U_node87node119_t3,1.0,node87transit_node119source
U_node87node121_t3,1.0,node87transit_node121source
U_node89node125_t5,1.0,node89transit_node125source
U_node89node143_t3,1.0,node89transit_node143source
U_node90node127_t5,1.0,node90transit_node127source
U_node90node134_t4,1.0,node90transit_node134source
U_node91node133_t5,1.0,node91transit_node133source
U_node91node137_t5,1.0,node91transit_node137source
U_node92node124_t5,1.0,node92transit_node124source
U_node93node120_t5,1.0,node93transit_node120source
flow_timber_node1node62_t1,2.0,node1transit_node62transit
flow_timber_node1node62_t2,2.0,node1transit_node62transit
flow_timber_node1node62_t3,2.0,node1transit_node62transit
flow_timber_node1node62_t4,2.0,node1transit_node62transit
flow_timber_node1node62_t5,2.0,node1transit_node62transit
flow_timber_node79node1_t1,1.0,node79transit_node1transit
flow_timber_node79node1_t2,1.0,node79transit_node1transit
flow_timber_node79node1_t3,2.0,node79transit_node1transit
flow_timber_node79node1_t4,1.0,node79transit_node1transit
flow_timber_node79node1_t5,1.0,node79transit_node1transit
flow_timber_node62node51_t1,2.0,node62transit_node51transit
flow_timber_node62node51_t2,2.0,node62transit_node51transit
flow_timber_node62node51_t3,2.0,node62transit_node51transit
flow_timber_node62node51_t4,2.0,node62transit_node51transit
flow_timber_node62node51_t5,2.0,node62transit_node51transit
flow_timber_node119node24_t1,1.0,node119source_node24transit
flow_timber_node119node24_t2,1.0,node119source_node24transit
flow_timber_node119node24_t3,1.0,node119source_node24transit
flow_timber_node119node24_t5,1.0,node119source_node24transit
flow_timber_node119node55_t4,1.0,node119source_node55transit
flow_timber_node144node1_t1,1.0,node144source_node1transit
flow_timber_node144node1_t2,1.0,node144source_node1transit
flow_timber_node144node1_t4,1.0,node144source_node1transit
flow_timber_node144node1_t5,1.0,node144source_node1transit
flow_timber_node144node79_t3,1.0,node144source_node79transit
flow_timber_node3node87_t1,1.0,node3transit_node87transit
flow_timber_node3node87_t2,1.0,node3transit_node87transit
flow_timber_node3node87_t3,1.0,node3transit_node87transit
flow_timber_node3node87_t4,1.0,node3transit_node87transit
flow_timber_node3node87_t5,1.0,node3transit_node87transit
flow_timber_node87node55_t1,2.0,node87transit_node55transit
flow_timber_node87node55_t2,2.0,node87transit_node55transit
flow_timber_node87node55_t3,2.0,node87transit_node55transit
flow_timber_node87node55_t4,3.0,node87transit_node55transit
flow_timber_node87node55_t5,2.0,node87transit_node55transit
flow_timber_node122node3_t1,1.0,node122source_node3transit
flow_timber_node122node3_t2,1.0,node122source_node3transit
flow_timber_node122node3_t3,1.0,node122source_node3transit
flow_timber_node122node3_t4,1.0,node122source_node3transit
flow_timber_node122node3_t5,1.0,node122source_node3transit
flow_timber_node123node87_t1,1.0,node123source_node87transit
flow_timber_node123node87_t2,1.0,node123source_node87transit
flow_timber_node123node87_t3,1.0,node123source_node87transit
flow_timber_node123node87_t4,1.0,node123source_node87transit
flow_timber_node123node87_t5,1.0,node123source_node87transit
flow_timber_node4node91_t4,-8.704148513061224e-13,node4transit_node91transit
flow_timber_node4node88_t4,-6.769893287936508e-13,node4transit_node88transit
flow_timber_node91node4_t4,-1.7408297026122448e-12,node91transit_node4transit
flow_timber_node88node4_t3,1.9342552251247164e-13,node88transit_node4transit
flow_timber_node88node4_t4,1.9342552251247164e-13,node88transit_node4transit
flow_timber_node133node4_t3,-1.9342552251247164e-13,node133source_node4transit
flow_timber_node133node68_t1,1.0,node133source_node68transit
flow_timber_node133node68_t2,1.0,node133source_node68transit
flow_timber_node133node68_t3,1.0,node133source_node68transit
flow_timber_node133node68_t4,1.0,node133source_node68transit
flow_timber_node133node68_t5,1.0,node133source_node68transit
flow_timber_node133node88_t3,1.9342552251247164e-13,node133source_node88transit
flow_timber_node137node45_t4,-4.352074256530612e-13,node137source_node45transit
flow_timber_node137node63_t4,4.352074256530612e-13,node137source_node63transit
flow_timber_node137node77_t1,1.0,node137source_node77transit
flow_timber_node137node77_t2,1.0,node137source_node77transit
flow_timber_node137node77_t4,1.0,node137source_node77transit
flow_timber_node137node77_t5,1.0,node137source_node77transit
flow_timber_node20node42_t1,1.0,node20transit_node42transit
flow_timber_node20node42_t2,1.0,node20transit_node42transit
flow_timber_node20node42_t3,1.0,node20transit_node42transit
flow_timber_node20node42_t4,1.0,node20transit_node42transit
flow_timber_node20node42_t5,1.0,node20transit_node42transit
flow_timber_node145node20_t1,1.0,node145source_node20transit
flow_timber_node145node20_t2,1.0,node145source_node20transit
flow_timber_node145node20_t3,1.0,node145source_node20transit
flow_timber_node145node20_t4,1.0,node145source_node20transit
flow_timber_node145node20_t5,1.0,node145source_node20transit
flow_timber_node45node77_t4,-4.352074256530612e-13,node45transit_node77transit
flow_timber_node17node8_t4,8.704148513061224e-13,node17transit_node8transit
flow_timber_node140node8_t2,1.0,node140source_node8transit
flow_timber_node140node8_t3,1.0,node140source_node8transit
flow_timber_node140node8_t4,1.0,node140source_node8transit
flow_timber_node140node8_t5,1.0,node140source_node8transit
flow_timber_node140node17_t4,8.704148513061224e-13,node140source_node17transit
flow_timber_node140node45_t4,-8.704148513061224e-13,node140source_node45transit
flow_timber_node140node77_t1,1.0,node140source_node77transit
flow_timber_node7node115_t1,4.0,node7transit_node115exit
flow_timber_node7node115_t2,4.0,node7transit_node115exit
flow_timber_node7node115_t3,4.0,node7transit_node115exit
flow_timber_node7node115_t4,4.0,node7transit_node115exit
flow_timber_node7node115_t5,4.0,node7transit_node115exit
flow_timber_node58node7_t1,4.0,node58transit_node7transit
flow_timber_node58node7_t2,4.0,node58transit_node7transit
flow_timber_node58node7_t3,4.0,node58transit_node7transit
flow_timber_node58node7_t4,4.0,node58transit_node7transit
flow_timber_node58node7_t5,4.0,node58transit_node7transit
flow_timber_node8node18_t1,4.0,node8transit_node18transit
flow_timber_node8node18_t2,3.0,node8transit_node18transit
flow_timber_node8node18_t3,3.0,node8transit_node18transit
flow_timber_node8node18_t4,3.0,node8transit_node18transit
flow_timber_node8node18_t5,3.0,node8transit_node18transit
flow_timber_node77node8_t1,2.0,node77transit_node8transit
flow_timber_node77node8_t2,1.0,node77transit_node8transit
flow_timber_node77node8_t4,1.0,node77transit_node8transit
flow_timber_node77node8_t5,1.0,node77transit_node8transit
flow_timber_node77node45_t4,4.352074256530612e-13,node77transit_node45transit
flow_timber_node77node91_t4,-8.704148513061224e-13,node77transit_node91transit
flow_timber_node18node19_t1,4.0,node18transit_node19transit
flow_timber_node18node19_t2,4.0,node18transit_node19transit
flow_timber_node18node19_t3,3.0,node18transit_node19transit
flow_timber_node18node19_t4,3.0,node18transit_node19transit
flow_timber_node18node19_t5,5.0,node18transit_node19transit
flow_timber_node132node8_t4,-8.704148513061224e-13,node132source_node8transit
flow_timber_node132node19_t1,1.0,node132source_node19transit
flow_timber_node132node50_t4,1.0000000000008704,node132source_node50transit
flow_timber_node132node68_t5,1.0,node132source_node68transit
flow_wide_node132node68_t1,1.0,node132source_node68transit
flow_timber_node139node8_t1,1.0,node139source_node8transit
flow_timber_node139node8_t3,1.0,node139source_node8transit
flow_timber_node139node12_t4,1.0,node139source_node12transit
flow_timber_node139node18_t2,1.0,node139source_node18transit
flow_timber_node139node18_t5,1.0,node139source_node18transit
flow_timber_node141node8_t1,1.0,node141source_node8transit
flow_timber_node141node8_t2,1.0,node141source_node8transit
flow_timber_node141node8_t3,1.0,node141source_node8transit
flow_timber_node141node8_t4,1.0,node141source_node8transit
flow_timber_node141node8_t5,1.0,node141source_node8transit
flow_timber_node9node54_t4,3.0,node9exit_node54transit
flow_timber_node54node9_t1,7.0,node54transit_node9exit
flow_timber_node54node9_t2,5.0,node54transit_node9exit
flow_timber_node54node9_t3,5.0,node54transit_node9exit
flow_timber_node54node9_t4,9.0,node54transit_node9exit
flow_timber_node54node9_t5,6.0,node54transit_node9exit
flow_timber_node10node57_t4,-6.963318810448979e-13,node10transit_node57transit
flow_timber_node34node10_t4,-6.963318810448979e-13,node34transit_node10transit
flow_timber_node34node37_t5,-1.7408297026122455e-13,node34transit_node37transit
flow_timber_node36node12_t1,3.0,node36transit_node12transit
flow_timber_node36node12_t2,3.0,node36transit_node12transit
flow_timber_node36node12_t3,3.0,node36transit_node12transit
flow_timber_node36node12_t4,3.0,node36transit_node12transit
flow_timber_node36node12_t5,3.0,node36transit_node12transit
flow_timber_node129node56_t1,1.0,node129source_node56transit
flow_timber_node129node56_t3,1.0,node129source_node56transit
flow_timber_node129node56_t4,1.0,node129source_node56transit
flow_timber_node129node56_t5,1.0,node129source_node56transit
flow_timber_node129node57_t4,6.963318810448979e-13,node129source_node57transit
flow_timber_node129node72_t4,-6.963318810448979e-13,node129source_node72transit
flow_timber_node138node36_t3,3.481659405224491e-13,node138source_node36transit
flow_timber_node138node64_t1,1.0,node138source_node64transit
flow_timber_node138node64_t2,1.0,node138source_node64transit
flow_timber_node138node64_t3,1.0,node138source_node64transit
flow_timber_node138node64_t4,1.0,node138source_node64transit
flow_timber_node138node64_t5,1.0,node138source_node64transit
flow_timber_node142node36_t1,1.0,node142source_node36transit
flow_timber_node142node36_t2,1.0,node142source_node36transit
flow_timber_node142node36_t5,1.0,node142source_node36transit
flow_timber_node142node37_t3,1.0,node142source_node37transit
flow_timber_node142node37_t4,8.704148513061224e-13,node142source_node37transit
flow_timber_node142node52_t4,0.9999999999991296,node142source_node52transit
flow_timber_node143node58_t1,1.0,node143source_node58transit
flow_timber_node143node58_t2,1.0,node143source_node58transit
flow_timber_node143node58_t3,1.0,node143source_node58transit
flow_timber_node143node58_t4,1.0,node143source_node58transit
flow_timber_node143node58_t5,1.0,node143source_node58transit
flow_timber_node12node64_t1,3.0,node12transit_node64transit
flow_timber_node12node64_t2,3.0,node12transit_node64transit
flow_timber_node12node64_t3,3.0,node12transit_node64transit
flow_timber_node12node64_t4,4.0,node12transit_node64transit
flow_timber_node12node64_t5,3.0,node12transit_node64transit
flow_timber_node64node95_t1,4.0,node64transit_node95transit
flow_timber_node64node95_t2,4.0,node64transit_node95transit
flow_timber_node64node95_t3,4.0,node64transit_node95transit
flow_timber_node64node95_t4,5.0,node64transit_node95transit
flow_timber_node64node95_t5,4.0,node64transit_node95transit
flow_timber_node31node49_t1,8.0,node31transit_node49exit
flow_timber_node31node49_t2,8.0,node31transit_node49exit
flow_timber_node31node49_t3,8.0,node31transit_node49exit
flow_timber_node31node49_t4,8.0,node31transit_node49exit
flow_timber_node31node49_t5,8.0,node31transit_node49exit
flow_timber_node118node24_t5,1.0,node118source_node24transit
flow_timber_node118node31_t1,1.0,node118source_node31transit
flow_timber_node118node31_t2,1.0,node118source_node31transit
flow_timber_node118node31_t3,1.0,node118source_node31transit
flow_timber_node118node31_t4,1.0,node118source_node31transit
flow_timber_node19node50_t1,6.0,node19transit_node50transit
flow_timber_node19node50_t2,5.0,node19transit_node50transit
flow_timber_node19node50_t3,4.0,node19transit_node50transit
flow_timber_node19node50_t4,4.0,node19transit_node50transit
flow_timber_node19node50_t5,6.0,node19transit_node50transit
flow_timber_node19node38_t4,8.704148513061224e-13,node19transit_node38transit
flow_timber_node38node52_t4,6.959988141375102e-13,node38transit_node52transit
flow_timber_node131node18_t5,1.0,node131source_node18transit
flow_timber_node131node19_t1,1.0,node131source_node19transit
flow_timber_node131node19_t2,1.0,node131source_node19transit
flow_timber_node131node19_t3,1.0,node131source_node19transit
flow_timber_node131node19_t4,1.0,node131source_node19transit
flow_timber_node50node19_t4,8.704148513061224e-13,node50transit_node19transit
flow_timber_node50node19_t5,1.0,node50transit_node19transit
flow_timber_node50node54_t1,6.0,node50transit_node54transit
flow_timber_node50node54_t2,5.0,node50transit_node54transit
flow_timber_node50node54_t3,4.0,node50transit_node54transit
flow_timber_node50node54_t4,5.0,node50transit_node54transit
flow_timber_node50node54_t5,5.0,node50transit_node54transit
flow_timber_node130node38_t3,-3.481659405224491e-13,node130source_node38transit
flow_timber_node130node50_t4,8.704148513061224e-13,node130source_node50transit
flow_timber_node130node54_t1,1.0,node130source_node54transit
flow_timber_node130node54_t3,1.0,node130source_node54transit
flow_timber_node130node54_t4,1.0,node130source_node54transit
flow_timber_node130node54_t5,1.0,node130source_node54transit
flow_timber_node130node56_t2,1.0,node130source_node56transit
flow_timber_node130node75_t3,3.481659405224491e-13,node130source_node75transit
flow_timber_node130node75_t4,-8.704148513061224e-13,node130source_node75transit
flow_timber_node42node40_t1,1.0,node42transit_node40transit
flow_timber_node42node40_t2,1.0,node42transit_node40transit
flow_timber_node42node40_t3,1.0,node42transit_node40transit
flow_timber_node42node40_t4,1.0,node42transit_node40transit
flow_timber_node42node40_t5,1.0,node42transit_node40transit
flow_timber_node29node88_t4,8.704148513061224e-13,node29transit_node88transit
flow_timber_node90node30_t1,1.0,node90transit_node30transit
flow_timber_node90node30_t2,1.0,node90transit_node30transit
flow_timber_node90node30_t3,1.0,node90transit_node30transit
flow_timber_node90node30_t4,2.0,node90transit_node30transit
flow_timber_node90node30_t5,1.0,node90transit_node30transit
flow_timber_node127node29_t4,8.704148513061224e-13,node127source_node29transit
flow_timber_node127node90_t1,1.0,node127source_node90transit
flow_timber_node127node90_t2,1.0,node127source_node90transit
flow_timber_node127node90_t3,1.0,node127source_node90transit
flow_timber_node127node90_t4,0.9999999999991296,node127source_node90transit
flow_timber_node127node90_t5,1.0,node127source_node90transit
flow_timber_node55node24_t1,3.0,node55transit_node24transit
flow_timber_node55node24_t2,3.0,node55transit_node24transit
flow_timber_node55node24_t3,3.0,node55transit_node24transit
flow_timber_node55node24_t4,4.0,node55transit_node24transit
flow_timber_node55node24_t5,3.0,node55transit_node24transit
flow_timber_node121node55_t1,1.0,node121source_node55transit
flow_timber_node121node55_t2,1.0,node121source_node55transit
flow_timber_node121node55_t3,1.0,node121source_node55transit
flow_timber_node121node55_t5,1.0,node121source_node55transit
flow_timber_node121node87_t4,1.0,node121source_node87transit
flow_timber_node24node31_t1,7.0,node24transit_node31transit
flow_timber_node24node31_t2,7.0,node24transit_node31transit
flow_timber_node24node31_t3,7.0,node24transit_node31transit
flow_timber_node24node31_t4,7.0,node24transit_node31transit
flow_timber_node24node31_t5,8.0,node24transit_node31transit
flow_timber_node61node24_t1,3.0,node61transit_node24transit
flow_timber_node61node24_t2,3.0,node61transit_node24transit
flow_timber_node61node24_t3,3.0,node61transit_node24transit
flow_timber_node61node24_t4,3.0,node61transit_node24transit
flow_timber_node61node24_t5,3.0,node61transit_node24transit
flow_timber_node28node59_t1,4.0,node28transit_node59transit
flow_timber_node28node59_t2,2.0,node28transit_node59transit
flow_timber_node28node59_t3,4.0,node28transit_node59transit
flow_timber_node28node59_t4,4.0,node28transit_node59transit
flow_timber_node28node59_t5,5.0,node28transit_node59transit
flow_wide_node28node59_t1,1.0,node28transit_node59transit
flow_timber_node30node28_t1,2.0,node30transit_node28transit
flow_timber_node30node28_t2,1.0,node30transit_node28transit
flow_timber_node30node28_t3,2.0,node30transit_node28transit
flow_timber_node30node28_t4,3.0,node30transit_node28transit
flow_timber_node30node28_t5,2.0,node30transit_node28transit
flow_timber_node30node90_t4,8.704148513061224e-13,node30transit_node90transit
flow_timber_node68node28_t1,1.0,node68transit_node28transit
flow_timber_node68node28_t2,1.0,node68transit_node28transit
flow_timber_node68node28_t3,1.0,node68transit_node28transit
flow_timber_node68node28_t4,1.0,node68transit_node28transit
flow_timber_node68node28_t5,2.0,node68transit_node28transit
flow_wide_node68node28_t1,1.0,node68transit_node28transit
flow_timber_node68node50_t4,-8.704148513061224e-13,node68transit_node50transit
flow_timber_node59node101_t1,4.0,node59transit_node101exit
flow_timber_node59node101_t2,2.0,node59transit_node101exit
flow_timber_node59node101_t3,4.0,node59transit_node101exit
flow_timber_node59node101_t4,4.0,node59transit_node101exit
flow_timber_node59node101_t5,5.0,node59transit_node101exit
flow_wide_node59node101_t1,1.0,node59transit_node101exit
flow_timber_node134node28_t1,1.0,node134source_node28transit
flow_timber_node134node28_t3,1.0,node134source_node28transit
flow_timber_node134node28_t5,1.0,node134source_node28transit
flow_timber_node134node30_t4,1.0000000000008704,node134source_node30transit
flow_timber_node134node68_t4,-8.704148513061224e-13,node134source_node68transit
flow_timber_node43node90_t4,-1.9342552251247164e-13,node43transit_node90transit
flow_timber_node135node30_t1,1.0,node135source_node30transit
flow_timber_node135node30_t3,1.0,node135source_node30transit
flow_timber_node135node30_t5,1.0,node135source_node30transit
flow_timber_node135node43_t4,-1.9342552251247164e-13,node135source_node43transit
flow_timber_node135node90_t4,1.0000000000001934,node135source_node90transit
flow_timber_node41node96_t1,1.0,node41transit_node96transit
flow_timber_node41node96_t2,1.0,node41transit_node96transit
flow_timber_node41node96_t3,1.0,node41transit_node96transit
flow_timber_node41node96_t4,1.0,node41transit_node96transit
flow_timber_node41node96_t5,1.0,node41transit_node96transit
flow_timber_node136node41_t1,1.0,node136source_node41transit
flow_timber_node136node41_t2,1.0,node136source_node41transit
flow_timber_node136node41_t3,1.0,node136source_node41transit
flow_timber_node136node41_t4,1.0,node136source_node41transit
flow_timber_node136node41_t5,1.0,node136source_node41transit
flow_timber_node63node45_t4,4.352074256530612e-13,node63transit_node45transit
flow_timber_node56node37_t1,1.0,node56transit_node37transit
flow_timber_node56node37_t2,1.0,node56transit_node37transit
flow_timber_node56node37_t3,1.0,node56transit_node37transit
flow_timber_node56node37_t4,0.9999999999984333,node56transit_node37transit
flow_timber_node56node37_t5,2.0,node56transit_node37transit
flow_timber_node56node75_t4,1.5667467323510203e-12,node56transit_node75transit
flow_timber_node37node34_t4,-6.963318810448979e-13,node37transit_node34transit
flow_timber_node37node56_t5,-1.7408297026122455e-13,node37transit_node56transit
flow_timber_node37node52_t1,2.0,node37transit_node52transit
flow_timber_node37node52_t2,2.0,node37transit_node52transit
flow_timber_node37node52_t3,3.0,node37transit_node52transit
flow_timber_node37node52_t4,2.0,node37transit_node52transit
flow_timber_node37node52_t5,2.0,node37transit_node52transit
flow_timber_node126node34_t5,-1.7408297026122455e-13,node126source_node34transit
flow_timber_node126node37_t1,1.0,node126source_node37transit
flow_timber_node126node37_t2,1.0,node126source_node37transit
flow_timber_node126node37_t3,1.0,node126source_node37transit
flow_timber_node126node37_t4,1.0,node126source_node37transit
flow_timber_node126node56_t5,1.000000000000174,node126source_node56transit
flow_timber_node96node79_t1,1.0,node96transit_node79transit
flow_timber_node96node79_t2,1.0,node96transit_node79transit
flow_timber_node96node79_t3,1.0,node96transit_node79transit
flow_timber_node96node79_t4,1.0,node96transit_node79transit
flow_timber_node96node79_t5,1.0,node96transit_node79transit
flow_timber_node52node36_t1,2.0,node52transit_node36transit
flow_timber_node52node36_t2,2.0,node52transit_node36transit
flow_timber_node52node36_t3,2.999999999999652,node52transit_node36transit
flow_timber_node52node36_t4,3.0,node52transit_node36transit
flow_timber_node52node36_t5,2.0,node52transit_node36transit
flow_timber_node52node38_t3,3.481659405224491e-13,node52transit_node38transit
flow_timber_node52node38_t4,-1.7441603716861217e-13,node52transit_node38transit
flow_timber_node40node80_t1,2.0,node40transit_node80transit
flow_timber_node40node80_t2,3.0,node40transit_node80transit
flow_timber_node40node80_t3,2.0,node40transit_node80transit
flow_timber_node40node80_t4,2.0,node40transit_node80transit
flow_timber_node40node80_t5,3.0,node40transit_node80transit
flow_timber_node80node58_t1,3.0,node80transit_node58transit
flow_timber_node80node58_t2,3.0,node80transit_node58transit
flow_timber_node80node58_t3,3.0,node80transit_node58transit
flow_timber_node80node58_t4,3.0,node80transit_node58transit
flow_timber_node80node58_t5,3.0,node80transit_node58transit
flow_timber_node124node40_t1,1.0,node124source_node40transit
flow_timber_node124node40_t2,1.0,node124source_node40transit
flow_timber_node124node40_t3,1.0,node124source_node40transit
flow_timber_node124node40_t4,1.0,node124source_node40transit
flow_timber_node124node40_t5,1.0,node124source_node40transit
flow_timber_node125node40_t2,1.0,node125source_node40transit
flow_timber_node125node40_t5,1.0,node125source_node40transit
flow_timber_node125node80_t1,1.0,node125source_node80transit
flow_timber_node125node80_t3,1.0,node125source_node80transit
flow_timber_node125node80_t4,1.0,node125source_node80transit
flow_timber_node53node104_t1,1.0,node53transit_node104exit
flow_timber_node53node104_t2,1.0,node53transit_node104exit
flow_timber_node53node104_t3,1.0,node53transit_node104exit
flow_timber_node53node104_t4,1.0,node53transit_node104exit
flow_timber_node53node104_t5,1.0,node53transit_node104exit
flow_timber_node128node53_t1,1.0,node128source_node53transit
flow_timber_node128node53_t2,1.0,node128source_node53transit
flow_timber_node128node53_t3,1.0,node128source_node53transit
flow_timber_node128node53_t4,1.0,node128source_node53transit
flow_timber_node128node53_t5,1.0,node128source_node53transit
flow_timber_node51node61_t1,3.0,node51transit_node61transit
flow_timber_node51node61_t2,3.0,node51transit_node61transit
flow_timber_node51node61_t3,3.0,node51transit_node61transit
flow_timber_node51node61_t4,3.0,node51transit_node61transit
flow_timber_node51node61_t5,3.0,node51transit_node61transit
flow_timber_node120node51_t1,1.0,node120source_node51transit
flow_timber_node120node51_t2,1.0,node120source_node51transit
flow_timber_node120node51_t3,1.0,node120source_node51transit
flow_timber_node120node51_t4,1.0,node120source_node51transit
flow_timber_node120node51_t5,1.0,node120source_node51transit
flow_timber_node72node75_t4,-6.963318810448979e-13,node72transit_node75transit
flow_timber_node95node67_t1,4.0,node95transit_node67exit
flow_timber_node95node67_t2,4.0,node95transit_node67exit
flow_timber_node95node67_t3,4.0,node95transit_node67exit
flow_timber_node95node67_t4,5.0,node95transit_node67exit
flow_timber_node95node67_t5,4.0,node95transit_node67exit
