"Node1(x,y)","Node2(x,y)",edgelength,slope,has_exit,has_source
"(-15488.65158, 150192.52731)","(-15470.29388, 150195.65221)",0.018621765472156174,23.4662,False,False
"(-15488.65158, 150192.52731)","(-15500.94918, 150190.43401)",0.012474488793134142,23.4662,False,False
"(-15375.90908, 150861.71891)","(-15364.00278, 150850.47411)",0.016376981001688058,19.449,False,False
"(-15375.90908, 150861.71891)","(-15369.24588, 150888.48011)",0.027578253383425514,19.449,False,False
"(-16093.78648, 151567.85511)","(-16053.41638, 151500.55371)",0.07848072002708407,23.2042,False,False
"(-16093.78648, 151567.85511)","(-16140.00328, 151635.98581)",0.08232730339766517,23.2042,False,False
"(-15355.56138, 149827.75941)","(-15349.34798, 149833.30801)",0.00833026419269437,23.4662,False,False
"(-15355.56138, 149827.75941)","(-15360.80348, 149823.07821)",0.0070280328577729985,23.4662,False,False
"(-15640.50618, 150190.11571)","(-15628.85498, 150188.88411)",0.011716112836602574,23.4662,False,False
"(-15640.50618, 150190.11571)","(-15646.87508, 150190.78881)",0.0064043696660931295,23.4662,False,False
"(-15113.11348, 149970.19631)","(-15113.10358, 149970.21241)",1.8900264554767767e-05,23.4662,False,False
"(-15113.11348, 149970.19631)","(-15065.39738, 149890.46581)",0.09291812971353212,23.4662,False,False
"(-15481.48808, 149693.88531)","(-15468.72278, 149694.99731)",0.01281364226478808,23.4662,False,False
"(-15481.48808, 149693.88531)","(-15500.69658, 149692.21201)",0.019281244906387787,23.4662,False,False
"(-15163.10248, 149418.52021)","(-15114.61658, 149434.87321)",0.05116935711741998,23.4662,False,False
"(-15163.10248, 149418.52021)","(-15195.44898, 149380.68971)",0.049773916788802185,23.4662,False,False
"(-15984.68538, 150548.49211)","(-15969.22638, 150501.52031)",0.04945028489543778,25.4249,False,False
"(-15984.68538, 150548.49211)","(-16027.29348, 150583.55351)",0.05517927106776939,25.4249,False,False
"(-15178.54888, 149734.80421)","(-15178.50918, 149734.84611)",5.7720880113024014e-05,23.4662,False,False
"(-15178.54888, 149734.80421)","(-15078.50408, 149746.25911)",0.10069844458108675,23.4662,True,False
"(-15293.98748, 149866.05161)","(-15293.99068, 149866.06661)",1.5337535669904595e-05,23.4662,False,False
"(-15293.98748, 149866.05161)","(-15294.01488, 149866.04081)",2.9451655298325195e-05,23.4662,False,False
"(-15583.07898, 149881.33411)","(-15575.52858, 149855.97201)",0.026462136281296778,23.4662,False,False
"(-15583.07898, 149881.33411)","(-15588.01568, 149897.91681)",0.017301934752505847,23.4662,False,False
"(-15287.79668, 151649.15651)","(-15352.61968, 151675.61491)",0.07001477172397413,19.449,False,False
"(-15287.79668, 151649.15651)","(-15224.29658, 151594.91681)",0.08351172226759852,19.449,False,False
"(-15263.69018, 150061.20481)","(-15263.90528, 150075.50691)",0.014303717433591283,23.4662,False,False
"(-15263.69018, 150061.20481)","(-15263.53988, 150051.20381)",0.010002129327787438,23.4662,False,False
"(-15321.27528, 150150.42641)","(-15328.32218, 150136.04191)",0.01601788499957394,23.4662,False,False
"(-15321.27528, 150150.42641)","(-15309.93628, 150164.24571)",0.01787584888865637,23.4662,False,False
"(-15671.33568, 151806.42291)","(-15640.11968, 151844.63971)",0.04934533876912404,22.0352,False,False
"(-15671.33568, 151806.42291)","(-15697.22236, 151795.71972)",0.028012113051294148,22.0352,True,False
"(-15307.25168, 150197.11641)","(-15292.80178, 150185.12831)",0.018775360226096736,23.4662,False,False
"(-15307.25168, 150197.11641)","(-15325.97378, 150212.64901)",0.0243265018276409,23.4662,False,False
"(-15386.67088, 149574.81071)","(-15388.29288, 149568.70661)",0.006315925966156131,23.4662,False,False
"(-15386.67088, 149574.81071)","(-15385.18978, 149580.38481)",0.005767516625028045,23.4662,False,False
"(-15874.65038, 151718.69861)","(-15922.49668, 151721.66051)",0.0479378897668647,22.0352,False,False
"(-15874.65038, 151718.69861)","(-15795.04978, 151756.65521)",0.08818706823520295,22.0352,False,False
"(-15671.07088, 150192.34121)","(-15664.87298, 150192.69131)",0.006207780152355367,23.4662,False,False
"(-15671.07088, 150192.34121)","(-15683.15398, 150191.65861)",0.01210236540391985,23.4662,False,False
"(-15295.57428, 150941.97051)","(-15305.98238, 150931.73811)",0.014595566291519443,19.449,False,False
"(-15295.57428, 150941.97051)","(-15265.47868, 150971.55861)",0.0422042746765023,19.449,False,False
"(-15085.05838, 150453.89061)","(-15045.44558, 150481.54301)",0.04830972106729252,25.3663,False,False
"(-15085.05838, 150453.89061)","(-15116.51168, 150422.52661)",0.04441858368847479,25.3663,False,False
"(-15381.95528, 150930.18901)","(-15369.24588, 150888.48011)",0.043602307135859344,19.449,False,False
"(-15381.95528, 150930.18901)","(-15333.16518, 150961.60071)",0.058027310422764065,19.449,False,False
"(-15809.94198, 151377.67811)","(-15742.87218, 151373.36521)",0.06720832670473259,23.2042,True,False
"(-15809.94198, 151377.67811)","(-15851.25848, 151401.42441)",0.047654380028912494,23.2042,True,False
"(-15828.47098, 150250.04511)","(-15815.24178, 150246.07641)",0.013811673046013467,18.0318,False,False
"(-15828.47098, 150250.04511)","(-15838.45128, 150275.37441)",0.02722461802448524,18.0318,False,False
"(-15319.02348, 150788.95841)","(-15316.37778, 150763.82291)",0.025274356346704347,19.449,False,False
"(-15319.02348, 150788.95841)","(-15325.63808, 150815.41681)",0.02727269447121384,19.449,False,False
"(-16046.43798, 150578.47991)","(-16027.29348, 150583.55351)",0.01980538556075208,25.4249,False,False
"(-16046.43798, 150578.47991)","(-16067.26668, 150543.55681)",0.04066273056865442,25.4249,False,False
"(-16097.42928, 150653.09461)","(-16067.26678, 150626.10701)",0.040473534068692966,25.4249,False,False
"(-16097.42928, 150653.09461)","(-16122.90718, 150623.28281)",0.039215644934767376,25.4249,False,False
"(-15015.66618, 150984.30201)","(-15062.88978, 151033.06011)",0.06787798400488719,19.449,False,False
"(-15015.66618, 150984.30201)","(-14947.37588, 150972.40901)",0.06931816878056098,19.449,False,False
"(-16187.02818, 150856.79191)","(-16216.49208, 150851.53241)",0.029929646564232703,25.4249,True,False
"(-16187.02818, 150856.79191)","(-16139.15538, 150881.55251)",0.05389705272276355,25.4249,False,False
"(-15048.10258, 149544.40381)","(-15050.52708, 149543.06211)",0.002770985229114184,23.4662,False,False
"(-15048.10258, 149544.40381)","(-15044.95428, 149546.14601)",0.003598201457677448,23.4662,False,False
"(-15055.68128, 149571.97301)","(-15050.96878, 149578.80611)",0.008300536841690421,23.4662,False,False
"(-15055.68128, 149571.97301)","(-15060.18448, 149565.44331)",0.007931947574826214,23.4662,False,False
"(-15468.72278, 149694.99731)","(-15461.26038, 149693.95951)",0.007534218114711492,23.4662,False,False
"(-15802.41828, 150389.03991)","(-15758.40808, 150419.61941)",0.053591076909233495,18.0318,False,False
"(-15802.41828, 150389.03991)","(-15848.72048, 150337.44601)",0.06932405240641765,18.0318,False,False
"(-16067.26668, 150543.55681)","(-16091.80308, 150566.45741)",0.03356296180791646,25.4249,False,False
"(-15609.92658, 150506.86791)","(-15541.15788, 150559.86411)",0.08682010892719037,18.0318,False,False
"(-15609.92658, 150506.86791)","(-15663.87298, 150488.32441)",0.05704450425071699,18.0318,False,False
"(-14984.62508, 150280.35291)","(-15015.05218, 150281.67581)",0.030455844739886072,25.3663,False,False
"(-14984.62508, 150280.35291)","(-14972.72698, 150263.16671)",0.0209028766931704,25.3663,False,False
"(-15909.45728, 150897.85831)","(-15945.09588, 150839.36401)",0.06849593376582577,19.449,False,False
"(-15909.45728, 150897.85831)","(-15866.55838, 150928.22371)",0.05255828325172763,19.449,False,False
"(-15182.68838, 149831.29271)","(-15192.36848, 149830.41881)",0.00971946692056732,23.4662,False,False
"(-15182.68838, 149831.29271)","(-15166.31108, 149832.77121)",0.016443902138482697,23.4662,False,False
"(-15371.32418, 149814.24621)","(-15365.80768, 149818.72031)",0.00710277009763986,23.4662,False,False
"(-15371.32418, 149814.24621)","(-15378.56608, 149808.37301)",0.009324140381291687,23.4662,False,False
"(-15549.11008, 149764.81151)","(-15544.55798, 149752.09621)",0.01350557175762214,23.4662,False,False
"(-15549.11008, 149764.81151)","(-15551.07158, 149771.71641)",0.007178100463208641,23.4662,False,False
"(-16154.00448, 150616.38351)","(-16145.05438, 150599.11941)",0.019446167715516896,25.4249,False,False
"(-16154.00448, 150616.38351)","(-16172.13848, 150612.36021)",0.018574953536684997,25.4249,False,False
"(-15851.25848, 151401.42441)","(-15798.28916, 151460.01916)",0.07898793318490908,23.2042,True,False
"(-16091.80308, 150566.45741)","(-16098.69358, 150572.88851)",0.009425393225740073,25.4249,False,False
"(-15265.17818, 151110.93621)","(-15325.96508, 151113.77781)",0.06085328176992439,19.449,False,False
"(-15265.17818, 151110.93621)","(-15204.54368, 151118.09951)",0.06105616641371949,19.449,False,False
"(-15315.05478, 150700.32271)","(-15331.59128, 150656.66641)",0.046683277112261654,19.449,False,False
"(-15315.05478, 150700.32271)","(-15316.37778, 150763.82291)",0.06351398057937725,19.449,False,False
"(-15643.69648, 150911.18171)","(-15617.22848, 150975.66971)",0.06970837229485313,19.449,False,False
"(-15643.69648, 150911.18171)","(-15654.94148, 150858.33571)",0.05402915639725433,19.449,False,False
"(-15018.37858, 149630.62591)","(-15019.45588, 149631.82991)",0.0016156086438221442,23.4662,False,False
"(-15018.37858, 149630.62591)","(-15023.03788, 149623.02391)",0.008916248117352905,23.4662,False,False
"(-16202.06178, 151763.61541)","(-16230.63678, 151765.99671)",0.028674051243067843,23.2042,False,False
"(-16202.06178, 151763.61541)","(-16162.37428, 151719.16531)",0.05958950449751089,23.2042,False,False
"(-15265.17118, 149927.97641)","(-15252.44298, 149926.51651)",0.012811650293776995,23.4662,False,False
"(-15265.17118, 149927.97641)","(-15278.25298, 149929.47691)",0.01316757348526987,23.4662,False,False
"(-15078.22748, 151084.53571)","(-15062.88978, 151033.06011)",0.05371203251274837,19.449,False,False
"(-15078.22748, 151084.53571)","(-15155.75118, 151087.02651)",0.07756370379455817,19.449,False,False
"(-15577.66468, 151846.89071)","(-15640.11968, 151844.63971)",0.0624955520497265,22.0352,False,False
"(-15577.66468, 151846.89071)","(-15529.13538, 151842.72781)",0.048707521954006024,22.0352,False,False
"(-16047.93058, 150819.15691)","(-16067.65228, 150774.27411)",0.04902459777223364,25.4249,False,False
"(-16047.93058, 150819.15691)","(-16014.28048, 150857.21621)",0.05080196400240617,25.4249,False,False
"(-16053.63158, 151800.99241)","(-16038.46608, 151722.45531)",0.07998792700565802,22.0352,False,False
"(-16053.63158, 151800.99241)","(-15968.16798, 151767.65501)",0.09173553926216975,22.0352,False,False
"(-15529.77098, 149710.79201)","(-15523.98278, 149694.62421)",0.01717268226223986,23.4662,False,False
"(-15529.77098, 149710.79201)","(-15544.55798, 149752.09621)",0.04387131530554669,23.4662,False,False
"(-15103.95238, 149895.30561)","(-15097.13708, 149893.56831)",0.007033244299754594,23.4662,False,False
"(-15103.95238, 149895.30561)","(-15117.61648, 149898.78841)",0.014100976017637384,23.4662,False,False
"(-15065.39738, 149890.46581)","(-15068.22688, 149890.74231)",0.0028429777522877317,23.4662,True,False
"(-15617.27618, 150187.66011)","(-15616.52078, 150187.58031)",0.0007596033175290233,23.4662,False,False
"(-15617.27618, 150187.66011)","(-15628.85498, 150188.88411)",0.011643315053713212,23.4662,False,False
"(-15771.70978, 150101.53671)","(-15767.83258, 150111.50161)",0.010692610151427384,23.4662,True,False
"(-15771.70978, 150101.53671)","(-15759.21288, 150095.10029)",0.014057027140408873,23.4662,True,False
"(-15105.11728, 150807.83181)","(-15069.81928, 150869.45261)",0.07101458861839989,18.0318,False,False
"(-15105.11728, 150807.83181)","(-15133.48948, 150752.81071)",0.061905598923291116,18.0318,False,False
"(-15461.41768, 150197.16311)","(-15454.54318, 150198.33331)",0.00697338642913059,23.4662,False,False
"(-15461.41768, 150197.16311)","(-15470.29388, 150195.65221)",0.009003873902380015,23.4662,False,False
"(-15953.45598, 151061.80431)","(-15911.35608, 151149.26531)",0.09706610170912805,23.2042,False,False
"(-15953.45598, 151061.80431)","(-16018.60578, 151063.60221)",0.06517460306323253,23.2042,False,False
"(-15522.44118, 149690.31781)","(-15521.17198, 149690.42841)",0.0012740098115785429,23.4662,False,False
"(-15522.44118, 149690.31781)","(-15523.98278, 149694.62421)",0.004574014814144428,23.4662,False,False
"(-15325.97378, 150212.64901)","(-15333.54568, 150218.93101)",0.009838556479995776,23.4662,False,False
"(-15812.53298, 151511.78431)","(-15855.24798, 151506.31771)",0.04306338282763966,23.2042,False,False
"(-15812.53298, 151511.78431)","(-15797.78117, 151482.06744)",0.03317692361976154,23.2042,True,False
"(-15866.55838, 150928.22371)","(-15818.29228, 150949.86861)",0.052897240998190743,19.449,False,False
"(-14445.79768, 150572.63921)","(-14401.65748, 150615.58161)",0.061582521658340494,18.0777,False,False
"(-14445.79768, 150572.63921)","(-14502.25338, 150576.82931)",0.056610979504863795,18.0777,False,False
"(-15845.47408, 151051.92241)","(-15830.86408, 150999.82841)",0.05410394566019426,19.449,False,False
"(-15845.47408, 151051.92241)","(-15753.79548, 151063.69671)",0.0924315954555023,19.449,False,False
"(-15293.99068, 149866.06661)","(-15295.59458, 149873.44341)",0.00754915051181081,23.4662,False,False
"(-15257.52648, 149817.76761)","(-15263.88568, 149815.93801)",0.006617164105564932,23.4662,False,False
"(-15257.52648, 149817.76761)","(-15252.33478, 149819.26121)",0.005402276358163658,23.4662,False,False
"(-15694.08098, 150191.12551)","(-15694.08668, 150191.04101)",8.469203034786105e-05,23.4662,False,False
"(-15694.08098, 150191.12551)","(-15694.23658, 150191.11671)",0.00015584864452474593,23.4662,False,False
"(-15016.93718, 149532.27011)","(-15014.50708, 149535.09201)",0.0037240442558995643,23.4662,False,False
"(-15016.93718, 149532.27011)","(-15021.97668, 149526.41771)",0.007723156479706289,23.4662,False,False
"(-15155.75118, 151087.02651)","(-15204.54368, 151118.09951)",0.057846688628221246,19.449,False,False
"(-16359.36728, 150734.05721)","(-16320.56878, 150689.74891)",0.05889438896143194,25.4249,False,False
"(-16359.36728, 150734.05721)","(-16297.45468, 150792.79481)",0.08534210972620226,25.4249,False,False
"(-16038.46608, 151722.45531)","(-16047.18218, 151654.35891)",0.06865194893203919,22.0352,False,False
"(-15325.63808, 150815.41681)","(-15364.00278, 150850.47411)",0.051969842114259444,19.449,False,False
"(-15016.41728, 150123.94211)","(-15019.63168, 150190.51721)",0.06665265416596937,23.4662,False,False
"(-15016.41728, 150123.94211)","(-15080.09818, 150084.27321)",0.07502585322420087,23.4662,False,False
"(-15230.65888, 150137.53731)","(-15226.03418, 150140.21311)",0.005343009987824101,23.4662,False,False
"(-15230.65888, 150137.53731)","(-15234.70178, 150135.19821)",0.004670806056779097,23.4662,False,False
"(-15018.41048, 149537.28371)","(-15025.81858, 149541.44301)",0.008495865000103044,23.4662,True,False
"(-15018.41048, 149537.28371)","(-15014.50708, 149535.09201)",0.004476614842712032,23.4662,False,False
"(-16596.47518, 151702.05511)","(-16574.97978, 151657.88001)",0.049127300772273064,23.2042,False,False
"(-16596.47518, 151702.05511)","(-16583.99398, 151715.89081)",0.018633489955742166,23.2042,False,False
"(-15343.90788, 150903.59781)","(-15369.24588, 150888.48011)",0.02950523847200803,19.449,False,False
"(-15343.90788, 150903.59781)","(-15273.25048, 150859.33761)",0.08337525699391679,19.449,False,False
"(-15343.90788, 150903.59781)","(-15320.24528, 150917.71601)",0.027554350110281855,19.449,False,False
"(-15998.38988, 151431.66511)","(-16039.88338, 151401.59431)",0.051244156299922086,23.2042,False,False
"(-15998.38988, 151431.66511)","(-15981.95008, 151483.01581)",0.05391809913684853,23.2042,False,False
"(-16115.59218, 150835.14701)","(-16139.15538, 150881.55251)",0.0520451229654818,25.4249,False,False
"(-16115.59218, 150835.14701)","(-16067.65228, 150774.27411)",0.07748383035458707,25.4249,False,False
"(-15087.76428, 150152.63981)","(-15073.20468, 150156.73681)",0.015125057393611243,23.4662,False,False
"(-15087.76428, 150152.63981)","(-15100.50988, 150149.05321)",0.013240620035325588,23.4662,False,False
"(-15722.72478, 151785.17541)","(-15795.04978, 151756.65521)",0.07774514411228386,22.0352,False,False
"(-15722.72478, 151785.17541)","(-15697.22236, 151795.71972)",0.027596302274625187,22.0352,True,False
"(-14940.63708, 151017.07091)","(-15008.26758, 151081.06681)",0.09310939666358779,19.449,False,False
"(-14940.63708, 151017.07091)","(-14861.44738, 150934.48421)",0.1144184058750274,19.449,False,False
"(-16232.36708, 150667.38211)","(-16206.96698, 150711.83211)",0.05119538631564846,25.4249,False,False
"(-16232.36708, 150667.38211)","(-16268.87958, 150656.26961)",0.038166088514549674,25.4249,False,False
"(-14972.72698, 150263.16671)","(-14979.33608, 150232.76481)",0.031111986860691172,25.3663,False,False
"(-15158.05548, 149909.09641)","(-15144.92088, 149905.74841)",0.013554586720369596,23.4662,False,False
"(-15158.05548, 149909.09641)","(-15165.89108, 149911.09371)",0.00808615079317283,23.4662,False,False
"(-16036.98168, 151110.39631)","(-16018.60578, 151063.60221)",0.05027287037379063,23.2042,False,False
"(-16036.98168, 151110.39631)","(-16068.42178, 151170.80881)",0.0681039649672262,23.2042,False,False
"(-15385.18978, 149580.38481)","(-15383.62108, 149586.28881)",0.006108848966058345,23.4662,False,False
"(-15158.24218, 150537.37311)","(-15106.71098, 150581.22331)",0.06766317028843157,18.0318,False,False
"(-15158.24218, 150537.37311)","(-15158.21748, 150537.35471)",3.0800162320299634e-05,18.0318,False,False
"(-15374.59388, 149620.26251)","(-15378.17908, 149606.76941)",0.013961282414226561,23.4662,False,False
"(-15374.59388, 149620.26251)","(-15375.86618, 149623.30041)",0.0032935670176839197,23.4662,False,False
"(-16492.65868, 151572.95191)","(-16482.07528, 151522.15171)",0.051890930571726814,23.2042,False,False
"(-16492.65868, 151572.95191)","(-16574.97978, 151657.88001)",0.11827740982460888,23.2042,False,False
"(-15036.62658, 149600.85291)","(-15036.29298, 149601.39711)",0.0006383123060103202,23.4662,False,False
"(-15036.62658, 149600.85291)","(-15040.99768, 149593.72121)",0.008364667363378854,23.4662,False,False
"(-14840.42688, 150664.26411)","(-14894.88278, 150594.89091)",0.08819345737099858,18.0777,False,False
"(-14840.42688, 150664.26411)","(-14816.61438, 150680.13901)",0.028619007779110254,18.0777,False,False
"(-15041.28428, 150261.15941)","(-15048.36148, 150272.69841)",0.013536442695199921,25.3663,False,False
"(-15041.28428, 150261.15941)","(-15015.05218, 150281.67581)",0.033302338346874086,25.3663,False,False
"(-15239.88348, 150132.20021)","(-15237.31138, 150133.68831)",0.002971555151763108,23.4662,False,False
"(-15239.88348, 150132.20021)","(-15241.77478, 150131.10591)",0.0021850647999523726,23.4662,False,False
"(-15058.68648, 149538.54681)","(-15061.12248, 149537.19871)",0.0027841461186522334,23.4662,False,False
"(-15058.68648, 149538.54681)","(-15055.32088, 149540.40941)",0.0038466273695252867,23.4662,False,False
"(-15031.25798, 149515.63941)","(-15027.30148, 149520.23411)",0.006063428101320374,23.4662,False,False
"(-15031.25798, 149515.63941)","(-15034.83598, 149511.34681)",0.005588246483480064,23.4662,False,False
"(-15317.22498, 149856.88001)","(-15314.15858, 149858.09021)",0.0032965729174420826,23.4662,False,False
"(-15317.22498, 149856.88001)","(-15323.86048, 149854.26101)",0.007133654130248524,23.4662,False,False
"(-15247.19678, 150127.96891)","(-15245.56118, 150128.91521)",0.0018896219330910222,23.4662,False,False
"(-15247.19678, 150127.96891)","(-15248.73208, 150127.08051)",0.0017738096431105113,23.4662,False,False
"(-15709.46138, 151447.31371)","(-15709.81788, 151513.10191)",0.06578916591271933,19.449,False,False
"(-15709.46138, 151447.31371)","(-15674.30698, 151361.66571)",0.09258191909524113,19.449,False,False
"(-15153.31948, 149833.94401)","(-15166.31108, 149832.77121)",0.013044429094444284,23.4662,False,False
"(-15153.31948, 149833.94401)","(-15147.46178, 149835.42661)",0.0060424127672620434,23.4662,False,False
"(-15140.64558, 149774.92541)","(-15078.34838, 149808.02801)",0.07054589466865499,23.4662,False,False
"(-15140.64558, 149774.92541)","(-15178.55158, 149734.84121)",0.055168903610988695,23.4662,False,False
"(-15885.59988, 151440.64081)","(-15929.60538, 151475.06591)",0.055871025946009116,23.2042,False,False
"(-15885.59988, 151440.64081)","(-15931.68588, 151410.13521)",0.05526763091865213,23.2042,False,False
"(-15044.95428, 149546.14601)","(-15041.88538, 149547.84441)",0.0035075218844620804,23.4662,False,False
"(-15050.96878, 149578.80611)","(-15045.81758, 149586.27531)",0.00907324694251558,23.4662,False,False
"(-15714.18048, 151203.98721)","(-15647.75948, 151186.66331)",0.06864303862890715,23.2042,False,False
"(-15714.18048, 151203.98721)","(-15761.71028, 151228.89011)",0.053658515786877886,23.2042,True,False
"(-15686.34168, 150191.47851)","(-15683.15398, 150191.65861)",0.0031927836287497244,23.4662,False,False
"(-15686.34168, 150191.47851)","(-15694.08668, 150191.04101)",0.007757346920823666,23.4662,False,False
"(-15575.52858, 149855.97201)","(-15568.71988, 149833.10121)",0.02386277201689251,23.4662,False,False
"(-15226.03418, 150140.21311)","(-15224.54478, 150141.07491)",0.0017207590185653377,23.4662,False,False
"(-15352.61968, 151675.61491)","(-15405.53648, 151707.36501)",0.06171107333575065,19.449,False,False
"(-15306.49188, 149923.56391)","(-15308.53268, 149932.95001)",0.009605401493434081,23.4662,False,False
"(-15306.49188, 149923.56391)","(-15302.43158, 149904.88911)",0.019111101253729227,23.4662,False,False
"(-15043.51408, 149589.61541)","(-15040.99768, 149593.72121)",0.004815585384968504,23.4662,False,False
"(-15043.51408, 149589.61541)","(-15045.81758, 149586.27531)",0.004057385889955296,23.4662,False,False
"(-15199.26408, 150147.96461)","(-15184.26338, 150144.77931)",0.015335160141971317,23.4662,False,False
"(-15199.26408, 150147.96461)","(-15209.01768, 150150.03791)",0.009971523747656403,23.4662,False,False
"(-15541.15788, 150559.86411)","(-15498.81008, 150615.73111)",0.0701031943198021,18.0318,False,False
"(-15323.86048, 149854.26101)","(-15327.48818, 149852.82921)",0.003900033144728571,23.4662,False,False
"(-14735.91628, 150698.65991)","(-14783.54138, 150681.46191)",0.050635179016265366,18.0777,False,False
"(-14735.91628, 150698.65991)","(-14708.13498, 150730.41001)",0.04218849937720268,18.0777,False,False
"(-15360.80348, 149823.07821)","(-15364.45468, 149819.81761)",0.004895178628003126,23.4662,False,False
"(-15257.61918, 150121.93871)","(-15253.64258, 150124.23941)",0.004594188508333014,23.4662,False,False
"(-15257.61918, 150121.93871)","(-15260.41108, 150120.32341)",0.003225507665457155,23.4662,False,False
"(-15158.23938, 150537.33601)","(-15158.21748, 150537.35471)",2.879756935285014e-05,18.0318,False,False
"(-15158.23938, 150537.33601)","(-15102.64918, 150495.96941)",0.06929261094518493,18.0318,False,False
"(-15845.00738, 150222.26381)","(-15846.99178, 150213.00341)",0.009470630999040669,18.0318,False,False
"(-15845.00738, 150222.26381)","(-15815.24178, 150246.07641)",0.03811864192386916,18.0318,False,False
"(-15335.93218, 150120.50791)","(-15343.76898, 150104.51101)",0.017813372613010702,23.4662,False,False
"(-15335.93218, 150120.50791)","(-15328.32218, 150136.04191)",0.017297897444500304,23.4662,False,False
"(-16379.01678, 151838.59611)","(-16443.31068, 151799.70231)",0.0751427525158041,23.2042,False,False
"(-16379.01678, 151838.59611)","(-16358.92528, 151863.62931)",0.03209874568404234,23.2042,False,False
"(-16148.88038, 151662.80901)","(-16162.37428, 151719.16531)",0.05794926994278328,23.2042,False,False
"(-16148.88038, 151662.80901)","(-16129.48928, 151638.06691)",0.03143543019620032,23.2042,False,False
"(-15837.67368, 151263.83111)","(-15894.12818, 151202.17511)",0.08359768481392602,23.2042,False,False
"(-15837.67368, 151263.83111)","(-15761.71028, 151228.89011)",0.08361406353335243,23.2042,True,False
"(-15381.82928, 149805.72651)","(-15378.56608, 149808.37301)",0.00420148027366662,23.4662,False,False
"(-15381.82928, 149805.72651)","(-15374.85168, 149792.90991)",0.01459287967882001,23.4662,False,False
"(-15985.59808, 150348.96191)","(-15969.22818, 150361.86671)",0.0208448432243976,25.4249,False,False
"(-15985.59808, 150348.96191)","(-16009.11228, 150388.75211)",0.04621880156039391,25.4249,False,False
"(-15239.74878, 150274.24191)","(-15226.46378, 150324.36121)",0.05185012495152846,25.3663,False,False
"(-15239.74878, 150274.24191)","(-15303.82128, 150265.76511)",0.06463080840040682,25.3663,False,False
"(-15526.81548, 150189.14671)","(-15507.71868, 150190.09711)",0.019120434890451055,23.4662,False,False
"(-15526.81548, 150189.14671)","(-15539.81228, 150188.50001)",0.013012879432701914,23.4662,False,False
"(-15081.07128, 149891.99791)","(-15068.22688, 149890.74231)",0.012905624460676394,23.4662,True,False
"(-15081.07128, 149891.99791)","(-15092.13808, 149893.07971)",0.011119548258808886,23.4662,False,False
"(-15144.92088, 149905.74841)","(-15133.64258, 149902.87361)",0.011638922885299316,23.4662,False,False
"(-14694.90838, 150592.86351)","(-14671.09588, 150611.38431)",0.03016712099107141,18.0777,False,False
"(-14694.90838, 150592.86351)","(-14696.23138, 150573.01971)",0.01988785376656039,18.0777,False,False
"(-15302.43158, 149904.88911)","(-15298.68428, 149887.65371)",0.017638063115012856,23.4662,False,False
"(-15234.70178, 150135.19821)","(-15237.31138, 150133.68831)",0.003014931204855692,23.4662,False,False
"(-15364.45468, 149819.81761)","(-15365.80768, 149818.72031)",0.0017420322298925853,23.4662,False,False
"(-15388.42618, 149568.20481)","(-15388.61038, 149568.17161)",0.0001871680528301741,23.4662,False,False
"(-15388.42618, 149568.20481)","(-15388.29288, 149568.70661)",0.000519203360927148,23.4662,False,False
"(-14502.25338, 150576.82931)","(-14547.44898, 150614.49991)",0.058836352399862776,18.0777,False,False
"(-15775.96378, 150787.95521)","(-15748.11558, 150845.86301)",0.06425601562563465,19.449,False,False
"(-15775.96378, 150787.95521)","(-15774.06238, 150740.86021)",0.04713336765983703,19.449,False,False
"(-16053.41638, 151500.55371)","(-15981.95008, 151483.01581)",0.07358675133541266,23.2042,False,False
"(-15293.51348, 150184.26091)","(-15297.46838, 150179.44091)",0.006234872413295427,23.4662,False,False
"(-15293.51348, 150184.26091)","(-15292.80178, 150185.12831)",0.0011220069741224477,23.4662,False,False
"(-15279.23408, 149386.44861)","(-15342.36318, 149378.40191)",0.06363986681082946,23.4662,True,False
"(-15279.23408, 149386.44861)","(-15239.21549, 149383.64563)",0.040116632990174456,23.4662,True,False
"(-15045.44558, 150481.54301)","(-15102.64918, 150495.96941)",0.05899468509891368,18.0318,False,False
"(-15045.44558, 150481.54301)","(-14991.23968, 150578.27431)",0.11088383107785646,25.3663,False,False
"(-16067.26678, 150626.10701)","(-16095.10388, 150602.39781)",0.03656542494010712,25.4249,False,False
"(-15217.16728, 150145.34341)","(-15213.00338, 150147.75251)",0.004810595183545109,23.4662,False,False
"(-15217.16728, 150145.34341)","(-15220.59288, 150143.36141)",0.003957658317737895,23.4662,False,False
"(-15058.36138, 149719.41301)","(-15055.86838, 149721.44431)",0.003215778084696083,23.4662,False,False
"(-15058.36138, 149719.41301)","(-15064.62538, 149714.30901)",0.008080130692006741,23.4662,False,False
"(-15295.59458, 149873.44341)","(-15297.07908, 149880.27071)",0.006986828002753257,23.4662,False,False
"(-16097.19288, 151365.41331)","(-16050.49098, 151347.49951)",0.05001971305445821,23.2042,False,False
"(-16097.19288, 151365.41331)","(-16039.88338, 151401.59431)",0.06777494781443108,23.2042,False,False
"(-15951.17478, 150376.09861)","(-15936.24118, 150465.86251)",0.09099763816810595,19.449,False,False
"(-15951.17478, 150376.09861)","(-15969.22818, 150361.86671)",0.022988523857994412,19.449,False,False
"(-15245.56118, 150128.91521)","(-15244.01888, 150129.80751)",0.0017818217026445574,23.4662,False,False
"(-15034.83598, 149511.34681)","(-15038.16228, 149507.48401)",0.005097597034880683,23.4662,False,False
"(-15045.95918, 149498.42951)","(-15038.16228, 149507.48401)",0.011948875255017128,23.4662,False,False
"(-15045.95918, 149498.42951)","(-15114.41568, 149434.96881)",0.09334641308984253,23.4662,False,False
"(-15597.65218, 150997.21241)","(-15573.45848, 151023.83641)",0.0359746090415033,19.449,False,False
"(-15597.65218, 150997.21241)","(-15617.22848, 150975.66971)",0.02910875203406847,19.449,False,False
"(-15195.64978, 149380.59421)","(-15195.56138, 149380.69761)",0.00013603720078928723,23.4662,False,False
"(-15195.64978, 149380.59421)","(-15239.21549, 149383.64563)",0.04367244270498946,23.4662,True,False
"(-15551.07158, 149771.71641)","(-15557.30038, 149793.64231)",0.022793486794479192,23.4662,False,False
"(-15989.89448, 151363.04251)","(-15931.68588, 151410.13521)",0.07487298249202297,23.2042,False,False
"(-15989.89448, 151363.04251)","(-16050.49098, 151347.49951)",0.06255813824955245,23.2042,False,False
"(-15320.24528, 150917.71601)","(-15305.98238, 150931.73811)",0.02000124008205608,19.449,False,False
"(-15065.77888, 151248.65391)","(-15172.70268, 151494.37491)",0.26797669459758944,19.449,False,False
"(-15065.77888, 151248.65391)","(-15015.36028, 151132.16581)",0.1269311335629169,19.449,False,False
"(-15263.31428, 150036.19491)","(-15263.53988, 150051.20381)",0.015010595410257996,23.4662,False,False
"(-15263.31428, 150036.19491)","(-15263.31178, 150036.02881)",0.0001661188129042873,23.4662,False,False
"(-15402.28138, 151162.38281)","(-15464.13998, 151201.64051)",0.07326427098694803,19.449,False,False
"(-15402.28138, 151162.38281)","(-15387.94528, 151109.43011)",0.054859021140579035,19.449,False,False
"(-15663.87298, 150488.32441)","(-15758.40808, 150419.61941)",0.1168642894857453,18.0318,False,False
"(-15206.62398, 151005.87091)","(-15265.47868, 150971.55861)",0.06812642397322298,19.449,False,False
"(-15206.62398, 151005.87091)","(-15155.06358, 150991.61911)",0.05349381881488719,19.449,False,False
"(-15529.13538, 151842.72781)","(-15490.32618, 151823.09841)",0.04349100308109923,22.0352,False,False
"(-16047.18218, 151654.35891)","(-16129.48928, 151638.06691)",0.08390404027465254,22.0352,False,False
"(-15922.49668, 151721.66051)","(-15968.16798, 151767.65501)",0.06481791167524655,22.0352,False,False
"(-15664.25268, 150027.88071)","(-15715.46478, 150072.56821)",0.06796802073519623,23.4662,False,False
"(-15664.25268, 150027.88071)","(-15633.27606, 149960.79595)",0.07389124448053157,23.4662,True,False
"(-15303.82128, 150265.76511)","(-15333.54568, 150218.93101)",0.05547046852308563,25.3663,False,False
"(-15061.12248, 149537.19871)","(-15061.94748, 149536.74221)",0.0009428771128845016,23.4662,False,False
"(-15203.13188, 149829.44731)","(-15209.04808, 149828.91311)",0.005940268687525021,23.4662,False,False
"(-15203.13188, 149829.44731)","(-15192.36848, 149830.41881)",0.010807154658376221,23.4662,False,False
"(-15195.56138, 149380.69761)","(-15195.44898, 149380.68971)",0.00011267728253710294,23.4662,False,False
"(-15078.29448, 149703.17121)","(-15072.08578, 149708.23011)",0.00800877174728121,23.4662,False,False
"(-15078.29448, 149703.17121)","(-15081.05248, 149700.92391)",0.0035576567133361525,23.4662,False,False
"(-15209.01768, 150150.03791)","(-15209.04648, 150150.04191)",2.9076450950774343e-05,23.4662,False,False
"(-14872.16878, 150591.50371)","(-14842.24638, 150490.11721)",0.10570985008034303,25.3663,False,False
"(-14872.16878, 150591.50371)","(-14872.17698, 150591.50351)",8.202438661501244e-06,25.3663,False,False
"(-15827.14798, 150198.45121)","(-15811.27298, 150174.63881)",0.028618980044015786,18.0318,False,False
"(-15827.14798, 150198.45121)","(-15846.99178, 150213.00341)",0.024607781762690097,18.0318,False,False
"(-15020.02788, 150190.23031)","(-15019.63258, 150190.53921)",0.0005016784826802615,23.4662,False,False
"(-15020.02788, 150190.23031)","(-15023.77828, 150187.29921)",0.004759920941580942,23.4662,False,False
"(-14839.10398, 150592.82641)","(-14838.79898, 150558.14341)",0.03468434104897085,18.0777,False,False
"(-14839.10398, 150592.82641)","(-14839.10638, 150592.82631)",2.40208242948867e-06,18.0777,False,False
"(-15694.23658, 150191.11671)","(-15704.24988, 150217.29271)",0.02802586578306418,18.0318,False,False
"(-15694.23658, 150191.11671)","(-15728.46058, 150147.22481)",0.055657713406220166,23.4662,False,False
"(-15269.26938, 149814.38911)","(-15271.09318, 149813.86451)",0.0018977490877285107,23.4662,False,False
"(-15269.26938, 149814.38911)","(-15263.88568, 149815.93801)",0.005602081479242869,23.4662,False,False
"(-15244.01888, 150129.80751)","(-15242.35108, 150130.77251)",0.0019268580227901572,23.4662,False,False
"(-15564.07008, 150198.76401)","(-15544.88958, 150190.64831)",0.020826813648285317,23.4662,False,False
"(-15564.07008, 150198.76401)","(-15564.67078, 150199.01821)",0.0006522715155507645,23.4662,False,False
"(-15742.87218, 151373.36521)","(-15674.30698, 151361.66571)",0.06955619994860157,23.2042,False,False
"(-15252.44298, 149926.51651)","(-15239.62188, 149925.04601)",0.012905153058370417,23.4662,False,False
"(-15653.74688, 151626.68791)","(-15602.04888, 151656.00731)",0.05943324339423831,19.449,False,False
"(-15653.74688, 151626.68791)","(-15709.73468, 151596.15661)",0.06377142015456476,19.449,False,False
"(-15141.09178, 150143.25671)","(-15127.62568, 150144.80821)",0.013555183564232676,23.4662,False,False
"(-15141.09178, 150143.25671)","(-15155.98518, 150141.54071)",0.014991931815477352,23.4662,False,False
"(-15811.27298, 150174.63881)","(-15777.53858, 150209.03461)",0.048177596463500005,18.0318,False,False
"(-15060.18448, 149565.44331)","(-15064.82488, 149558.71481)",0.008173495238266654,23.4662,False,False
"(-16009.11228, 150388.75211)","(-15976.20128, 150448.76451)",0.06844429906691157,25.4249,False,False
"(-15309.02268, 151053.22411)","(-15256.87488, 151046.17351)",0.05262227670103513,19.449,False,False
"(-15309.02268, 151053.22411)","(-15439.11398, 150989.52861)",0.14484772368228718,19.449,False,False
"(-15748.11558, 150845.86301)","(-15703.98678, 150831.83861)",0.04630372322826632,19.449,False,False
"(-15224.54478, 150141.07491)","(-15222.69538, 150142.14491)",0.002136628269030093,23.4662,False,False
"(-15493.85158, 151014.22541)","(-15439.11398, 150989.52861)",0.06005111809117543,19.449,False,False
"(-15493.85158, 151014.22541)","(-15460.07328, 151069.43941)",0.06472680547414325,19.449,False,False
"(-15568.71738, 149833.09291)","(-15564.13278, 149817.69331)",0.0160675523126621,23.4662,False,False
"(-15568.71738, 149833.09291)","(-15568.71988, 149833.10121)",8.668333160591789e-06,23.4662,False,False
"(-15309.57168, 150052.08271)","(-15303.66408, 150050.03251)",0.0062532437822281585,23.4662,False,False
"(-15309.57168, 150052.08271)","(-15318.00128, 150062.87911)",0.013697459951409873,23.4662,False,False
"(-15796.43548, 151146.83901)","(-15734.33828, 151122.38041)",0.06674043273607996,19.449,False,False
"(-15796.43548, 151146.83901)","(-15842.48604, 151170.45481)",0.051752875146735086,19.449,True,False
"(-16348.11208, 151872.35941)","(-16358.92528, 151863.62931)",0.013897479636618918,23.2042,False,False
"(-16348.11208, 151872.35941)","(-16309.21828, 151840.60931)",0.05020753457849161,23.2042,False,False
"(-15500.94918, 150190.43401)","(-15507.71868, 150190.09711)",0.0067778781237199165,23.4662,False,False
"(-15587.95728, 151189.65731)","(-15647.75948, 151186.66331)",0.05987710047121559,23.2042,False,False
"(-15587.95728, 151189.65731)","(-15543.68728, 151181.20721)",0.04506924771959607,19.449,False,False
"(-15587.95728, 151189.65731)","(-15599.78398, 151252.55021)",0.0639952162532256,19.449,False,False
"(-14783.54138, 150681.46191)","(-14816.61438, 150680.13901)",0.033099447025743786,18.0777,False,False
"(-16499.66698, 151763.18961)","(-16549.67338, 151730.64581)",0.059663547995411334,23.2042,False,False
"(-16499.66698, 151763.18961)","(-16443.31068, 151799.70231)",0.06715065011583854,23.2042,False,False
"(-14863.04848, 150875.44951)","(-14861.44738, 150934.48421)",0.059056407995227156,19.449,False,False
"(-14863.04848, 150875.44951)","(-14942.84798, 150877.61231)",0.07982880372453366,18.0318,False,False
"(-14863.04848, 150875.44951)","(-14816.40718, 150816.30151)",0.07532527311395414,18.0318,False,False
"(-15443.44238, 150603.44861)","(-15351.90108, 150528.01991)",0.1186140733192253,18.0318,False,False
"(-15443.44238, 150603.44861)","(-15381.76708, 150614.78341)",0.06270821573869215,19.449,False,False
"(-15443.44238, 150603.44861)","(-15498.81008, 150615.73111)",0.05671368449977398,18.0318,False,False
"(-15019.45588, 149631.82991)","(-15027.13508, 149640.41251)",0.011516559182321308,23.4662,False,False
"(-15333.50808, 149847.45341)","(-15327.48818, 149852.82921)",0.008070837729138624,23.4662,False,False
"(-15333.50808, 149847.45341)","(-15337.96468, 149843.47351)",0.005975021972328612,23.4662,False,False
"(-16333.90828, 151338.00141)","(-16171.16938, 151270.27541)",0.17626900081752725,23.2042,False,False
"(-16333.90828, 151338.00141)","(-16403.75838, 151424.78501)",0.11140210814418693,23.2042,False,False
"(-15129.23668, 149840.03941)","(-15147.46178, 149835.42661)",0.018799792388481625,23.4662,False,False
"(-15129.23668, 149840.03941)","(-15106.08218, 149845.90001)",0.023884670870878585,23.4662,False,False
"(-15155.06358, 150991.61911)","(-15119.34028, 150962.24491)",0.04624930041124355,19.449,False,False
"(-15271.11058, 149813.85951)","(-15337.81158, 149780.92821)",0.07438745808729892,23.4662,False,False
"(-15271.11058, 149813.85951)","(-15271.09318, 149813.86451)",1.810414317410922e-05,23.4662,False,False
"(-15767.83258, 150111.50161)","(-15728.46058, 150147.22481)",0.0531629702165003,23.4662,False,False
"(-15055.32088, 149540.40941)","(-15052.15098, 149542.16341)",0.0036228141009507124,23.4662,False,False
"(-15291.41588, 149930.98671)","(-15278.25298, 149929.47691)",0.013249204974262806,23.4662,False,False
"(-15291.41588, 149930.98671)","(-15301.82268, 149932.18041)",0.010475037275827903,23.4662,False,False
"(-15050.65908, 149725.68891)","(-15048.94138, 149727.08851)",0.0022157105970792715,23.4662,True,False
"(-15050.65908, 149725.68891)","(-15055.86838, 149721.44431)",0.006719630618572037,23.4662,True,False
"(-15596.61628, 150192.44471)","(-15596.36968, 150192.50501)",0.0002538654170975724,23.4662,False,False
"(-15596.61628, 150192.44471)","(-15608.21038, 150189.61121)",0.011935320567963424,23.4662,False,False
"(-15390.45258, 149658.12841)","(-15383.57608, 149641.70941)",0.017800837431137775,23.4662,False,False
"(-15390.45258, 149658.12841)","(-15398.09138, 149676.36761)",0.019774217609790416,23.4662,False,False
"(-15602.04888, 151656.00731)","(-15550.43578, 151683.26661)",0.05836935435740516,19.449,False,False
"(-15447.71438, 151858.12181)","(-15490.32618, 151823.09841)",0.05515799168570621,22.0352,False,False
"(-15447.71438, 151858.12181)","(-15401.00378, 151845.79171)",0.048310573566979625,22.0352,False,False
"(-16068.42178, 151170.80881)","(-16118.44488, 151250.01651)",0.09368121622235535,23.2042,False,False
"(-15709.73468, 151596.15661)","(-15728.57398, 151554.84931)",0.04540057552257704,19.449,False,False
"(-15008.26758, 151081.06681)","(-15015.36028, 151132.16581)",0.05158889603676071,19.449,False,False
"(-15765.63228, 150216.31071)","(-15729.91348, 150216.97221)",0.035724924852126166,18.0318,False,False
"(-15765.63228, 150216.31071)","(-15777.53858, 150209.03461)",0.013953551909812848,18.0318,False,False
"(-15260.41108, 150120.32341)","(-15263.10038, 150118.76731)",0.003107053539939456,23.4662,False,False
"(-15253.64258, 150124.23941)","(-15250.03558, 150126.32641)",0.004167255451732933,23.4662,False,False
"(-14965.24998, 150441.01911)","(-14922.48978, 150423.06731)",0.046375659858155775,25.3663,False,False
"(-14965.24998, 150441.01911)","(-15018.82968, 150423.99881)",0.05621810085888844,25.3663,False,False
"(-14404.03128, 150690.47201)","(-14411.07168, 150713.95751)",0.02451807379078661,18.0777,False,False
"(-14404.03128, 150690.47201)","(-14401.65748, 150615.58161)",0.07492801170857649,18.0777,False,False
"(-15287.19668, 151010.48171)","(-15310.80948, 150985.37281)",0.03446768316916057,19.449,False,False
"(-15287.19668, 151010.48171)","(-15284.17788, 151014.03501)",0.004662520169392942,19.449,False,False
"(-15340.43598, 150091.61301)","(-15330.12398, 150078.40561)",0.016756275205437647,23.4662,False,False
"(-15340.43598, 150091.61301)","(-15346.36658, 150099.20891)",0.00963689333601753,23.4662,False,False
"(-15273.25048, 150859.33761)","(-15224.03798, 150791.07511)",0.08415247508242261,19.449,False,False
"(-16149.81688, 150648.33211)","(-16172.13848, 150612.36021)",0.042334754235358096,25.4249,False,False
"(-16149.81688, 150648.33211)","(-16145.05438, 150665.79461)",0.01810028487347147,25.4249,False,False
"(-15075.18808, 149689.04121)","(-15075.66738, 149689.50601)",0.0006676582434268429,23.4662,False,False
"(-15075.18808, 149689.04121)","(-15049.80138, 149664.42381)",0.03536242242337729,23.4662,False,False
"(-15164.42968, 150140.56781)","(-15155.98518, 150141.54071)",0.008500359678271296,23.4662,False,False
"(-15164.42968, 150140.56781)","(-15168.87938, 150141.51261)",0.004548898452373324,23.4662,False,False
"(-15608.21038, 150189.61121)","(-15611.26778, 150188.86411)",0.003147356536843215,23.4662,False,False
"(-15039.38108, 150175.10501)","(-15023.77828, 150187.29921)",0.019802673594237583,23.4662,False,False
"(-15039.38108, 150175.10501)","(-15052.16208, 150165.11601)",0.01622140813863118,23.4662,False,False
"(-16482.07528, 151522.15171)","(-16403.75838, 151424.78501)",0.12495523636287849,23.2042,False,False
"(-15062.14188, 149536.63471)","(-15062.51158, 149537.32461)",0.0007827132936123383,23.4662,False,False
"(-15062.14188, 149536.63471)","(-15061.94748, 149536.74221)",0.0002221432195587137,23.4662,False,False
"(-15856.65798, 150281.88341)","(-15838.45128, 150275.37441)",0.019335227071081526,18.0318,False,False
"(-15856.65798, 150281.88341)","(-15848.72048, 150337.44601)",0.05612669975163806,18.0318,False,False
"(-15382.34908, 149591.07581)","(-15383.62108, 149586.28881)",0.004953115484229007,23.4662,False,False
"(-15382.34908, 149591.07581)","(-15378.17908, 149606.76941)",0.016238164334676494,23.4662,False,False
"(-14543.87228, 150839.81381)","(-14569.22838, 150823.01441)",0.03041630562000707,18.0777,False,False
"(-14543.87228, 150839.81381)","(-14492.16648, 150841.08601)",0.05172144861157689,18.0777,False,False
"(-15106.08218, 149845.90001)","(-15087.36578, 149850.63721)",0.01930659713154366,23.4662,False,False
"(-15402.26318, 149418.59581)","(-15434.25168, 149477.40241)",0.0669438595825729,23.4662,False,False
"(-15402.26318, 149418.59581)","(-15383.42364, 149405.95416)",0.0226878730191746,23.4662,True,False
"(-15178.55158, 149734.84121)","(-15178.50918, 149734.84611)",4.268219769437886e-05,23.4662,False,False
"(-15308.53268, 149932.95001)","(-15301.82268, 149932.18041)",0.006753990239851708,23.4662,False,False
"(-15224.29658, 151594.91681)","(-15172.70268, 151494.37491)",0.11300709788688656,19.449,False,False
"(-15097.13708, 149893.56831)","(-15092.13808, 149893.07971)",0.005022821016123231,23.4662,False,False
"(-15557.30038, 149793.64231)","(-15560.18648, 149803.80161)",0.010561294887464562,23.4662,False,False
"(-15036.29298, 149601.39711)","(-15033.25258, 149606.35791)",0.0058183819743986,23.4662,False,False
"(-15264.11018, 150089.14751)","(-15264.33868, 150104.34871)",0.015202917275622885,23.4662,False,False
"(-15264.11018, 150089.14751)","(-15263.90528, 150075.50691)",0.013642138848815611,23.4662,False,False
"(-15054.08868, 150376.56761)","(-15018.82968, 150423.99881)",0.059100895208441834,25.3663,False,False
"(-15054.08868, 150376.56761)","(-15058.86188, 150317.22221)",0.05953704678096602,25.3663,False,False
"(-15073.20468, 150156.73681)","(-15060.59528, 150160.28511)",0.013099137423891466,23.4662,False,False
"(-15227.92928, 149923.70491)","(-15216.33938, 149922.37561)",0.011665882756999235,23.4662,False,False
"(-15227.92928, 149923.70491)","(-15239.62188, 149925.04601)",0.011769258429059239,23.4662,False,False
"(-15402.00798, 149685.71911)","(-15398.09138, 149676.36761)",0.010138555509063233,23.4662,False,False
"(-15402.00798, 149685.71911)","(-15433.16508, 149690.05221)",0.03145696482529626,23.4662,False,False
"(-15929.60538, 151475.06591)","(-15911.61678, 151519.14001)",0.0476037395670744,23.2042,False,False
"(-15161.81068, 150379.16301)","(-15116.51168, 150422.52661)",0.06270886066546798,25.3663,False,False
"(-15161.81068, 150379.16301)","(-15226.46378, 150324.36121)",0.08475411861879319,25.3663,False,False
"(-15113.11618, 149970.23351)","(-15082.78238, 150019.21581)",0.05761427892224587,23.4662,True,False
"(-15113.11618, 149970.23351)","(-15113.10358, 149970.21241)",2.4575801091863446e-05,23.4662,False,False
"(-15033.25258, 149606.35791)","(-15028.96878, 149613.34721)",0.008197637277303006,23.4662,False,False
"(-15240.61298, 149822.63351)","(-15246.66958, 149820.89101)",0.006302278144455047,23.4662,False,False
"(-15240.61298, 149822.63351)","(-15235.56858, 149824.08481)",0.0052490230567188816,23.4662,False,False
"(-16279.05568, 151795.36551)","(-16284.61198, 151816.00311)",0.021372482388563978,23.2042,False,False
"(-16279.05568, 151795.36551)","(-16230.63678, 151765.99671)",0.05662964144906515,23.2042,False,False
"(-15186.86018, 150694.80371)","(-15133.48948, 150752.81071)",0.07882413125108326,18.0318,False,False
"(-15186.86018, 150694.80371)","(-15230.13938, 150665.38771)",0.05232963031247137,18.0318,False,False
"(-15346.36658, 150099.20891)","(-15343.76898, 150104.51101)",0.005904217998177571,23.4662,False,False
"(-15364.35418, 150213.68621)","(-15348.90098, 150216.31691)",0.015675521450015332,23.4662,False,False
"(-15364.35418, 150213.68621)","(-15379.71588, 150211.07121)",0.015582684360856679,23.4662,False,False
"(-14838.79898, 150558.14341)","(-14826.86588, 150554.10721)",0.012597213424008625,18.0777,False,False
"(-15573.45848, 151023.83641)","(-15507.40648, 151084.53341)",0.08970503058915781,19.449,False,False
"(-15028.96878, 149613.34721)","(-15023.03788, 149623.02391)",0.011349629848573932,23.4662,False,False
"(-15432.42838, 149560.26301)","(-15432.42958, 149560.20351)",5.9512099613117744e-05,23.4662,False,False
"(-15432.42838, 149560.26301)","(-15431.16208, 149560.49161)",0.0012867686855061698,23.4662,False,False
"(-15934.71018, 150322.89391)","(-15885.76218, 150320.24801)",0.04901946032760916,19.449,False,False
"(-15934.71018, 150322.89391)","(-15969.22818, 150361.86671)",0.05206122802853498,19.449,False,False
"(-14697.07738, 150546.33191)","(-14688.96218, 150556.21101)",0.012784877310706797,18.0777,False,False
"(-14697.07738, 150546.33191)","(-14742.18248, 150531.89011)",0.04736069713644333,18.0777,False,False
"(-14696.22868, 150572.98251)","(-14696.22688, 150573.00941)",2.6960155783019588e-05,18.0777,False,False
"(-14696.22868, 150572.98251)","(-14688.96218, 150556.21101)",0.018277998645915308,18.0777,False,False
"(-15362.65888, 149770.51401)","(-15368.45138, 149781.15371)",0.012114300323996801,23.4662,False,False
"(-15362.65888, 149770.51401)","(-15362.45808, 149770.60951)",0.0002223530750842252,23.4662,False,False
"(-15544.88958, 150190.64831)","(-15539.81228, 150188.50001)",0.0055130906196065,23.4662,False,False
"(-15588.01568, 149897.91681)","(-15624.18615, 149941.11032)",0.05633810616396297,23.4662,True,False
"(-15885.76218, 150320.24801)","(-15848.72048, 150337.44601)",0.04083942632910162,19.449,False,False
"(-15256.87488, 151046.17351)","(-15284.17788, 151014.03501)",0.04217033307018162,19.449,False,False
"(-15349.34798, 149833.30801)","(-15343.64718, 149838.39891)",0.0076430611308436515,23.4662,False,False
"(-15039.43628, 149654.16091)","(-15040.86818, 149655.76141)",0.002147542283635018,23.4662,False,False
"(-15039.43628, 149654.16091)","(-15027.13508, 149640.41251)",0.01844825260018705,23.4662,False,False
"(-15264.54298, 150117.93281)","(-15263.10038, 150118.76731)",0.0016665788340178315,23.4662,False,False
"(-15264.54298, 150117.93281)","(-15264.33868, 150104.34871)",0.013585636212566506,23.4662,False,False
"(-15569.20658, 150199.14321)","(-15566.51868, 150199.80011)",0.0027670063281472045,23.4662,False,False
"(-15569.20658, 150199.14321)","(-15575.50808, 150197.60321)",0.0064869486085539305,23.4662,False,False
"(-15704.24988, 150217.29271)","(-15729.91348, 150216.97221)",0.02566560120492006,18.0318,False,False
"(-16583.99398, 151715.89081)","(-16549.67338, 151730.64581)",0.03735791227249211,23.2042,False,False
"(-15025.81858, 149541.44301)","(-15036.61778, 149547.50641)",0.012384972353630562,23.4662,True,False
"(-15715.46478, 150072.56821)","(-15759.21288, 150095.10029)",0.049209662493625225,23.4662,True,False
"(-15298.70928, 149864.18791)","(-15295.28148, 149865.54091)",0.003685162389909567,23.4662,False,False
"(-15298.70928, 149864.18791)","(-15304.77878, 149861.79231)",0.006525161270811906,23.4662,False,False
"(-15432.42958, 149560.20351)","(-15434.25168, 149477.40241)",0.08282114590862097,23.4662,False,False
"(-15050.52708, 149543.06211)","(-15052.15098, 149542.16341)",0.0018559937769251306,23.4662,False,False
"(-15460.07328, 151069.43941)","(-15387.94528, 151109.43011)",0.0824724467351956,19.449,False,False
"(-15048.36148, 150272.69841)","(-15058.85908, 150317.18511)",0.04570849026874751,25.3663,False,False
"(-15231.51578, 149825.25081)","(-15235.56858, 149824.08481)",0.0042171962060105535,23.4662,False,False
"(-15231.51578, 149825.25081)","(-15226.00638, 149826.83581)",0.005732862579895248,23.4662,False,False
"(-15442.47268, 150200.38811)","(-15427.02248, 150203.01811)",0.01567244652375817,23.4662,False,False
"(-15442.47268, 150200.38811)","(-15454.54318, 150198.33331)",0.012244148532668463,23.4662,False,False
"(-15411.10008, 150205.72861)","(-15395.71928, 150208.34681)",0.015602050502418273,23.4662,False,False
"(-15411.10008, 150205.72861)","(-15427.02248, 150203.01811)",0.01615145912943812,23.4662,False,False
"(-15069.97248, 149551.25081)","(-15064.82488, 149558.71481)",0.009066922397379952,23.4662,False,False
"(-15069.97248, 149551.25081)","(-15062.51158, 149537.32461)",0.01579886309990825,23.4662,False,False
"(-15690.58478, 150638.07531)","(-15688.80288, 150665.87481)",0.02785654981976893,19.449,False,False
"(-15690.58478, 150638.07531)","(-15745.12698, 150581.43641)",0.07863088816774834,19.449,False,False
"(-15652.10978, 150191.34221)","(-15646.87508, 150190.78881)",0.005263870785839453,23.4662,False,False
"(-15652.10978, 150191.34221)","(-15664.87298, 150192.69131)",0.012834303450127862,23.4662,False,False
"(-14867.48978, 150355.25461)","(-14844.52328, 150415.51571)",0.06448922619678751,25.3663,False,False
"(-14867.48978, 150355.25461)","(-14922.48978, 150423.06731)",0.08731301324139082,25.3663,False,False
"(-16118.44488, 151250.01651)","(-16171.16938, 151270.27541)",0.056482704693212475,23.2042,False,False
"(-15230.13938, 150665.38771)","(-15245.15398, 150655.18271)",0.018154344883809244,18.0318,False,False
"(-15230.13938, 150665.38771)","(-15235.15038, 150711.69991)",0.04658250733739722,19.449,False,False
"(-15564.13278, 149817.69331)","(-15561.43778, 149808.20651)",0.009862170108056905,23.4662,False,False
"(-15334.38388, 150628.08511)","(-15321.75438, 150631.63051)",0.013117702977647801,18.0318,False,False
"(-15334.38388, 150628.08511)","(-15331.59128, 150656.66641)",0.028717404556287185,19.449,False,False
"(-15334.38388, 150628.08511)","(-15381.76708, 150614.78341)",0.0492148642701604,19.449,False,False
"(-14651.24938, 150788.61851)","(-14672.41608, 150770.09761)",0.028125663115741543,18.0777,False,False
"(-14651.24938, 150788.61851)","(-14641.98898, 150836.24351)",0.04851696232411903,18.0777,False,False
"(-15976.20128, 150448.76451)","(-15969.22638, 150501.52031)",0.05321488197533044,25.4249,False,False
"(-15003.56958, 150875.66771)","(-14942.84798, 150877.61231)",0.060752729779984575,18.0318,False,False
"(-15003.56958, 150875.66771)","(-15069.81928, 150869.45261)",0.06654059075556856,18.0318,False,False
"(-15250.03558, 150126.32641)","(-15248.73208, 150127.08051)",0.001505914692134454,23.4662,False,False
"(-15179.19078, 149914.48391)","(-15165.89108, 149911.09371)",0.013724994576690958,23.4662,False,False
"(-15179.19078, 149914.48391)","(-15187.96048, 149916.71931)",0.009050118852803726,23.4662,False,False
"(-14580.53688, 150620.84821)","(-14547.44898, 150614.49991)",0.033691394143012504,18.0777,False,False
"(-14580.53688, 150620.84821)","(-14597.01248, 150643.13441)",0.02771497980876215,18.0777,False,False
"(-16320.56878, 150689.74891)","(-16295.86718, 150668.96961)",0.03227922475912016,25.4249,False,False
"(-15048.83278, 149727.21631)","(-15078.50408, 149746.25911)",0.035256407581189274,23.4662,True,False
"(-15048.83278, 149727.21631)","(-15048.94138, 149727.08851)",0.00016771046477994368,23.4662,False,False
"(-15019.63258, 150190.53921)","(-14993.88818, 150216.88981)",0.03683922164921856,25.3663,False,False
"(-15019.63258, 150190.53921)","(-15019.63168, 150190.51721)",2.201840139236795e-05,23.4662,False,False
"(-15110.65178, 150146.76391)","(-15107.25398, 150147.15551)",0.0034202917127061617,23.4662,False,False
"(-15110.65178, 150146.76391)","(-15112.28718, 150146.57551)",0.0016462161826450836,23.4662,False,False
"(-15114.56928, 149434.91701)","(-15114.41568, 149434.96881)",0.0001620993522457626,23.4662,False,False
"(-15114.56928, 149434.91701)","(-15114.61658, 149434.87321)",6.446495172762199e-05,23.4662,False,False
"(-14447.51978, 150733.05581)","(-14463.39488, 150772.74351)",0.04274496849104853,18.0777,False,False
"(-14447.51978, 150733.05581)","(-14411.07168, 150713.95751)",0.041148621562568356,18.0777,False,False
"(-15374.85168, 149792.90991)","(-15368.45138, 149781.15371)",0.013385517492028024,23.4662,False,False
"(-16284.61198, 151816.00311)","(-16309.21828, 151840.60931)",0.03479849246922099,23.2042,False,False
"(-15321.75438, 150631.63051)","(-15295.24518, 150639.78111)",0.02773391362574694,18.0318,False,False
"(-15351.90108, 150528.01991)","(-15301.47638, 150538.03531)",0.05140971316055007,18.0318,False,False
"(-15057.07638, 150161.27541)","(-15052.16208, 150165.11601)",0.006237030771927626,23.4662,False,False
"(-15057.07638, 150161.27541)","(-15060.59528, 150160.28511)",0.0036555917851975196,23.4662,False,False
"(-15301.47638, 150538.03531)","(-15256.60638, 150564.93981)",0.05231796078069459,18.0318,False,False
"(-15581.04908, 150196.24901)","(-15575.50808, 150197.60321)",0.005704080876005898,23.4662,False,False
"(-15581.04908, 150196.24901)","(-15596.36968, 150192.50501)",0.01577144002176142,23.4662,False,False
"(-16216.49208, 150851.53241)","(-16297.45468, 150792.79481)",0.1000252380778108,25.4249,True,False
"(-15500.69658, 149692.21201)","(-15521.17198, 149690.42841)",0.02055293735989959,23.4662,False,False
"(-16295.86718, 150668.96961)","(-16268.87958, 150656.26961)",0.02982650756894307,25.4249,False,False
"(-14844.52328, 150415.51571)","(-14842.24638, 150490.11721)",0.07463623835549636,25.3663,False,False
"(-15855.24798, 151506.31771)","(-15911.61678, 151519.14001)",0.05780876223143008,23.2042,False,False
"(-15337.81158, 149780.92821)","(-15362.45808, 149770.60951)",0.026719384946890294,23.4662,False,False
"(-15464.13998, 151201.64051)","(-15543.68728, 151181.20721)",0.08212973082982923,19.449,False,False
"(-15464.13998, 151201.64051)","(-15507.40648, 151084.53341)",0.12484415441925395,19.449,False,False
"(-14991.23968, 150578.27431)","(-14894.88278, 150594.89091)",0.09777915715104853,25.3663,False,False
"(-15298.68428, 149887.65371)","(-15297.07908, 149880.27071)",0.007555485162451446,23.4662,False,False
"(-15774.06238, 150740.86021)","(-15810.57718, 150701.87591)",0.0534144761795051,25.4249,False,False
"(-15774.06238, 150740.86021)","(-15743.22338, 150686.47961)",0.06251634648122391,19.449,False,False
"(-15021.97668, 149526.41771)","(-15027.30148, 149520.23411)",0.008160294357450108,23.4662,False,False
"(-15295.24518, 150639.78111)","(-15245.15398, 150655.18271)",0.052405511160559706,18.0318,False,False
"(-15263.31178, 150036.02881)","(-15269.96038, 150038.33611)",0.007037578791748968,23.4662,False,False
"(-15223.23828, 149827.63221)","(-15225.96968, 149826.84641)",0.002842187115589439,23.4662,False,False
"(-15223.23828, 149827.63221)","(-15219.76548, 149827.94571)",0.003486921577837702,23.4662,False,False
"(-15646.65768, 151295.89101)","(-15674.30698, 151361.66571)",0.07134980694144266,19.449,False,False
"(-15646.65768, 151295.89101)","(-15599.78398, 151252.55021)",0.06384018089205636,19.449,False,False
"(-15390.63988, 149567.80521)","(-15396.14008, 149566.81251)",0.005589065514912975,23.4662,False,False
"(-15390.63988, 149567.80521)","(-15388.61038, 149568.17161)",0.002062309193598645,23.4662,False,False
"(-15295.28148, 149865.54091)","(-15294.01488, 149866.04081)",0.0013616811557750073,23.4662,False,False
"(-16140.00328, 151635.98581)","(-16129.48928, 151638.06691)",0.010717983635457912,23.2042,False,False
"(-15383.57608, 149641.70941)","(-15375.86618, 149623.30041)",0.019958302508242536,23.4662,False,False
"(-14879.49698, 150664.90461)","(-14828.27768, 150704.27871)",0.06460446148139681,18.0318,False,False
"(-14879.49698, 150664.90461)","(-14943.16728, 150644.77521)",0.06677649172014193,18.0318,False,False
"(-15119.34028, 150962.24491)","(-15099.08998, 150941.58711)",0.02892783004185804,19.449,False,False
"(-15060.68178, 150574.20781)","(-14995.52008, 150623.26511)",0.08156387576728769,18.0318,False,False
"(-15060.68178, 150574.20781)","(-15106.71098, 150581.22331)",0.046560761300584765,18.0318,False,False
"(-15709.81788, 151513.10191)","(-15728.57398, 151554.84931)",0.04576720107204897,19.449,False,False
"(-15818.29228, 150949.86861)","(-15830.86408, 150999.82841)",0.05151729584594119,19.449,False,False
"(-15615.89268, 150187.73381)","(-15611.26778, 150188.86411)",0.00476101649860442,23.4662,False,False
"(-15615.89268, 150187.73381)","(-15616.52078, 150187.58031)",0.0006465847662947636,23.4662,False,False
"(-15395.71928, 150208.34681)","(-15379.71588, 150211.07121)",0.016233643057552493,23.4662,False,False
"(-15974.90848, 150876.54151)","(-16014.28048, 150857.21621)",0.04385911084472447,25.4249,False,False
"(-15974.90848, 150876.54151)","(-15945.09588, 150839.36401)",0.04765456562609116,25.4249,False,False
"(-15213.56948, 149828.50501)","(-15219.76548, 149827.94571)",0.006221192208089353,23.4662,False,False
"(-15213.56948, 149828.50501)","(-15209.04808, 149828.91311)",0.004539780123529895,23.4662,False,False
"(-15343.64718, 149838.39891)","(-15337.96468, 149843.47351)",0.007618554417356997,23.4662,False,False
"(-15212.23598, 150148.19651)","(-15211.18298, 150148.80571)",0.0012165252319503684,23.4662,False,False
"(-15212.23598, 150148.19651)","(-15213.00338, 150147.75251)",0.0008865882697265327,23.4662,False,False
"(-15199.93698, 149919.77221)","(-15187.96048, 149916.71931)",0.012359480193765236,23.4662,False,False
"(-15199.93698, 149919.77221)","(-15205.08728, 149921.08511)",0.005315006726246263,23.4662,False,False
"(-14872.17698, 150591.50351)","(-14839.10668, 150592.86351)",0.03309825285554999,18.0777,False,False
"(-14872.17698, 150591.50351)","(-14894.88278, 150594.89091)",0.022957086757684153,25.3663,False,False
"(-15205.08728, 149921.08511)","(-15207.57438, 149921.37041)",0.002503410174141449,23.4662,False,False
"(-16098.69358, 150572.88851)","(-16114.89188, 150588.00691)",0.022157412787827957,25.4249,False,False
"(-15461.26038, 149693.95951)","(-15433.16508, 149690.05221)",0.028365698922816637,23.4662,False,False
"(-15420.33398, 149562.44591)","(-15429.10278, 149560.86331)",0.008910470032499463,23.4662,False,False
"(-15420.33398, 149562.44591)","(-15407.94948, 149564.68111)",0.012584592138404124,23.4662,False,False
"(-15209.04648, 150150.04191)","(-15210.26578, 150149.33651)",0.0014086453244184307,23.4662,False,False
"(-16122.90718, 150623.28281)","(-16145.05438, 150599.11941)",0.03277755889933704,25.4249,False,False
"(-16206.96698, 150711.83211)","(-16192.43465, 150699.23743)",0.019230563682086907,25.4249,True,False
"(-14696.23138, 150573.01971)","(-14696.22688, 150573.00941)",1.1240106755619709e-05,18.0777,False,False
"(-15297.46838, 150179.44091)","(-15309.93628, 150164.24571)",0.019655600561938883,23.4662,False,False
"(-15405.53648, 151707.36501)","(-15465.71408, 151773.68361)",0.0895516624508988,19.449,False,False
"(-15926.28128, 150769.85951)","(-15934.43398, 150711.31851)",0.059105965843472254,25.4249,False,False
"(-15926.28128, 150769.85951)","(-15945.09588, 150839.36401)",0.07200600456494863,25.4249,False,False
"(-15100.50988, 150149.05321)","(-15107.25398, 150147.15551)",0.007006008143015796,23.4662,False,False
"(-15184.26338, 150144.77931)","(-15168.87938, 150141.51261)",0.01572700813537174,23.4662,False,False
"(-15560.18648, 149803.80161)","(-15561.43778, 149808.20651)",0.004579180679984975,23.4662,False,False
"(-15333.16518, 150961.60071)","(-15310.80948, 150985.37281)",0.03263265329237107,19.449,False,False
"(-14742.18248, 150531.89011)","(-14747.82518, 150549.20711)",0.018213142295862694,18.0777,False,False
"(-15810.57718, 150701.87591)","(-15875.90788, 150707.32671)",0.06555769659719568,25.4249,False,False
"(-15064.62538, 149714.30901)","(-15071.84338, 149708.42771)",0.009310704253175874,23.4662,False,False
"(-15123.44238, 149900.27351)","(-15117.61648, 149898.78841)",0.006012206984125755,23.4662,False,False
"(-15123.44238, 149900.27351)","(-15133.64258, 149902.87361)",0.010526376396939307,23.4662,False,False
"(-14671.09588, 150611.38431)","(-14635.37708, 150624.61361)",0.03808998624218979,18.0777,False,False
"(-15743.22338, 150686.47961)","(-15688.80288, 150665.87481)",0.05819062298420648,19.449,False,False
"(-15224.03798, 150791.07511)","(-15235.15038, 150711.69991)",0.08014928451833808,19.449,False,False
"(-15745.12698, 150581.43641)","(-15897.83788, 150503.28131)",0.17154835654945974,19.449,False,False
"(-14477.67398, 150832.74941)","(-14492.16648, 150841.08601)",0.016719194233280776,18.0777,False,False
"(-14477.67398, 150832.74941)","(-14463.39488, 150772.74351)",0.061681445602536716,18.0777,False,False
"(-15252.33478, 149819.26121)","(-15246.66958, 149820.89101)",0.005894975748888038,23.4662,False,False
"(-15753.79548, 151063.69671)","(-15734.33828, 151122.38041)",0.06182523172243478,19.449,False,False
"(-15564.67078, 150199.01821)","(-15566.51868, 150199.80011)",0.0020065148940385407,23.4662,False,False
"(-14979.33608, 150232.76481)","(-14993.88818, 150216.88981)",0.021535534342338084,25.3663,False,False
"(-14569.22838, 150823.01441)","(-14598.68118, 150836.98701)",0.03259909475123777,18.0777,False,False
"(-15429.10278, 149560.86331)","(-15431.16208, 149560.49161)",0.0020925767321641913,23.4662,False,False
"(-15269.96038, 150038.33611)","(-15303.66408, 150050.03251)",0.03567555418840299,23.4662,False,False
"(-14708.13498, 150730.41001)","(-14672.41608, 150770.09761)",0.05339424511097021,18.0777,False,False
"(-16114.89188, 150588.00691)","(-16095.10388, 150602.39781)",0.024467589722118186,25.4249,False,False
"(-15080.03998, 150922.15381)","(-15099.08998, 150941.58711)",0.02721315213072911,19.449,False,False
"(-15080.03998, 150922.15381)","(-15069.81928, 150869.45261)",0.05368313692332099,19.449,False,False
"(-15333.54568, 150218.93101)","(-15348.90098, 150216.31691)",0.015576224089941222,23.4662,False,False
"(-14995.52008, 150623.26511)","(-14943.16728, 150644.77521)",0.056599470579232564,18.0318,False,False
"(-15241.77478, 150131.10591)","(-15242.35108, 150130.77251)",0.000665790695341138,23.4662,False,False
"(-15220.59288, 150143.36141)","(-15222.69538, 150142.14491)",0.0024290694720446445,23.4662,False,False
"(-14828.27768, 150704.27871)","(-14801.88788, 150755.84861)",0.05792992430555366,18.0318,False,False
"(-15790.89598, 151468.19751)","(-15797.78117, 151482.06744)",0.01548485710432733,23.2042,True,False
"(-15790.89598, 151468.19751)","(-15798.28916, 151460.01916)",0.011024723091077883,23.2042,True,False
"(-14821.90878, 150513.48841)","(-14772.52948, 150537.76221)",0.05502301913681061,18.0777,False,False
"(-14821.90878, 150513.48841)","(-14826.86588, 150554.10721)",0.040920163169881375,18.0777,False,False
"(-15396.14008, 149566.81251)","(-15407.94948, 149564.68111)",0.012000199761667862,23.4662,False,False
"(-15304.77878, 149861.79231)","(-15309.96768, 149859.74431)",0.005578439495944406,23.4662,False,False
"(-14747.82518, 150549.20711)","(-14767.42878, 150536.77531)",0.02321315972029219,18.0777,False,False
"(-15330.12398, 150078.40561)","(-15318.00128, 150062.87911)",0.019698529324274894,23.4662,False,False
"(-15039.53568, 149549.14471)","(-15041.88538, 149547.84441)",0.002685492539554219,23.4662,False,False
"(-15039.53568, 149549.14471)","(-15039.52178, 149549.13681)",1.5988120589959547e-05,23.4662,False,False
"(-14839.10638, 150592.82631)","(-14839.10668, 150592.86351)",3.720120964933575e-05,18.0777,False,False
"(-15309.96768, 149859.74431)","(-15314.15858, 149858.09021)",0.004505517686131523,23.4662,False,False
"(-15654.94148, 150858.33571)","(-15703.98678, 150831.83861)",0.05574529361749196,19.449,False,False
"(-15078.34838, 149808.02801)","(-15087.36578, 149850.63721)",0.04355292673745431,23.4662,False,False
"(-15106.71098, 150581.22331)","(-15167.38228, 150601.09241)",0.0638418967332615,18.0318,False,False
"(-15071.84338, 149708.42771)","(-15072.08578, 149708.23011)",0.0003127355432208785,23.4662,False,False
"(-16145.05438, 150665.79461)","(-16183.15448, 150691.19461)",0.04579058440345218,25.4249,False,False
"(-15058.85908, 150317.18511)","(-15058.85758, 150317.20421)",1.915880998891244e-05,25.3663,False,False
"(-15084.52458, 149698.09481)","(-15081.05248, 149700.92391)",0.004478759339371607,23.4662,False,False
"(-15084.52458, 149698.09481)","(-15075.66738, 149689.50601)",0.012337644721742282,23.4662,False,False
"(-14801.88788, 150755.84861)","(-14816.40718, 150816.30151)",0.06217204509182937,18.0318,False,False
"(-15082.78238, 150019.21581)","(-15080.09818, 150084.27321)",0.06511275009091967,23.4662,True,False
"(-14772.52948, 150537.76221)","(-14767.42878, 150536.77531)",0.005195297113733587,18.0777,False,False
"(-15049.80138, 149664.42381)","(-15040.86818, 149655.76141)",0.01244344148537863,23.4662,False,False
"(-15875.90788, 150707.32671)","(-15934.43398, 150711.31851)",0.058662073339169,25.4249,False,False
"(-14861.44738, 150934.48421)","(-14947.37588, 150972.40901)",0.09392548944397683,19.449,False,False
"(-15483.53838, 151753.82181)","(-15465.71408, 151773.68361)",0.02668701500225413,19.449,False,False
"(-15483.53838, 151753.82181)","(-15521.69868, 151723.56841)",0.04869781009089805,19.449,False,False
"(-14635.37708, 150624.61361)","(-14597.01248, 150643.13441)",0.04260120380693487,18.0777,False,False
"(-15401.00378, 151845.79171)","(-15465.71408, 151773.68361)",0.0968865367927745,22.0352,False,False
"(-15325.96508, 151113.77781)","(-15387.94528, 151109.43011)",0.062132501054843345,19.449,False,False
"(-15112.28718, 150146.57551)","(-15127.62568, 150144.80821)",0.015439978352964718,23.4662,False,False
"(-15897.83788, 150503.28131)","(-15936.24118, 150465.86251)",0.053618840385903595,19.449,False,False
"(-15342.36318, 149378.40191)","(-15383.42364, 149405.95416)",0.049447829633610677,23.4662,True,False
"(-14598.68118, 150836.98701)","(-14641.98898, 150836.24351)",0.04331418166247701,18.0777,False,False
"(-15216.33938, 149922.37561)","(-15207.57438, 149921.37041)",0.00882245158898363,23.4662,False,False
"(-15211.18298, 150148.80571)","(-15210.26578, 150149.33651)",0.0010597190571127618,23.4662,False,False
"(-15039.52178, 149549.13681)","(-15036.61778, 149547.50641)",0.0033303783809012287,23.4662,False,False
"(-15854.91918, 151176.83081)","(-15911.35608, 151149.26531)",0.06280907953362555,19.449,False,False
"(-15854.91918, 151176.83081)","(-15842.48604, 151170.45481)",0.013972700034705514,19.449,True,False
"(-15058.85758, 150317.20421)","(-15058.86188, 150317.22221)",1.8506485360498752e-05,25.3663,False,False
"(-16183.15448, 150691.19461)","(-16192.43465, 150699.23743)",0.01228041158843377,25.4249,True,False
"(-15550.43578, 151683.26661)","(-15521.69868, 151723.56841)",0.04949804036172824,19.449,False,False
"(-15225.96968, 149826.84641)","(-15226.00638, 149826.83581)",3.8200130892786864e-05,23.4662,False,False
"(-15911.35608, 151149.26531)","(-15894.12818, 151202.17511)",0.05564393474991178,23.2042,False,False
"(-15256.60638, 150564.93981)","(-15167.38228, 150601.09241)",0.09627019532321514,18.0318,False,False
"(-15624.18615, 149941.11032)","(-15633.27606, 149960.79595)",0.02168295395707703,23.4662,True,False
