"Node1(x,y)","Node2(x,y)"
"(-8943.67238, 153312.46021)","(-8946.76948, 153297.98931)"
"(-8943.67238, 153312.46021)","(-8937.16718, 153340.79151)"
"(-8546.37958, 152947.14591)","(-8514.86648, 152916.17331)"
"(-8546.37958, 152947.14591)","(-8551.37628, 152992.01541)"
"(-8783.11158, 154156.75041)","(-8787.84238, 154156.72661)"
"(-8783.11158, 154156.75041)","(-8783.26858, 154154.97571)"
"(-8783.11158, 154156.75041)","(-8782.81908, 154159.04491)"
"(-8760.39568, 154106.57751)","(-8759.96468, 154109.22561)"
"(-8760.39568, 154106.57751)","(-8765.13598, 154077.45621)"
"(-9919.59978, 154395.73381)","(-9960.61028, 154398.37961)"
"(-9919.59978, 154395.73381)","(-9881.23518, 154399.70251)"
"(-8968.46528, 152869.15571)","(-9010.66878, 152892.59351)"
"(-8968.46528, 152869.15571)","(-8923.95468, 152862.94901)"
"(-8304.42188, 152146.10471)","(-8327.48808, 152072.10471)"
"(-8304.42188, 152146.10471)","(-8248.36388, 152149.07701)"
"(-8304.42188, 152146.10471)","(-8368.71658, 152123.74211)"
"(-8246.99908, 152136.34501)","(-8247.27098, 152146.13591)"
"(-8246.99908, 152136.34501)","(-8246.47728, 152117.56081)"
"(-9740.06668, 154414.51061)","(-9738.06808, 154415.22681)"
"(-9740.06668, 154414.51061)","(-9740.92628, 154414.21701)"
"(-8286.16478, 152634.05501)","(-8283.78358, 152663.42391)"
"(-8286.16478, 152634.05501)","(-8299.65858, 152626.91131)"
"(-8781.32578, 154040.28541)","(-8766.97848, 154067.67691)"
"(-8781.32578, 154040.28541)","(-8783.81148, 154035.53991)"
"(-8223.82108, 151824.87981)","(-8225.67698, 151820.07771)"
"(-8223.82108, 151824.87981)","(-8221.84868, 151829.98371)"
"(-9328.92838, 153191.97171)","(-9298.09388, 153245.78081)"
"(-9328.92838, 153191.97171)","(-9388.39708, 153170.08051)"
"(-9117.63868, 153848.78341)","(-9104.41968, 153856.06511)"
"(-9117.63868, 153848.78341)","(-9118.93798, 153832.31721)"
"(-8787.92548, 154122.73791)","(-8787.02638, 154125.27361)"
"(-8787.92548, 154122.73791)","(-8789.06508, 154119.30781)"
"(-9647.95268, 154463.42041)","(-9655.60508, 154441.73551)"
"(-9647.95268, 154463.42041)","(-9674.85068, 154457.77991)"
"(-9647.95268, 154463.42041)","(-9632.85298, 154466.58681)"
"(-8255.42878, 152302.28211)","(-8256.09718, 152329.51171)"
"(-8255.42878, 152302.28211)","(-8242.35278, 152220.01591)"
"(-9126.43748, 153774.04721)","(-9122.81498, 153793.26001)"
"(-9126.43748, 153774.04721)","(-9131.22258, 153748.66861)"
"(-8483.41108, 152191.69191)","(-8413.72468, 152178.67471)"
"(-8483.41108, 152191.69191)","(-8450.43118, 152227.20871)"
"(-8837.98098, 153685.85521)","(-8837.18718, 153653.31141)"
"(-8837.98098, 153685.85521)","(-8851.47478, 153718.39901)"
"(-8917.12528, 153432.55561)","(-8917.39088, 153430.97681)"
"(-8917.12528, 153432.55561)","(-8908.84718, 153439.72151)"
"(-9173.01118, 153715.81171)","(-9146.71098, 153722.00191)"
"(-9173.01118, 153715.81171)","(-9175.51298, 153696.77511)"
"(-8881.42728, 153242.11591)","(-8881.93108, 153242.83551)"
"(-8881.42728, 153242.11591)","(-8879.33168, 153239.12301)"
"(-9059.27848, 152728.75871)","(-9057.95558, 152691.05551)"
"(-9059.27848, 152728.75871)","(-9063.37178, 152726.78521)"
"(-8694.67168, 152879.38811)","(-8738.80788, 152896.81511)"
"(-8694.67168, 152879.38811)","(-8648.87098, 152906.36191)"
"(-8918.76948, 153423.17511)","(-8919.84728, 153417.08421)"
"(-8918.76948, 153423.17511)","(-8917.39088, 153430.97681)"
"(-9632.85298, 154466.58681)","(-9583.08328, 154477.02311)"
"(-8267.58198, 151754.14481)","(-8256.85768, 151748.90831)"
"(-8267.58198, 151754.14481)","(-8314.67598, 151770.69111)"
"(-8256.15458, 152758.00761)","(-8256.54398, 152756.72491)"
"(-8256.15458, 152758.00761)","(-8253.62108, 152763.43651)"
"(-9498.27268, 154493.74121)","(-9518.26758, 154496.05951)"
"(-9498.27268, 154493.74121)","(-9413.74588, 154491.50361)"
"(-8281.40238, 152692.79261)","(-8273.27881, 152718.32373)"
"(-8281.40238, 152692.79261)","(-8283.78358, 152663.42391)"
"(-8213.93348, 151983.89311)","(-8219.48968, 151967.22431)"
"(-8213.93348, 151983.89311)","(-8226.63348, 151998.18061)"
"(-9429.08558, 153790.13721)","(-9430.99058, 153756.95831)"
"(-9429.08558, 153790.13721)","(-9384.63558, 153825.06221)"
"(-8852.74398, 153889.32871)","(-8853.69078, 153917.28971)"
"(-8852.74398, 153889.32871)","(-8852.62418, 153885.79001)"
"(-9523.06568, 153566.45801)","(-9584.97818, 153522.00801)"
"(-9523.06568, 153566.45801)","(-9461.15318, 153631.54561)"
"(-8990.42628, 153895.01201)","(-8984.80828, 153895.44421)"
"(-8990.42628, 153895.01201)","(-8997.91198, 153890.87761)"
"(-8780.68378, 154169.75261)","(-8781.33368, 154167.39531)"
"(-8780.68378, 154169.75261)","(-8780.61628, 154170.51401)"
"(-8926.70428, 152911.00621)","(-8914.52708, 152975.35591)"
"(-8926.70428, 152911.00621)","(-8972.21668, 152925.10621)"
"(-9414.57208, 154464.88471)","(-9428.77278, 154459.76581)"
"(-9414.57208, 154464.88471)","(-9387.94388, 154474.48331)"
"(-8855.66908, 153866.51191)","(-8857.21528, 153861.31121)"
"(-8855.66908, 153866.51191)","(-8852.99798, 153875.49651)"
"(-8256.32908, 152170.51261)","(-8258.92858, 152174.22521)"
"(-8256.32908, 152170.51261)","(-8248.36388, 152149.07701)"
"(-8922.91238, 153401.61281)","(-8924.63148, 153395.38601)"
"(-8922.91238, 153401.61281)","(-8922.71258, 153398.74931)"
"(-8922.91238, 153401.61281)","(-8922.57398, 153404.34661)"
"(-8876.28358, 153235.93521)","(-8878.33018, 153238.03021)"
"(-8876.28358, 153235.93521)","(-8867.75068, 153227.40241)"
"(-8994.35398, 152738.83841)","(-8973.18728, 152773.23431)"
"(-8994.35398, 152738.83841)","(-8989.81088, 152736.72681)"
"(-8996.85768, 154011.63381)","(-8999.02548, 154013.24851)"
"(-8996.85768, 154011.63381)","(-8992.35538, 154008.28011)"
"(-9375.06578, 153446.54011)","(-9369.92748, 153449.41791)"
"(-9375.06578, 153446.54011)","(-9393.43828, 153436.25021)"
"(-8848.37758, 153941.30351)","(-8845.36018, 153954.94111)"
"(-8848.37758, 153941.30351)","(-8850.13998, 153933.33791)"
"(-10127.29808, 154449.97341)","(-10110.10008, 154419.54631)"
"(-10127.29808, 154449.97341)","(-10155.07938, 154477.75481)"
"(-9109.02908, 153397.38721)","(-9167.43118, 153380.35311)"
"(-9109.02908, 153397.38721)","(-9052.22908, 153417.09791)"
"(-8848.02118, 153236.03601)","(-8848.45848, 153236.65041)"
"(-8848.02118, 153236.03601)","(-8847.10698, 153233.45701)"
"(-8783.81148, 154035.53991)","(-8817.34338, 154002.95901)"
"(-8973.18728, 152773.23431)","(-8977.15608, 152815.56771)"
"(-9477.96068, 154368.47641)","(-9432.07168, 154360.59231)"
"(-9477.96068, 154368.47641)","(-9558.96798, 154367.40901)"
"(-8786.42938, 154127.83981)","(-8785.95678, 154130.52741)"
"(-8786.42938, 154127.83981)","(-8787.02638, 154125.27361)"
"(-9008.00028, 154330.30161)","(-9081.69398, 154338.27351)"
"(-9008.00028, 154330.30161)","(-9011.58678, 154302.27077)"
"(-8998.56468, 154016.25241)","(-8991.49638, 154062.32891)"
"(-8998.56468, 154016.25241)","(-8999.02548, 154013.24851)"
"(-8921.86708, 153407.42501)","(-8922.57398, 153404.34661)"
"(-8921.86708, 153407.42501)","(-8920.75698, 153412.25971)"
"(-9115.77378, 154266.14501)","(-9096.89538, 154225.39611)"
"(-9115.77378, 154266.14501)","(-9100.34295, 154298.80373)"
"(-9242.00048, 154526.70271)","(-9266.02268, 154507.25621)"
"(-9242.00048, 154526.70271)","(-9217.87918, 154532.95641)"
"(-9600.69138, 154458.32671)","(-9625.89578, 154455.00011)"
"(-9600.69138, 154458.32671)","(-9557.96008, 154463.96671)"
"(-10053.21458, 154438.06721)","(-10087.61058, 154460.55681)"
"(-10053.21458, 154438.06721)","(-10045.27708, 154430.12961)"
"(-8323.28988, 153083.83651)","(-8310.40738, 153069.23071)"
"(-8323.28988, 153083.83651)","(-8334.74128, 153096.81971)"
"(-10398.49658, 154636.50501)","(-10372.03818, 154598.14041)"
"(-10398.49658, 154636.50501)","(-10424.95498, 154656.34891)"
"(-8419.81928, 153175.32231)","(-8419.04448, 153175.03781)"
"(-8419.81928, 153175.32231)","(-8425.94128, 153177.57121)"
"(-8885.41448, 153264.73511)","(-8885.41458, 153270.06481)"
"(-8885.41448, 153264.73511)","(-8885.41438, 153255.83531)"
"(-8241.71468, 151783.70901)","(-8232.98348, 151801.17151)"
"(-8241.71468, 151783.70901)","(-8254.41478, 151775.77141)"
"(-8225.04598, 152157.24841)","(-8235.02188, 152169.97841)"
"(-8225.04598, 152157.24841)","(-8228.15488, 152123.10651)"
"(-8809.40588, 153560.44251)","(-8803.84968, 153602.51141)"
"(-8809.40588, 153560.44251)","(-8830.83718, 153524.72361)"
"(-9314.71878, 154269.66701)","(-9239.18788, 154202.56361)"
"(-9314.71878, 154269.66701)","(-9366.34948, 154326.12751)"
"(-8784.16838, 154147.51361)","(-8783.86718, 154150.90981)"
"(-8784.16838, 154147.51361)","(-8784.27068, 154144.68901)"
"(-9714.40278, 154421.94211)","(-9710.82628, 154423.00531)"
"(-9714.40278, 154421.94211)","(-9715.01618, 154421.76691)"
"(-9680.35898, 154431.69801)","(-9679.69878, 154431.92591)"
"(-9680.35898, 154431.69801)","(-9684.37908, 154430.36181)"
"(-9710.82628, 154423.00531)","(-9707.05978, 154424.17221)"
"(-8906.01368, 153249.79021)","(-8878.71948, 153202.01151)"
"(-8906.01368, 153249.79021)","(-8980.98938, 153243.88601)"
"(-9006.43348, 154478.93391)","(-9061.20238, 154506.71521)"
"(-9006.43348, 154478.93391)","(-8948.48968, 154433.69001)"
"(-8790.72528, 154156.80501)","(-8800.05808, 154157.05891)"
"(-8790.72528, 154156.80501)","(-8788.99448, 154156.75791)"
"(-8791.02648, 154105.71331)","(-8790.48408, 154114.93871)"
"(-8791.02648, 154105.71331)","(-8792.92358, 154078.16151)"
"(-8790.25308, 154115.65161)","(-8789.78688, 154116.91501)"
"(-8790.25308, 154115.65161)","(-8790.38358, 154115.30121)"
"(-8891.26108, 153852.78051)","(-8857.99268, 153850.47371)"
"(-8891.26108, 153852.78051)","(-8942.85498, 153827.64511)"
"(-9192.18578, 153279.75991)","(-9200.95308, 153220.64971)"
"(-9192.18578, 153279.75991)","(-9237.27138, 153254.59561)"
"(-9333.96288, 154495.92661)","(-9354.02468, 154493.37321)"
"(-9333.96288, 154495.92661)","(-9309.48418, 154507.31201)"
"(-8494.92148, 153244.29121)","(-8518.73408, 153251.43501)"
"(-8494.92148, 153244.29121)","(-8475.87148, 153220.08181)"
"(-8229.24738, 151810.83901)","(-8232.98348, 151801.17151)"
"(-8229.24738, 151810.83901)","(-8225.67698, 151820.07771)"
"(-8202.78238, 151847.25231)","(-8193.42918, 151875.33631)"
"(-8202.78238, 151847.25231)","(-8217.96638, 151807.53891)"
"(-8848.45848, 153236.65041)","(-8851.85398, 153246.23421)"
"(-9190.25318, 154566.96091)","(-9207.71568, 154556.90671)"
"(-9190.25318, 154566.96091)","(-9186.01978, 154580.19011)"
"(-9340.54568, 153475.67691)","(-9329.65838, 153485.40711)"
"(-9340.54568, 153475.67691)","(-9369.92748, 153449.41791)"
"(-8900.53118, 154112.90341)","(-8902.76388, 154114.99341)"
"(-8900.53118, 154112.90341)","(-8881.44108, 154128.64501)"
"(-9533.14578, 154497.03921)","(-9538.86898, 154495.85551)"
"(-9533.14578, 154497.03921)","(-9528.58918, 154497.25621)"
"(-8927.37538, 153383.43601)","(-8930.10948, 153371.52881)"
"(-8927.37538, 153383.43601)","(-8925.87288, 153389.97931)"
"(-8254.41478, 151775.77141)","(-8253.90058, 151761.12741)"
"(-8271.87728, 152365.92571)","(-8273.46488, 152407.99461)"
"(-8271.87728, 152365.92571)","(-8256.09718, 152329.51171)"
"(-8215.52098, 151800.37771)","(-8217.96638, 151807.53891)"
"(-8215.52098, 151800.37771)","(-8232.98348, 151801.17151)"
"(-8514.76528, 153208.96931)","(-8498.09648, 153197.85681)"
"(-8514.76528, 153208.96931)","(-8531.43408, 153212.54121)"
"(-8937.50568, 153967.42401)","(-8945.21958, 153973.16991)"
"(-8937.50568, 153967.42401)","(-8942.22078, 153961.59611)"
"(-9701.86398, 154425.31251)","(-9700.09378, 154425.70441)"
"(-9701.86398, 154425.31251)","(-9704.67768, 154424.77851)"
"(-9641.96788, 154436.62011)","(-9629.15298, 154431.81321)"
"(-9641.96788, 154436.62011)","(-9649.10048, 154439.29561)"
"(-8908.84718, 153439.72151)","(-8906.93188, 153443.82901)"
"(-8964.74028, 154144.96961)","(-8965.84828, 154144.35501)"
"(-8964.74028, 154144.96961)","(-8945.93118, 154155.40331)"
"(-9145.30088, 153164.47331)","(-9226.07508, 153152.38171)"
"(-9145.30088, 153164.47331)","(-9074.54688, 153155.33771)"
"(-10045.27708, 154430.12961)","(-10017.49588, 154411.60881)"
"(-9175.51298, 153696.77511)","(-9179.02188, 153670.07491)"
"(-9179.02188, 153670.07491)","(-9181.77148, 153649.15291)"
"(-9110.80948, 152864.56091)","(-9172.55288, 152856.42271)"
"(-9110.80948, 152864.56091)","(-9061.56738, 152918.58721)"
"(-9312.97548, 153133.45171)","(-9350.03138, 153067.21851)"
"(-9312.97548, 153133.45171)","(-9267.34708, 153196.98221)"
"(-9860.06838, 154374.56711)","(-9797.03658, 154393.39781)"
"(-9860.06838, 154374.56711)","(-9946.05818, 154358.69201)"
"(-9437.32288, 153390.81541)","(-9435.84858, 153394.93441)"
"(-9437.32288, 153390.81541)","(-9444.51338, 153370.72541)"
"(-8516.57678, 152499.59791)","(-8470.27478, 152457.26441)"
"(-8516.57678, 152499.59791)","(-8519.22258, 152559.12931)"
"(-9554.60078, 153332.05561)","(-9555.70718, 153335.80591)"
"(-9554.60078, 153332.05561)","(-9554.54448, 153332.07651)"
"(-9307.99648, 153538.25591)","(-9306.40548, 153543.16341)"
"(-9307.99648, 153538.25591)","(-9312.98898, 153522.85581)"
"(-8840.13878, 153978.54071)","(-8839.99698, 153979.18151)"
"(-8840.13878, 153978.54071)","(-8845.36018, 153954.94111)"
"(-8301.24618, 152585.63621)","(-8299.65858, 152626.91131)"
"(-8301.24618, 152585.63621)","(-8302.03988, 152522.13601)"
"(-8219.84418, 151835.17061)","(-8221.84868, 151829.98371)"
"(-8219.84418, 151835.17061)","(-8216.48048, 151843.61681)"
"(-9481.20278, 152906.94691)","(-9498.24418, 152833.68401)"
"(-9481.20278, 152906.94691)","(-9403.25848, 152938.49561)"
"(-9316.11438, 154525.23801)","(-9341.51448, 154511.34741)"
"(-9316.11438, 154525.23801)","(-9298.88598, 154538.60901)"
"(-8995.90568, 154501.89981)","(-9017.07238, 154511.49091)"
"(-8995.90568, 154501.89981)","(-8983.00728, 154490.98571)"
"(-8273.46488, 152407.99461)","(-8274.25858, 152450.06341)"
"(-9207.71568, 154556.90671)","(-9235.76158, 154548.44011)"
"(-8938.88788, 154466.90851)","(-8951.58788, 154476.43361)"
"(-8938.88788, 154466.90851)","(-8924.66648, 154461.28611)"
"(-8914.52708, 152975.35591)","(-8944.28388, 153014.06101)"
"(-9150.76498, 153902.09901)","(-9147.58998, 153955.01581)"
"(-9150.76498, 153902.09901)","(-9164.36752, 153888.49647)"
"(-8235.36468, 152833.68351)","(-8236.95228, 152813.83971)"
"(-8235.36468, 152833.68351)","(-8237.02318, 152857.68661)"
"(-8789.71368, 154117.11761)","(-8789.21178, 154118.82761)"
"(-8789.71368, 154117.11761)","(-8789.78688, 154116.91501)"
"(-8778.48278, 154179.65521)","(-8778.87708, 154178.40871)"
"(-8778.48278, 154179.65521)","(-8776.66818, 154184.28141)"
"(-8790.48198, 154114.97461)","(-8790.48048, 154114.99571)"
"(-8790.48198, 154114.97461)","(-8790.48408, 154114.93871)"
"(-8816.02048, 154361.47011)","(-8847.77058, 154390.57441)"
"(-8816.02048, 154361.47011)","(-8797.49968, 154331.04301)"
"(-9172.55288, 152856.42271)","(-9228.64578, 152874.61131)"
"(-9728.48848, 154417.75931)","(-9721.36408, 154419.96011)"
"(-9728.48848, 154417.75931)","(-9732.05128, 154416.70031)"
"(-10280.75678, 154545.22361)","(-10230.48588, 154512.15071)"
"(-10280.75678, 154545.22361)","(-10337.64228, 154575.65081)"
"(-8287.01728, 152357.70371)","(-8287.41228, 152362.21841)"
"(-8287.01728, 152357.70371)","(-8285.84428, 152353.32611)"
"(-8211.55218, 152874.87921)","(-8213.91438, 152887.28051)"
"(-8211.55218, 152874.87921)","(-8211.85342, 152845.18125)"
"(-8248.36388, 152149.07701)","(-8247.27098, 152146.13591)"
"(-9100.57338, 152713.48251)","(-9099.57578, 152713.96351)"
"(-9100.57338, 152713.48251)","(-9111.81828, 152724.06581)"
"(-8927.18088, 154137.85071)","(-8931.69378, 154142.07531)"
"(-8927.18088, 154137.85071)","(-8915.96178, 154127.34831)"
"(-8427.74768, 151871.06941)","(-8382.76848, 151908.11121)"
"(-8427.74768, 151871.06941)","(-8485.98448, 151832.05861)"
"(-9044.71978, 153703.29071)","(-9056.62598, 153729.74901)"
"(-9044.71978, 153703.29071)","(-9051.33438, 153666.24901)"
"(-8788.99448, 154156.75791)","(-8787.84238, 154156.72661)"
"(-9446.96938, 152816.22071)","(-9487.09748, 152779.39211)"
"(-9446.96938, 152816.22071)","(-9498.24418, 152833.68401)"
"(-9160.09058, 154571.72341)","(-9186.01978, 154580.19011)"
"(-9160.09058, 154571.72341)","(-9122.51968, 154572.25261)"
"(-8495.46288, 152862.22241)","(-8494.83288, 152860.06441)"
"(-8495.46288, 152862.22241)","(-8516.35378, 152864.67651)"
"(-9145.42748, 154543.90061)","(-9206.28168, 154535.96321)"
"(-9145.42748, 154543.90061)","(-9123.76428, 154540.07781)"
"(-8628.27178, 153239.52871)","(-8608.42798, 153245.08501)"
"(-8628.27178, 153239.52871)","(-8652.87808, 153230.00371)"
"(-9071.23108, 154136.57321)","(-9087.54268, 154173.27871)"
"(-9071.23108, 154136.57321)","(-9045.83108, 154154.03571)"
"(-8847.77058, 154390.57441)","(-8857.93978, 154406.67561)"
"(-9066.95148, 153257.77131)","(-9046.54478, 153216.70301)"
"(-9066.95148, 153257.77131)","(-9018.37528, 153287.67381)"
"(-8274.25858, 152450.06341)","(-8271.99568, 152474.95471)"
"(-9427.98658, 153416.90061)","(-9393.43828, 153436.25021)"
"(-9427.98658, 153416.90061)","(-9430.48428, 153409.92201)"
"(-8300.74748, 151901.49661)","(-8276.93488, 151868.42371)"
"(-8300.74748, 151901.49661)","(-8345.72668, 151961.02801)"
"(-9960.61028, 154398.37961)","(-9991.03738, 154399.70251)"
"(-9676.91628, 154432.92331)","(-9675.59178, 154433.39811)"
"(-9676.91628, 154432.92331)","(-9679.69878, 154431.92591)"
"(-9369.95088, 154327.99551)","(-9366.34948, 154326.12751)"
"(-9369.95088, 154327.99551)","(-9370.60458, 154328.71041)"
"(-8851.47478, 153718.39901)","(-8870.52478, 153730.30531)"
"(-8864.96848, 154357.50141)","(-8858.00538, 154341.83431)"
"(-8864.96848, 154357.50141)","(-8904.28368, 154402.87661)"
"(-9010.66878, 152892.59351)","(-9061.56738, 152918.58721)"
"(-9131.22258, 153748.66861)","(-9135.76468, 153724.57831)"
"(-8789.06508, 154119.30781)","(-8789.11538, 154119.15631)"
"(-8975.20958, 153995.50861)","(-8977.16698, 153996.96671)"
"(-8975.20958, 153995.50861)","(-8969.98738, 153991.61871)"
"(-8916.15898, 152818.57641)","(-8870.40298, 152853.96231)"
"(-8916.15898, 152818.57641)","(-8967.89568, 152834.08861)"
"(-9012.96968, 153838.22851)","(-9027.52188, 153835.58261)"
"(-9012.96968, 153838.22851)","(-9002.18865, 153832.99198)"
"(-8450.65798, 152686.82181)","(-8480.29128, 152666.71341)"
"(-8450.65798, 152686.82181)","(-8465.47458, 152771.48861)"
"(-9002.57848, 154094.91811)","(-9010.89168, 154106.52521)"
"(-9002.57848, 154094.91811)","(-8991.53198, 154079.49471)"
"(-8378.51758, 152587.11041)","(-8424.55788, 152607.81741)"
"(-8378.51758, 152587.11041)","(-8334.57328, 152638.46891)"
"(-8995.96238, 152693.88411)","(-8959.17198, 152721.87961)"
"(-8995.96238, 152693.88411)","(-8999.37018, 152671.14911)"
"(-8287.41228, 152362.21841)","(-8287.41308, 152459.42971)"
"(-9734.56658, 154416.07021)","(-9733.22758, 154416.37671)"
"(-9734.56658, 154416.07021)","(-9736.70588, 154415.63151)"
"(-8491.21118, 152859.63891)","(-8465.47458, 152771.48861)"
"(-8491.21118, 152859.63891)","(-8494.83288, 152860.06441)"
"(-10290.01718, 154576.97371)","(-10325.73608, 154608.72371)"
"(-10290.01718, 154576.97371)","(-10245.03798, 154557.12991)"
"(-10149.78778, 154506.85891)","(-10156.40238, 154525.37991)"
"(-10149.78778, 154506.85891)","(-10116.71478, 154485.69221)"
"(-9226.07508, 153152.38171)","(-9200.95308, 153220.64971)"
"(-8214.37458, 151848.70081)","(-8216.48048, 151843.61681)"
"(-8214.37458, 151848.70081)","(-8210.35168, 151858.41321)"
"(-8272.67108, 152633.26131)","(-8264.73358, 152657.86751)"
"(-8272.67108, 152633.26131)","(-8281.40238, 152599.12991)"
"(-9733.22758, 154416.37671)","(-9732.05128, 154416.70031)"
"(-8797.49968, 154331.04301)","(-8778.97878, 154283.41791)"
"(-8999.37018, 152671.14911)","(-9010.61498, 152672.47191)"
"(-9029.13578, 152679.08661)","(-9010.61498, 152672.47191)"
"(-9029.13578, 152679.08661)","(-9062.85198, 152679.08661)"
"(-9629.15298, 154431.81321)","(-9624.70598, 154430.14511)"
"(-8245.68358, 152061.68081)","(-8244.88978, 152025.96191)"
"(-8245.68358, 152061.68081)","(-8238.53978, 152081.52451)"
"(-8852.62418, 153885.79001)","(-8852.34948, 153877.67781)"
"(-8175.03958, 151906.10541)","(-8190.12088, 151923.56801)"
"(-8175.03958, 151906.10541)","(-8193.42918, 151875.33631)"
"(-8684.68075, 153202.36468)","(-8679.32018, 153204.34561)"
"(-8684.68075, 153202.36468)","(-8703.67818, 153204.60371)"
"(-8684.68075, 153202.36468)","(-8702.24938, 153195.87241)"
"(-8950.06138, 153918.34181)","(-8955.31248, 153923.03301)"
"(-8950.06138, 153918.34181)","(-8938.82858, 153908.30661)"
"(-8373.50798, 152142.69121)","(-8368.71658, 152123.74211)"
"(-8373.50798, 152142.69121)","(-8413.72468, 152178.67471)"
"(-8878.33018, 153238.03021)","(-8879.33168, 153239.12301)"
"(-8851.85398, 153246.23421)","(-8861.92708, 153274.66501)"
"(-9258.81718, 153872.37111)","(-9280.02378, 153858.25581)"
"(-9258.81718, 153872.37111)","(-9226.96508, 153828.01551)"
"(-9056.62598, 153729.74901)","(-9057.94898, 153773.40541)"
"(-8901.77668, 153053.09011)","(-8884.75078, 153101.47041)"
"(-8901.77668, 153053.09011)","(-8944.28388, 153014.06101)"
"(-9057.94898, 153773.40541)","(-9048.68858, 153813.09301)"
"(-10156.40238, 154525.37991)","(-10177.56908, 154528.02571)"
"(-8969.98738, 153991.61871)","(-8957.79428, 153982.53641)"
"(-9528.58918, 154497.25621)","(-9518.26758, 154496.05951)"
"(-8509.82828, 152971.15301)","(-8551.37628, 152992.01541)"
"(-8509.82828, 152971.15301)","(-8462.60738, 153052.49751)"
"(-8806.49658, 154157.23401)","(-8819.48988, 154157.58741)"
"(-8806.49658, 154157.23401)","(-8800.05808, 154157.05891)"
"(-8390.14628, 153156.58171)","(-8383.79628, 153142.29411)"
"(-8390.14628, 153156.58171)","(-8416.34008, 153174.04421)"
"(-8548.89668, 153220.47871)","(-8531.43408, 153212.54121)"
"(-8548.89668, 153220.47871)","(-8556.03708, 153222.56861)"
"(-9350.03138, 153067.21851)","(-9370.48018, 153016.01491)"
"(-8931.38988, 153901.66101)","(-8938.82858, 153908.30661)"
"(-8931.38988, 153901.66101)","(-8929.21818, 153899.72081)"
"(-9430.48428, 153409.92201)","(-9435.84858, 153394.93441)"
"(-9010.89168, 154106.52521)","(-9017.47498, 154115.71691)"
"(-8221.07728, 152054.53701)","(-8212.34598, 152052.94951)"
"(-8221.07728, 152054.53701)","(-8223.45848, 152030.72441)"
"(-8840.36228, 153604.89261)","(-8829.24968, 153584.25511)"
"(-8840.36228, 153604.89261)","(-8841.15598, 153636.64261)"
"(-8236.95228, 152813.83971)","(-8239.74678, 152805.38961)"
"(-9062.85198, 152679.08661)","(-9057.95558, 152691.05551)"
"(-8264.73358, 152657.86751)","(-8259.97108, 152685.64881)"
"(-8238.53978, 152081.52451)","(-8225.83968, 152085.49331)"
"(-8238.53978, 152081.52451)","(-8241.71478, 152089.77961)"
"(-9604.65448, 153317.65591)","(-9555.70718, 153335.80591)"
"(-9604.65448, 153317.65591)","(-9621.49068, 153423.26531)"
"(-10087.61058, 154460.55681)","(-10116.71478, 154485.69221)"
"(-8790.47758, 154115.04891)","(-8790.38358, 154115.30121)"
"(-8790.47758, 154115.04891)","(-8790.47918, 154115.02011)"
"(-8205.20218, 151887.84911)","(-8210.35168, 151858.41321)"
"(-8205.20218, 151887.84911)","(-8210.39098, 151917.79661)"
"(-9556.20798, 154492.28571)","(-9583.08328, 154477.02311)"
"(-9556.20798, 154492.28571)","(-9538.86898, 154495.85551)"
"(-9095.78608, 154551.17851)","(-9112.99468, 154564.84431)"
"(-9095.78608, 154551.17851)","(-9058.41368, 154540.26441)"
"(-8955.53518, 153945.13921)","(-8951.42678, 153950.21731)"
"(-8955.53518, 153945.13921)","(-8963.65848, 153935.09871)"
"(-8327.20578, 151827.41321)","(-8368.20178, 151792.32101)"
"(-8327.20578, 151827.41321)","(-8276.93488, 151868.42371)"
"(-8933.36378, 153357.35571)","(-8937.16718, 153340.79151)"
"(-8933.36378, 153357.35571)","(-8930.10948, 153371.52881)"
"(-8785.95678, 154130.52741)","(-8785.18878, 154133.73761)"
"(-9008.14848, 153885.22381)","(-9001.39748, 153888.95251)"
"(-9008.14848, 153885.22381)","(-9028.49018, 153873.98881)"
"(-9039.81758, 153873.57561)","(-9028.49018, 153873.98881)"
"(-9039.81758, 153873.57561)","(-9067.09518, 153872.58051)"
"(-8351.25248, 153119.27531)","(-8339.35308, 153103.09191)"
"(-8351.25248, 153119.27531)","(-8365.54008, 153128.00661)"
"(-8259.97108, 152685.64881)","(-8242.82872, 152715.03566)"
"(-10206.67328, 154531.99441)","(-10233.13158, 154561.09871)"
"(-10206.67328, 154531.99441)","(-10177.56908, 154528.02571)"
"(-8702.24938, 153195.87241)","(-8722.09318, 153193.49111)"
"(-9672.92938, 154434.08771)","(-9669.52498, 154435.09881)"
"(-9672.92938, 154434.08771)","(-9674.20638, 154433.73921)"
"(-9795.22528, 154394.22161)","(-9793.06748, 154395.20431)"
"(-9795.22528, 154394.22161)","(-9797.03658, 154393.39781)"
"(-8826.01178, 153202.51791)","(-8845.43498, 153205.08721)"
"(-8826.01178, 153202.51791)","(-8815.75598, 153203.01621)"
"(-9112.99468, 154564.84431)","(-9122.51968, 154572.25261)"
"(-9747.82568, 154411.82321)","(-9744.59128, 154412.91041)"
"(-9747.82568, 154411.82321)","(-9749.19138, 154411.44911)"
"(-9170.68818, 152790.87321)","(-9142.24538, 152821.96191)"
"(-9170.68818, 152790.87321)","(-9184.57878, 152783.59711)"
"(-8965.84828, 154144.35501)","(-9017.47498, 154115.71691)"
"(-8965.84828, 154144.35501)","(-9007.73098, 154144.51081)"
"(-8965.84828, 154144.35501)","(-8958.51838, 154196.89831)"
"(-8253.76938, 151757.39341)","(-8253.90058, 151761.12741)"
"(-8253.76938, 151757.39341)","(-8255.68468, 151753.28591)"
"(-8582.96798, 152837.04311)","(-8556.50968, 152843.92231)"
"(-8582.96798, 152837.04311)","(-8607.83888, 152825.40141)"
"(-9017.47498, 154115.71691)","(-9073.00588, 154076.78371)"
"(-8980.98938, 153243.88601)","(-9046.54478, 153216.70301)"
"(-8869.86718, 154413.93571)","(-8874.96718, 154417.00641)"
"(-8869.86718, 154413.93571)","(-8865.72718, 154411.44311)"
"(-9743.05858, 154413.52471)","(-9740.92628, 154414.21701)"
"(-9743.05858, 154413.52471)","(-9744.59128, 154412.91041)"
"(-9700.09378, 154425.70441)","(-9697.33518, 154426.54601)"
"(-8967.89568, 152834.08861)","(-8977.15608, 152815.56771)"
"(-8778.97878, 154283.41791)","(-8757.81198, 154221.24071)"
"(-9463.22818, 153078.47631)","(-9457.45658, 153080.09721)"
"(-9463.22818, 153078.47631)","(-9438.64068, 153150.03991)"
"(-9045.83108, 154154.03571)","(-9025.19348, 154171.49831)"
"(-8782.29598, 154162.06581)","(-8782.42758, 154160.99751)"
"(-8782.29598, 154162.06581)","(-8782.00358, 154164.35921)"
"(-9057.94898, 153637.14471)","(-9051.33438, 153666.24901)"
"(-9057.94898, 153637.14471)","(-9069.85528, 153600.10301)"
"(-8757.81198, 154221.24071)","(-8751.24008, 154162.82381)"
"(-8799.15048, 154061.16941)","(-8793.92758, 154075.42161)"
"(-8799.15048, 154061.16941)","(-8804.66968, 154046.10871)"
"(-8921.23648, 153377.59191)","(-8922.10918, 153390.10071)"
"(-8921.23648, 153377.59191)","(-8920.53118, 153367.48141)"
"(-8227.42728, 152874.87931)","(-8237.02318, 152857.68661)"
"(-8227.42728, 152874.87931)","(-8237.41868, 152901.86671)"
"(-9061.56738, 152918.58721)","(-9009.84602, 152922.36078)"
"(-9729.95258, 154442.94391)","(-9756.70998, 154435.48851)"
"(-9729.95258, 154442.94391)","(-9679.98908, 154456.39651)"
"(-9001.39748, 153888.95251)","(-8997.91198, 153890.87761)"
"(-8890.36858, 153293.66251)","(-8893.09198, 153301.28801)"
"(-8890.36858, 153293.66251)","(-8889.03158, 153287.29381)"
"(-8248.61958, 152778.55991)","(-8253.62108, 152763.43651)"
"(-8248.61958, 152778.55991)","(-8242.78748, 152796.19501)"
"(-8821.31218, 153952.68801)","(-8817.34338, 154002.95901)"
"(-8821.31218, 153952.68801)","(-8822.63508, 153914.32341)"
"(-8455.23388, 153188.33181)","(-8446.00288, 153184.94081)"
"(-8455.23388, 153188.33181)","(-8478.27298, 153193.45161)"
"(-9487.00508, 154469.81721)","(-9532.94148, 154457.86501)"
"(-9487.00508, 154469.81721)","(-9428.77278, 154459.76581)"
"(-8425.94128, 153177.57121)","(-8431.06818, 153179.45451)"
"(-8201.23348, 151986.27431)","(-8211.55228, 152005.32441)"
"(-8201.23348, 151986.27431)","(-8202.02718, 151950.55551)"
"(-8859.41218, 153520.75491)","(-8868.93728, 153501.62551)"
"(-8859.41218, 153520.75491)","(-8842.74338, 153544.56741)"
"(-8518.73408, 153251.43501)","(-8549.69038, 153237.94121)"
"(-8291.45768, 152974.75541)","(-8324.86668, 152981.75671)"
"(-8291.45768, 152974.75541)","(-8266.07438, 152972.15161)"
"(-9177.30498, 152771.99991)","(-9184.57878, 152783.59711)"
"(-9177.30498, 152771.99991)","(-9198.58248, 152758.16341)"
"(-8840.36218, 153712.84281)","(-8851.47478, 153743.79911)"
"(-8840.36218, 153712.84281)","(-8823.69338, 153679.50521)"
"(-8237.41868, 152908.21681)","(-8237.41868, 152901.86671)"
"(-8237.41868, 152908.21681)","(-8253.62108, 152914.56681)"
"(-8475.87148, 153220.08181)","(-8444.12138, 153214.52551)"
"(-8923.95468, 152862.94901)","(-8870.40298, 152853.96231)"
"(-9133.67708, 154160.32251)","(-9087.54268, 154173.27871)"
"(-9133.67708, 154160.32251)","(-9174.6582, 154132.01286)"
"(-8336.17118, 153140.70661)","(-8391.73378, 153186.74421)"
"(-8336.17118, 153140.70661)","(-8279.02108, 153079.58781)"
"(-8766.97848, 154067.67691)","(-8765.13598, 154077.45621)"
"(-9015.06798, 153129.08971)","(-9074.54688, 153155.33771)"
"(-9015.06798, 153129.08971)","(-8967.16708, 153189.89581)"
"(-8882.43108, 153304.77511)","(-8888.39258, 153349.36281)"
"(-8882.43108, 153304.77511)","(-8861.92708, 153274.66501)"
"(-8256.54398, 152756.72491)","(-8256.77468, 152755.96511)"
"(-9235.76158, 154548.44011)","(-9241.05328, 154556.90671)"
"(-9167.43118, 153380.35311)","(-9193.05021, 153400.23427)"
"(-9087.05328, 153438.70681)","(-9092.34488, 153467.81101)"
"(-9087.05328, 153438.70681)","(-9052.22908, 153417.09791)"
"(-8797.49968, 154247.69911)","(-8791.68698, 154230.00351)"
"(-8797.49968, 154247.69911)","(-8800.29088, 154252.93271)"
"(-8650.44608, 152850.92271)","(-8649.60688, 152847.15101)"
"(-8650.44608, 152850.92271)","(-8666.81958, 152845.22141)"
"(-8765.67118, 153205.39741)","(-8780.83088, 153205.39741)"
"(-8765.67118, 153205.39741)","(-8743.52448, 153203.01611)"
"(-9438.64068, 153150.03991)","(-9463.42968, 153220.95651)"
"(-8989.99488, 154006.52181)","(-8992.35538, 154008.28011)"
"(-8989.99488, 154006.52181)","(-8985.94448, 154003.50481)"
"(-9812.30388, 154420.04511)","(-9845.51628, 154402.34831)"
"(-9812.30388, 154420.04511)","(-9756.70998, 154435.48851)"
"(-8852.99798, 153875.49651)","(-8852.34948, 153877.67781)"
"(-8779.65328, 154175.64251)","(-8780.11048, 154173.71051)"
"(-8779.65328, 154175.64251)","(-8778.87708, 154178.40871)"
"(-9228.64578, 152874.61131)","(-9281.61878, 152812.26251)"
"(-8894.90088, 154433.83561)","(-8924.66648, 154461.28611)"
"(-8894.90088, 154433.83561)","(-8874.96718, 154417.00641)"
"(-8549.69038, 153237.94121)","(-8583.02798, 153264.92881)"
"(-9738.06808, 154415.22681)","(-9736.70588, 154415.63151)"
"(-9774.68048, 154403.29701)","(-9772.78248, 154403.84471)"
"(-9774.68048, 154403.29701)","(-9776.87568, 154402.83781)"
"(-8985.94448, 154003.50481)","(-8984.39498, 154002.35061)"
"(-8955.31248, 153923.03301)","(-8962.76068, 153929.68711)"
"(-8819.48988, 154157.58741)","(-8823.58748, 154157.69881)"
"(-8820.23058, 152875.63921)","(-8870.40298, 152853.96231)"
"(-8820.23058, 152875.63921)","(-8780.11928, 152910.99161)"
"(-8983.00728, 154490.98571)","(-8966.47078, 154486.68621)"
"(-8847.10698, 153233.45701)","(-8835.66788, 153216.67991)"
"(-8803.84968, 153602.51141)","(-8815.75588, 153654.89901)"
"(-8256.77468, 152755.96511)","(-8260.46068, 152736.81181)"
"(-8581.44038, 153230.00371)","(-8556.03708, 153222.56861)"
"(-8581.44038, 153230.00371)","(-8608.42798, 153245.08501)"
"(-8823.58748, 154157.69881)","(-8845.48458, 154158.29441)"
"(-10424.95498, 154656.34891)","(-10442.15288, 154672.22391)"
"(-8851.47478, 153743.79911)","(-8843.53718, 153789.83671)"
"(-8784.74898, 154135.68541)","(-8784.53998, 154136.73881)"
"(-8784.74898, 154135.68541)","(-8785.18878, 154133.73761)"
"(-8839.99698, 153979.18151)","(-8826.62498, 154002.94441)"
"(-8925.13688, 153393.18491)","(-8925.87288, 153389.97931)"
"(-8925.13688, 153393.18491)","(-8924.63148, 153395.38601)"
"(-8223.45848, 152030.72441)","(-8211.55228, 152005.32441)"
"(-9770.35318, 154404.63321)","(-9768.54888, 154405.12761)"
"(-9770.35318, 154404.63321)","(-9772.78248, 154403.84471)"
"(-8834.25558, 153838.72641)","(-8834.01218, 153851.03501)"
"(-8834.25558, 153838.72641)","(-8837.18718, 153814.52241)"
"(-8523.68298, 152595.80501)","(-8519.65118, 152562.65291)"
"(-8523.68298, 152595.80501)","(-8490.87468, 152607.44671)"
"(-8877.66858, 153759.67411)","(-8870.52478, 153730.30531)"
"(-8877.66858, 153759.67411)","(-8872.11228, 153782.69291)"
"(-8485.98448, 151832.05861)","(-8495.92238, 151873.18361)"
"(-8837.18718, 153653.31141)","(-8841.15598, 153636.64261)"
"(-8863.43068, 154306.92391)","(-8906.78868, 154260.71751)"
"(-8863.43068, 154306.92391)","(-8834.72368, 154307.22231)"
"(-9172.99008, 153879.87391)","(-9200.32979, 153876.07678)"
"(-9172.99008, 153879.87391)","(-9164.36752, 153888.49647)"
"(-8781.62458, 153217.30371)","(-8774.91788, 153220.04731)"
"(-8781.62458, 153217.30371)","(-8807.02468, 153215.71611)"
"(-9675.59178, 154433.39811)","(-9674.20638, 154433.73921)"
"(-9721.36408, 154419.96011)","(-9718.42428, 154420.83311)"
"(-9306.40548, 153543.16341)","(-9306.01708, 153544.12451)"
"(-8828.45598, 153567.58631)","(-8842.74338, 153544.56741)"
"(-8828.45598, 153567.58631)","(-8829.24968, 153584.25511)"
"(-9487.09748, 152779.39211)","(-9458.62218, 152740.83381)"
"(-8269.81748, 152333.85431)","(-8279.79688, 152343.83361)"
"(-8269.81748, 152333.85431)","(-8272.67108, 152306.39441)"
"(-8815.75598, 153203.01621)","(-8798.29338, 153204.60361)"
"(-8519.22258, 152559.12931)","(-8519.65118, 152562.65291)"
"(-8834.72368, 154307.22231)","(-8818.66628, 154287.38671)"
"(-8834.72368, 154307.22231)","(-8854.38518, 154333.68881)"
"(-8828.42128, 153885.85461)","(-8822.63508, 153914.32341)"
"(-8828.42128, 153885.85461)","(-8835.59968, 153874.84741)"
"(-8948.48968, 154433.69001)","(-8911.97708, 154406.70251)"
"(-8235.02188, 152169.97841)","(-8236.04648, 152176.97201)"
"(-8804.66968, 154046.10871)","(-8809.02828, 154034.21501)"
"(-8908.20548, 154120.08751)","(-8910.98638, 154122.69071)"
"(-8908.20548, 154120.08751)","(-8903.83698, 154115.99801)"
"(-9337.06408, 152656.28481)","(-9305.87798, 152616.83951)"
"(-9337.06408, 152656.28481)","(-9377.03318, 152685.78751)"
"(-9351.29818, 153864.74971)","(-9384.63558, 153825.06221)"
"(-9351.29818, 153864.74971)","(-9280.02378, 153858.25581)"
"(-9288.19068, 153572.21051)","(-9254.11578, 153580.13811)"
"(-9288.19068, 153572.21051)","(-9295.33958, 153570.54731)"
"(-8800.29088, 154252.93271)","(-8809.94338, 154271.03111)"
"(-8904.33238, 153447.54151)","(-8906.93188, 153443.82901)"
"(-8904.33238, 153447.54151)","(-8902.80028, 153449.21351)"
"(-9206.28168, 154535.96321)","(-9217.87918, 154532.95641)"
"(-9694.41068, 154427.59441)","(-9692.11078, 154428.27731)"
"(-9694.41068, 154427.59441)","(-9697.33518, 154426.54601)"
"(-9220.61518, 153587.93211)","(-9197.24038, 153622.02031)"
"(-9220.61518, 153587.93211)","(-9254.11578, 153580.13811)"
"(-8190.12088, 152062.47451)","(-8209.17098, 152066.44321)"
"(-8190.12088, 152062.47451)","(-8212.34598, 152052.94951)"
"(-8942.22078, 153961.59611)","(-8945.80498, 153957.16601)"
"(-9662.46658, 154438.21571)","(-9661.39298, 154438.66851)"
"(-9662.46658, 154438.21571)","(-9666.01488, 154436.38411)"
"(-9539.16248, 153279.94051)","(-9487.71668, 153239.87231)"
"(-9539.16248, 153279.94051)","(-9554.54448, 153332.07651)"
"(-8873.38628, 153455.04471)","(-8865.00918, 153484.36591)"
"(-8873.38628, 153455.04471)","(-8884.81228, 153444.47541)"
"(-8190.12088, 151923.56801)","(-8202.02718, 151950.55551)"
"(-8668.75308, 153208.57241)","(-8652.87808, 153230.00371)"
"(-8668.75308, 153208.57241)","(-8679.32018, 153204.34561)"
"(-9765.05578, 154406.31841)","(-9763.95298, 154406.63001)"
"(-9765.05578, 154406.31841)","(-9768.54888, 154405.12761)"
"(-8210.39098, 151917.79661)","(-8213.13968, 151933.88681)"
"(-8861.31528, 154408.78681)","(-8865.72718, 154411.44311)"
"(-8861.31528, 154408.78681)","(-8857.93978, 154406.67561)"
"(-9369.77248, 154484.60311)","(-9387.94388, 154474.48331)"
"(-9369.77248, 154484.60311)","(-9354.07008, 154493.34791)"
"(-9946.05818, 154358.69201)","(-10039.98548, 154361.33781)"
"(-8899.50948, 153311.15921)","(-8907.71338, 153321.28531)"
"(-8899.50948, 153311.15921)","(-8894.33738, 153304.77511)"
"(-9028.97868, 154525.71231)","(-9058.41368, 154540.26441)"
"(-9028.97868, 154525.71231)","(-9017.07238, 154511.49091)"
"(-9584.97818, 153522.00801)","(-9623.07818, 153458.19031)"
"(-8444.12138, 153214.52551)","(-8391.73378, 153186.74421)"
"(-8241.71478, 152937.58561)","(-8246.21768, 152983.04651)"
"(-8241.71478, 152937.58561)","(-8220.63028, 152916.74191)"
"(-9092.63588, 152742.58671)","(-9111.81828, 152724.06581)"
"(-9092.63588, 152742.58671)","(-9081.39118, 152766.39921)"
"(-9200.95308, 153220.64971)","(-9267.34708, 153196.98221)"
"(-9625.89578, 154455.00011)","(-9655.60508, 154441.73551)"
"(-9123.76428, 154540.07781)","(-9102.47748, 154536.08401)"
"(-9067.09518, 153872.58051)","(-9074.95868, 153872.29361)"
"(-8255.68468, 151753.28591)","(-8256.85768, 151748.90831)"
"(-9761.19258, 154407.37801)","(-9758.68738, 154407.99431)"
"(-9761.19258, 154407.37801)","(-9763.28838, 154406.80371)"
"(-9763.95298, 154406.63001)","(-9763.28838, 154406.80371)"
"(-9197.24038, 153622.02031)","(-9187.80028, 153635.78711)"
"(-8958.51838, 154196.89831)","(-8982.33088, 154223.88591)"
"(-8922.10918, 153390.10071)","(-8922.71258, 153398.74931)"
"(-9242.41918, 152742.46401)","(-9262.13018, 152655.84661)"
"(-9242.41918, 152742.46401)","(-9281.61878, 152812.26251)"
"(-9621.49068, 153423.26531)","(-9623.07818, 153458.19031)"
"(-8906.78868, 154260.71751)","(-8963.58878, 154258.57711)"
"(-9087.54268, 154173.27871)","(-9096.89538, 154225.39611)"
"(-8414.71238, 152380.53511)","(-8437.20198, 152306.58391)"
"(-8414.71238, 152380.53511)","(-8430.58728, 152426.83721)"
"(-9214.04858, 153978.15311)","(-9147.58998, 153955.01581)"
"(-9214.04858, 153978.15311)","(-9201.09778, 153993.33671)"
"(-8220.28348, 151941.82431)","(-8213.13968, 151933.88681)"
"(-8220.28348, 151941.82431)","(-8219.48968, 151967.22431)"
"(-8834.01218, 153851.03501)","(-8835.59968, 153874.84741)"
"(-8648.87098, 152906.36191)","(-8601.75948, 152918.13781)"
"(-9661.39298, 154438.66851)","(-9658.49088, 154440.13401)"
"(-9005.34128, 153338.30161)","(-9052.22908, 153417.09791)"
"(-9005.34128, 153338.30161)","(-8976.0667, 153318.15325)"
"(-8279.02108, 153079.58781)","(-8267.10734, 153042.99266)"
"(-8514.86648, 152916.17331)","(-8562.05388, 152884.52621)"
"(-9655.60508, 154441.73551)","(-9658.49088, 154440.13401)"
"(-9655.60508, 154441.73551)","(-9649.10048, 154439.29561)"
"(-8260.46068, 152736.81181)","(-8273.27881, 152718.32373)"
"(-9461.15318, 153631.54561)","(-9430.99058, 153714.09571)"
"(-8849.88728, 153885.96001)","(-8852.34948, 153877.67781)"
"(-8849.88728, 153885.96001)","(-8835.59968, 153874.84741)"
"(-9329.65838, 153485.40711)","(-9323.28208, 153491.10561)"
"(-9182.51508, 153643.49471)","(-9181.77148, 153649.15291)"
"(-9182.51508, 153643.49471)","(-9187.80028, 153635.78711)"
"(-8897.11258, 153373.97421)","(-8893.97348, 153384.43791)"
"(-8897.11258, 153373.97421)","(-8888.39258, 153349.36281)"
"(-8645.73428, 153249.05381)","(-8674.30938, 153237.94121)"
"(-8645.73428, 153249.05381)","(-8610.01548, 153272.86621)"
"(-8601.75948, 152918.13781)","(-8562.05388, 152884.52621)"
"(-9487.71668, 153239.87231)","(-9463.42968, 153220.95651)"
"(-9245.21008, 154119.84881)","(-9281.26638, 154062.20831)"
"(-9245.21008, 154119.84881)","(-9245.03788, 154122.21291)"
"(-8893.97348, 153384.43791)","(-8901.48108, 153419.86911)"
"(-9532.94148, 154457.86501)","(-9557.96008, 154463.96671)"
"(-8854.38518, 154333.68881)","(-8858.00538, 154341.83431)"
"(-9204.76788, 153996.48961)","(-9201.09778, 153993.33671)"
"(-9204.76788, 153996.48961)","(-9174.96588, 154025.55661)"
"(-9204.76788, 153996.48961)","(-9281.26638, 154062.20831)"
"(-8470.27478, 152457.26441)","(-8430.58728, 152426.83721)"
"(-8695.74068, 153214.12871)","(-8703.67818, 153204.60371)"
"(-8695.74068, 153214.12871)","(-8679.86558, 153219.68491)"
"(-8783.65168, 154152.56231)","(-8783.26858, 154154.97571)"
"(-8783.65168, 154152.56231)","(-8783.86718, 154150.90981)"
"(-9301.04098, 153556.43851)","(-9297.60558, 153564.93971)"
"(-9301.04098, 153556.43851)","(-9306.01708, 153544.12451)"
"(-8272.67108, 152306.39441)","(-8262.41228, 152234.16291)"
"(-8480.29128, 152666.71341)","(-8490.87468, 152607.44671)"
"(-8324.86668, 152981.75671)","(-8365.92098, 153001.44191)"
"(-8946.76948, 153297.98931)","(-8976.0667, 153318.15325)"
"(-8946.76948, 153297.98931)","(-8956.91756, 153296.52738)"
"(-9505.26138, 153353.51511)","(-9555.70718, 153335.80591)"
"(-9505.26138, 153353.51511)","(-9444.51338, 153370.72541)"
"(-9069.85528, 153600.10301)","(-9088.37618, 153552.47791)"
"(-8722.09318, 153193.49111)","(-8743.52448, 153203.01611)"
"(-9229.02758, 153373.74471)","(-9282.38358, 153345.62271)"
"(-9229.02758, 153373.74471)","(-9215.00198, 153417.26951)"
"(-8920.75698, 153412.25971)","(-8920.51258, 153413.32401)"
"(-10073.05848, 154374.56701)","(-10039.98548, 154361.33781)"
"(-10073.05848, 154374.56701)","(-10110.10008, 154419.54631)"
"(-9007.73098, 154144.51081)","(-9012.49348, 154154.03581)"
"(-8910.98638, 154122.69071)","(-8915.96178, 154127.34831)"
"(-9607.20818, 154423.58151)","(-9595.00628, 154419.03071)"
"(-9607.20818, 154423.58151)","(-9624.70598, 154430.14511)"
"(-9061.20238, 154506.71521)","(-9102.47748, 154536.08401)"
"(-8911.97708, 154406.70251)","(-8904.28368, 154402.87661)"
"(-9117.48258, 154022.43391)","(-9174.96588, 154025.55661)"
"(-9117.48258, 154022.43391)","(-9073.00588, 154076.78371)"
"(-9312.98898, 153522.85581)","(-9323.28208, 153491.10561)"
"(-9272.27418, 154548.44011)","(-9298.88598, 154538.60901)"
"(-9272.27418, 154548.44011)","(-9241.05328, 154556.90671)"
"(-8437.20198, 152306.58391)","(-8450.43118, 152227.20871)"
"(-8887.06128, 153277.90871)","(-8889.03158, 153287.29381)"
"(-8887.06128, 153277.90871)","(-8885.41458, 153270.06481)"
"(-9686.57788, 154429.72321)","(-9684.37908, 154430.36181)"
"(-9686.57788, 154429.72321)","(-9689.08368, 154429.10671)"
"(-9791.48538, 154395.98161)","(-9788.28268, 154397.67381)"
"(-9791.48538, 154395.98161)","(-9793.06748, 154395.20431)"
"(-8759.96468, 154109.22561)","(-8751.24008, 154162.82381)"
"(-8966.47078, 154486.68621)","(-8964.15568, 154477.42581)"
"(-8857.21528, 153861.31121)","(-8858.61848, 153856.59121)"
"(-9370.60458, 154328.71041)","(-9432.07168, 154360.59231)"
"(-8858.47018, 153855.14141)","(-8857.99268, 153850.47371)"
"(-8858.47018, 153855.14141)","(-8858.61848, 153856.59121)"
"(-9444.51338, 153370.72541)","(-9348.32788, 153376.19771)"
"(-8402.11618, 153044.78241)","(-8462.60738, 153052.49751)"
"(-8402.11618, 153044.78241)","(-8365.92098, 153001.44191)"
"(-8271.99568, 152474.95471)","(-8288.54608, 152530.07351)"
"(-8837.18718, 153814.52241)","(-8835.86768, 153798.43581)"
"(-8981.92618, 154000.51171)","(-8984.39498, 154002.35061)"
"(-8981.92618, 154000.51171)","(-8980.77278, 153999.65251)"
"(-10155.07938, 154477.75481)","(-10184.18358, 154489.66101)"
"(-9092.34488, 153467.81101)","(-9091.02198, 153508.82151)"
"(-8919.84728, 153417.08421)","(-8920.51258, 153413.32401)"
"(-8365.54008, 153128.00661)","(-8383.79628, 153142.29411)"
"(-8942.85498, 153827.64511)","(-8966.66758, 153815.73881)"
"(-8972.21668, 152925.10621)","(-9009.84602, 152922.36078)"
"(-8637.38038, 152808.72471)","(-8607.83888, 152825.40141)"
"(-8637.38038, 152808.72471)","(-8646.19388, 152848.33941)"
"(-8901.48108, 153419.86911)","(-8884.81228, 153444.47541)"
"(-8285.84428, 152353.32611)","(-8283.92908, 152349.21861)"
"(-8780.11048, 154173.71051)","(-8780.32388, 154172.80851)"
"(-9122.81498, 153793.26001)","(-9121.44768, 153800.51221)"
"(-8211.98488, 152832.22161)","(-8211.85342, 152845.18125)"
"(-8211.98488, 152832.22161)","(-8217.12305, 152791.64917)"
"(-8258.92858, 152174.22521)","(-8260.84388, 152178.33271)"
"(-9370.48018, 153016.01491)","(-9441.06218, 152991.98081)"
"(-8469.43098, 152575.00411)","(-8519.65118, 152562.65291)"
"(-8469.43098, 152575.00411)","(-8424.55788, 152607.81741)"
"(-10230.48588, 154512.15071)","(-10184.18358, 154489.66101)"
"(-8789.11538, 154119.15631)","(-8789.21178, 154118.82761)"
"(-9674.85068, 154457.77991)","(-9679.98908, 154456.39651)"
"(-8835.66788, 153216.67991)","(-8807.02468, 153215.71611)"
"(-9301.53188, 154509.50481)","(-9309.48418, 154507.31201)"
"(-9301.53188, 154509.50481)","(-9269.78188, 154504.21311)"
"(-9301.53188, 154509.50481)","(-9301.38898, 154511.07731)"
"(-10407.75698, 154696.03641)","(-10442.15288, 154672.22391)"
"(-10407.75698, 154696.03641)","(-10396.67752, 154683.572)"
"(-8226.63348, 151998.18061)","(-8244.88978, 152025.96191)"
"(-8965.55648, 153932.75281)","(-8963.65848, 153935.09871)"
"(-8965.55648, 153932.75281)","(-8965.82318, 153932.42301)"
"(-8287.41798, 153026.42481)","(-8276.63978, 153008.22951)"
"(-8287.41798, 153026.42481)","(-8302.03988, 153059.74401)"
"(-9758.68738, 154407.99431)","(-9754.79008, 154409.25481)"
"(-9295.33958, 153570.54731)","(-9297.60558, 153564.93971)"
"(-8266.07438, 152972.15161)","(-8253.62108, 152914.56681)"
"(-8266.07438, 152972.15161)","(-8276.63978, 153008.22951)"
"(-9212.62988, 152708.27681)","(-9207.10248, 152755.11201)"
"(-9212.62988, 152708.27681)","(-9195.67368, 152688.81741)"
"(-8969.86548, 153896.59381)","(-8944.72958, 153898.52751)"
"(-8969.86548, 153896.59381)","(-8984.80828, 153895.44421)"
"(-8674.30938, 153237.94121)","(-8679.86558, 153219.68491)"
"(-8945.93118, 154155.40331)","(-8931.69378, 154142.07531)"
"(-10345.57978, 154636.50511)","(-10376.00698, 154660.31761)"
"(-10345.57978, 154636.50511)","(-10325.73608, 154608.72371)"
"(-9239.18788, 154202.56361)","(-9245.03788, 154122.21291)"
"(-8977.16698, 153996.96671)","(-8980.77278, 153999.65251)"
"(-9354.02468, 154493.37321)","(-9354.07008, 154493.34791)"
"(-9669.52498, 154435.09881)","(-9666.01488, 154436.38411)"
"(-8646.19388, 152848.33941)","(-8649.60688, 152847.15101)"
"(-8382.76848, 151908.11121)","(-8345.72668, 151961.02801)"
"(-8583.02798, 153264.92881)","(-8610.01548, 153272.86621)"
"(-8839.69258, 152837.04051)","(-8830.60268, 152832.03191)"
"(-8839.69258, 152837.04051)","(-8870.40298, 152853.96231)"
"(-8991.49638, 154062.32891)","(-8989.33388, 154076.42571)"
"(-8294.85698, 152687.20071)","(-8334.57328, 152638.46891)"
"(-8294.85698, 152687.20071)","(-8273.27881, 152718.32373)"
"(-9458.62218, 152740.83381)","(-9421.11008, 152711.86331)"
"(-8982.33088, 154223.88591)","(-9015.72998, 154269.88901)"
"(-9099.57578, 152713.96351)","(-9063.53168, 152731.34191)"
"(-10372.03818, 154598.14041)","(-10337.64228, 154575.65081)"
"(-8395.66878, 152025.97861)","(-8461.05738, 151966.24051)"
"(-8395.66878, 152025.97861)","(-8327.48808, 152072.10471)"
"(-8209.17098, 152066.44321)","(-8205.99598, 152077.55571)"
"(-8852.94718, 153920.65021)","(-8850.13998, 153933.33791)"
"(-8852.94718, 153920.65021)","(-8853.69078, 153917.28971)"
"(-8830.60268, 152832.03191)","(-8818.14548, 152825.16791)"
"(-8287.41308, 152459.42971)","(-8302.03988, 152522.13601)"
"(-8339.35308, 153103.09191)","(-8334.74128, 153096.81971)"
"(-8703.67818, 153204.60371)","(-8709.69918, 153205.67981)"
"(-9704.67768, 154424.77851)","(-9707.05978, 154424.17221)"
"(-8709.69918, 153205.67981)","(-8716.84288, 153206.87041)"
"(-8716.84288, 153206.87041)","(-8726.36798, 153207.66421)"
"(-8944.72958, 153898.52751)","(-8934.31608, 153899.32861)"
"(-8782.00358, 154164.35921)","(-8781.33368, 154167.39531)"
"(-8768.03988, 153227.90481)","(-8774.91788, 153220.04731)"
"(-8768.03988, 153227.90481)","(-8752.16488, 153221.95171)"
"(-8962.76068, 153929.68711)","(-8965.82318, 153932.42301)"
"(-9266.02268, 154507.25621)","(-9269.78188, 154504.21311)"
"(-9183.45438, 152611.24391)","(-9195.67368, 152688.81741)"
"(-9183.45438, 152611.24391)","(-9230.90538, 152575.08721)"
"(-9369.69268, 154506.58491)","(-9413.74588, 154491.50361)"
"(-9369.69268, 154506.58491)","(-9341.51448, 154511.34741)"
"(-10376.00698, 154660.31761)","(-10396.67752, 154683.572)"
"(-9718.42428, 154420.83311)","(-9715.01618, 154421.76691)"
"(-9348.32788, 153376.19771)","(-9282.38358, 153345.62271)"
"(-8826.62498, 154002.94441)","(-8817.52518, 154019.11531)"
"(-9015.72998, 154269.88901)","(-8987.80826, 154263.83146)"
"(-9015.72998, 154269.88901)","(-9011.58678, 154302.27077)"
"(-9592.06558, 154417.16751)","(-9591.89618, 154417.10211)"
"(-9592.06558, 154417.16751)","(-9592.64778, 154418.11981)"
"(-8242.78748, 152796.19501)","(-8239.74678, 152805.38961)"
"(-8847.30898, 154156.79001)","(-8871.28838, 154137.01691)"
"(-8847.30898, 154156.79001)","(-8845.48458, 154158.29441)"
"(-8784.53998, 154136.73881)","(-8784.46288, 154137.59891)"
"(-8884.75078, 153101.47041)","(-8854.60878, 153160.15991)"
"(-8874.96718, 154417.00641)","(-8904.28368, 154402.87661)"
"(-8283.92908, 152349.21861)","(-8281.32958, 152345.50601)"
"(-8246.47728, 152117.56081)","(-8241.71478, 152089.77961)"
"(-8776.66818, 154184.28141)","(-8783.26598, 154204.36721)"
"(-9377.03318, 152685.78751)","(-9421.11008, 152711.86331)"
"(-8213.91438, 152887.28051)","(-8220.63028, 152916.74191)"
"(-9749.19138, 154411.44911)","(-9750.36538, 154411.02831)"
"(-8809.94338, 154271.03111)","(-8818.66628, 154287.38671)"
"(-9588.39198, 154415.53711)","(-9558.96798, 154367.40901)"
"(-9588.39198, 154415.53711)","(-9591.72678, 154416.82501)"
"(-9778.70098, 154402.10621)","(-9777.69198, 154402.51061)"
"(-9778.70098, 154402.10621)","(-9780.38838, 154401.21451)"
"(-9782.35158, 154400.26691)","(-9780.38838, 154401.21451)"
"(-9782.35158, 154400.26691)","(-9783.00728, 154399.98861)"
"(-9012.49348, 154154.03581)","(-9025.19348, 154171.49831)"
"(-8990.10098, 152736.25521)","(-8989.81088, 152736.72681)"
"(-8990.10098, 152736.25521)","(-8959.17198, 152721.87961)"
"(-8945.80498, 153957.16601)","(-8951.42678, 153950.21731)"
"(-9591.89618, 154417.10211)","(-9591.72678, 154416.82501)"
"(-8752.16488, 153221.95171)","(-8739.46488, 153215.60171)"
"(-8791.68698, 154230.00351)","(-8783.26598, 154204.36721)"
"(-8260.84388, 152178.33271)","(-8262.01688, 152182.71031)"
"(-8219.48968, 152772.96161)","(-8225.83968, 152745.97401)"
"(-8219.48968, 152772.96161)","(-8217.12305, 152791.64917)"
"(-8809.02828, 154034.21501)","(-8817.52518, 154019.11531)"
"(-8780.32388, 154172.80851)","(-8780.61628, 154170.51401)"
"(-8790.47918, 154115.02011)","(-8790.48048, 154114.99571)"
"(-8224.09218, 152099.44041)","(-8228.15488, 152123.10651)"
"(-8224.09218, 152099.44041)","(-8220.93788, 152084.98441)"
"(-8861.06988, 153220.72171)","(-8867.75068, 153227.40241)"
"(-8861.06988, 153220.72171)","(-8845.43498, 153205.08721)"
"(-9146.71098, 153722.00191)","(-9135.76468, 153724.57831)"
"(-8878.71948, 153202.01151)","(-8854.60878, 153160.15991)"
"(-8878.71948, 153202.01151)","(-8896.59689, 153205.36205)"
"(-8882.84988, 153244.80581)","(-8883.84638, 153246.94301)"
"(-8882.84988, 153244.80581)","(-8881.93108, 153242.83551)"
"(-9230.90538, 152575.08721)","(-9262.13018, 152655.84661)"
"(-9595.00628, 154419.03071)","(-9592.64778, 154418.11981)"
"(-9441.06218, 152991.98081)","(-9403.25848, 152938.49561)"
"(-8823.69338, 153679.50521)","(-8815.75588, 153654.89901)"
"(-9081.69398, 154338.27351)","(-9100.34295, 154298.80373)"
"(-8205.99598, 152077.55571)","(-8225.83968, 152085.49331)"
"(-8951.58788, 154476.43361)","(-8964.15568, 154477.42581)"
"(-8792.92358, 154078.16151)","(-8793.92758, 154075.42161)"
"(-8945.21958, 153973.16991)","(-8957.79428, 153982.53641)"
"(-8934.31608, 153899.32861)","(-8929.21818, 153899.72081)"
"(-9788.28268, 154397.67381)","(-9786.19608, 154398.67931)"
"(-8237.74598, 152723.74891)","(-8225.83968, 152745.97401)"
"(-8237.74598, 152723.74891)","(-8242.82872, 152715.03566)"
"(-8883.84638, 153246.94301)","(-8885.01938, 153251.32071)"
"(-8857.99268, 153850.47371)","(-8855.44348, 153825.55551)"
"(-8431.06818, 153179.45451)","(-8438.06948, 153182.02651)"
"(-9081.49268, 153868.69441)","(-9074.95868, 153872.29361)"
"(-9081.49268, 153868.69441)","(-9104.41968, 153856.06511)"
"(-9301.38898, 154511.07731)","(-9298.88598, 154538.60901)"
"(-8902.76388, 154114.99341)","(-8903.83698, 154115.99801)"
"(-8885.01938, 153251.32071)","(-8885.41438, 153255.83531)"
"(-10017.49588, 154411.60881)","(-9991.03738, 154399.70251)"
"(-9430.99058, 153714.09571)","(-9430.99058, 153756.95831)"
"(-8989.33388, 154076.42571)","(-8991.53198, 154079.49471)"
"(-8835.86768, 153798.43581)","(-8836.65628, 153797.55171)"
"(-9102.21838, 152810.10541)","(-9098.58898, 152786.90451)"
"(-9102.21838, 152810.10541)","(-9116.17678, 152823.74181)"
"(-9689.08368, 154429.10671)","(-9692.11078, 154428.27731)"
"(-8780.11928, 152910.99161)","(-8738.80788, 152896.81511)"
"(-8919.73548, 153365.73351)","(-8920.53118, 153367.48141)"
"(-8919.73548, 153365.73351)","(-8910.41428, 153345.25651)"
"(-8872.11228, 153782.69291)","(-8855.44348, 153825.55551)"
"(-8281.40238, 152599.12991)","(-8288.54608, 152530.07351)"
"(-8963.58878, 154258.57711)","(-8987.80826, 154263.83146)"
"(-9776.87568, 154402.83781)","(-9777.69198, 154402.51061)"
"(-8726.36798, 153207.66421)","(-8739.46488, 153215.60171)"
"(-8368.20178, 151792.32101)","(-8314.67598, 151770.69111)"
"(-8920.98708, 153209.93321)","(-8967.16708, 153189.89581)"
"(-8920.98708, 153209.93321)","(-8896.59689, 153205.36205)"
"(-8893.09198, 153301.28801)","(-8894.33738, 153304.77511)"
"(-9088.37618, 153552.47791)","(-9091.02198, 153508.82151)"
"(-9457.45658, 153080.09721)","(-9410.12518, 153095.12571)"
"(-9786.19608, 154398.67931)","(-9783.00728, 154399.98861)"
"(-8798.29338, 153204.60361)","(-8780.83088, 153205.39741)"
"(-8262.41188, 152187.22491)","(-8262.41228, 152234.16291)"
"(-8262.41188, 152187.22491)","(-8262.01688, 152182.71031)"
"(-8498.09648, 153197.85681)","(-8478.27298, 153193.45161)"
"(-9116.17678, 152823.74181)","(-9119.09428, 152826.59201)"
"(-9081.39118, 152766.39921)","(-9098.58898, 152786.90451)"
"(-8836.65628, 153797.55171)","(-8843.53718, 153789.83671)"
"(-8880.84358, 153492.10041)","(-8902.80028, 153449.21351)"
"(-8880.84358, 153492.10041)","(-8868.93728, 153501.62551)"
"(-9845.51628, 154402.34831)","(-9881.23518, 154399.70251)"
"(-8310.40738, 153069.23071)","(-8302.03988, 153059.74401)"
"(-9119.09428, 152826.59201)","(-9142.24538, 152821.96191)"
"(-8220.93788, 152084.98441)","(-8225.83968, 152085.49331)"
"(-8910.41428, 153345.25651)","(-8910.41408, 153324.61891)"
"(-8516.35378, 152864.67651)","(-8562.05388, 152884.52621)"
"(-9063.37178, 152726.78521)","(-9063.53168, 152731.34191)"
"(-8865.00918, 153484.36591)","(-8830.83718, 153524.72361)"
"(-9262.13018, 152655.84661)","(-9305.87798, 152616.83951)"
"(-8784.18308, 154140.55691)","(-8784.27068, 154144.68901)"
"(-8784.18308, 154140.55691)","(-8784.46288, 154137.59891)"
"(-9198.58248, 152758.16341)","(-9207.10248, 152755.11201)"
"(-8242.35278, 152220.01591)","(-8236.04648, 152176.97201)"
"(-8666.81958, 152845.22141)","(-8738.36908, 152806.66081)"
"(-8246.21768, 152983.04651)","(-8249.10708, 152987.70171)"
"(-9018.37528, 153287.67381)","(-8956.91756, 153296.52738)"
"(-8446.00288, 153184.94081)","(-8438.06948, 153182.02651)"
"(-8818.14548, 152825.16791)","(-8786.60098, 152807.78641)"
"(-8419.04448, 153175.03781)","(-8416.34008, 153174.04421)"
"(-8556.50968, 152843.92231)","(-8562.05388, 152884.52621)"
"(-9750.36538, 154411.02831)","(-9752.31998, 154410.24491)"
"(-8281.32958, 152345.50601)","(-8279.79688, 152343.83361)"
"(-9121.44768, 153800.51221)","(-9118.93798, 153832.31721)"
"(-9226.96508, 153828.01551)","(-9229.08178, 153853.41551)"
"(-9298.09388, 153245.78081)","(-9237.27138, 153254.59561)"
"(-10245.03798, 154557.12991)","(-10233.13158, 154561.09871)"
"(-9048.68858, 153813.09301)","(-9027.52188, 153835.58261)"
"(-8782.42758, 154160.99751)","(-8782.81908, 154159.04491)"
"(-9410.12518, 153095.12571)","(-9388.39708, 153170.08051)"
"(-8881.44108, 154128.64501)","(-8871.28838, 154137.01691)"
"(-8495.92238, 151873.18361)","(-8490.75018, 151919.26051)"
"(-9752.31998, 154410.24491)","(-9754.79008, 154409.25481)"
"(-8907.71338, 153321.28531)","(-8910.41408, 153324.61891)"
"(-8490.75018, 151919.26051)","(-8461.05738, 151966.24051)"
"(-9211.09018, 153874.58231)","(-9229.08178, 153853.41551)"
"(-9211.09018, 153874.58231)","(-9200.32979, 153876.07678)"
"(-9245.03788, 154122.21291)","(-9192.59958, 154119.61901)"
"(-9192.59958, 154119.61901)","(-9174.6582, 154132.01286)"
"(-8249.10708, 152987.70171)","(-8267.10734, 153042.99266)"
"(-8966.66758, 153815.73881)","(-9002.18865, 153832.99198)"
"(-8786.60098, 152807.78641)","(-8738.36908, 152806.66081)"
"(-9215.00198, 153417.26951)","(-9193.05021, 153400.23427)"
