"Source(x,y)","Target(x,y)",has_exit,has_source,slope,edgelength,Build5m,Maintain5m,Build10m,Maintain10m,Upgrade,removed_nodes
"(-15671.33568, 151806.42291)","(-15697.22236, 151795.71972)",True,False,22.0352,0.028012113051294148,135,53,203,53,101,
"(-15671.33568, 151806.42291)","(-15529.13538, 151842.72781)",True,False,False,0.16054841277285656,775,302,1164,302,581,"[(-15640.11968, 151844.63971), (-15577.66468, 151846.89071)]"
"(-15671.33568, 151806.42291)","(-15812.62395, 151624.26739)",False,True,False,0.0,0,0,0,0,0,
"(-15671.33568, 151806.42291)","(-15752.12872, 151924.19552)",False,True,False,0.0,0,0,0,0,0,
"(-15697.22236, 151795.71972)","(-15671.33568, 151806.42291)",True,False,22.0352,0.028012113051294148,135,53,203,53,101,
"(-15697.22236, 151795.71972)","(-15734.34537, 151780.59302)",True,False,False,0.040087755755310726,193,75,291,75,145,"[(-15722.72478, 151785.17541)]"
"(-15697.22236, 151795.71972)","(-15812.62395, 151624.26739)",True,True,False,0.0,0,0,0,0,0,
"(-15697.22236, 151795.71972)","(-15752.12872, 151924.19552)",True,True,False,0.0,0,0,0,0,0,
"(-15529.13538, 151842.72781)","(-15671.33568, 151806.42291)",True,False,False,0.16054841277285656,775,302,1164,302,581,"[(-15640.11968, 151844.63971), (-15577.66468, 151846.89071)]"
"(-15529.13538, 151842.72781)","(-15447.71438, 151858.12181)",True,False,False,0.09864899476680544,476,186,715,186,358,"[(-15490.32618, 151823.09841)]"
"(-15529.13538, 151842.72781)","(-15812.62395, 151624.26739)",False,True,False,0.0,0,0,0,0,0,
"(-15529.13538, 151842.72781)","(-15752.12872, 151924.19552)",False,True,False,0.0,0,0,0,0,0,
"(-15812.62395, 151624.26739)","(-15671.33568, 151806.42291)",False,True,False,0.0,0,0,0,0,0,
"(-15812.62395, 151624.26739)","(-15809.94198, 151377.67811)",False,True,False,0.0,0,0,0,0,0,
"(-15812.62395, 151624.26739)","(-16053.63158, 151800.99241)",False,True,False,0.0,0,0,0,0,0,
"(-15812.62395, 151624.26739)","(-15529.13538, 151842.72781)",False,True,False,0.0,0,0,0,0,0,
"(-15812.62395, 151624.26739)","(-16047.18218, 151654.35891)",False,True,False,0.0,0,0,0,0,0,
"(-15812.62395, 151624.26739)","(-15447.71438, 151858.12181)",False,True,False,0.0,0,0,0,0,0,
"(-15812.62395, 151624.26739)","(-15674.30698, 151361.66571)",False,True,False,0.0,0,0,0,0,0,
"(-15812.62395, 151624.26739)","(-15465.71408, 151773.68361)",False,True,False,0.0,0,0,0,0,0,
"(-15812.62395, 151624.26739)","(-16129.48928, 151638.06691)",False,True,False,0.0,0,0,0,0,0,
"(-15812.62395, 151624.26739)","(-16040.41012, 151497.36196)",True,True,False,0.0,0,0,0,0,0,
"(-15812.62395, 151624.26739)","(-15797.78118, 151482.06744)",True,True,False,0.0,0,0,0,0,0,
"(-15812.62395, 151624.26739)","(-15798.28916, 151460.01916)",True,True,False,0.0,0,0,0,0,0,
"(-15812.62395, 151624.26739)","(-16051.34563, 151789.15426)",True,True,False,0.0,0,0,0,0,0,
"(-15812.62395, 151624.26739)","(-16040.83209, 151703.97035)",True,True,False,0.0,0,0,0,0,0,
"(-15812.62395, 151624.26739)","(-15942.246, 151741.54959)",True,True,False,0.0,0,0,0,0,0,
"(-15812.62395, 151624.26739)","(-15885.00695, 151719.33973)",True,True,False,0.0,0,0,0,0,0,
"(-15812.62395, 151624.26739)","(-15778.34735, 151763.24154)",True,True,False,0.0,0,0,0,0,0,
"(-15812.62395, 151624.26739)","(-15734.34537, 151780.59302)",True,True,False,0.0,0,0,0,0,0,
"(-15812.62395, 151624.26739)","(-15455.21777, 151785.37988)",True,True,False,0.0,0,0,0,0,0,
"(-15812.62395, 151624.26739)","(-15455.78739, 151784.74514)",True,True,False,0.0,0,0,0,0,0,
"(-15812.62395, 151624.26739)","(-15697.22236, 151795.71972)",True,True,False,0.0,0,0,0,0,0,
"(-15752.12872, 151924.19552)","(-15671.33568, 151806.42291)",False,True,False,0.0,0,0,0,0,0,
"(-15752.12872, 151924.19552)","(-16053.63158, 151800.99241)",False,True,False,0.0,0,0,0,0,0,
"(-15752.12872, 151924.19552)","(-15418.47388, 152048.63201)",False,True,False,0.0,0,0,0,0,0,
"(-15752.12872, 151924.19552)","(-16032.69918, 152047.32941)",False,True,False,0.0,0,0,0,0,0,
"(-15752.12872, 151924.19552)","(-15529.13538, 151842.72781)",False,True,False,0.0,0,0,0,0,0,
"(-15752.12872, 151924.19552)","(-15447.71438, 151858.12181)",False,True,False,0.0,0,0,0,0,0,
"(-15752.12872, 151924.19552)","(-15644.72008, 152119.21781)",False,True,False,0.0,0,0,0,0,0,
"(-15752.12872, 151924.19552)","(-15942.246, 151741.54959)",True,True,False,0.0,0,0,0,0,0,
"(-15752.12872, 151924.19552)","(-15885.00695, 151719.33973)",True,True,False,0.0,0,0,0,0,0,
"(-15752.12872, 151924.19552)","(-15778.34735, 151763.24154)",True,True,False,0.0,0,0,0,0,0,
"(-15752.12872, 151924.19552)","(-15734.34537, 151780.59302)",True,True,False,0.0,0,0,0,0,0,
"(-15752.12872, 151924.19552)","(-15697.22236, 151795.71972)",True,True,False,0.0,0,0,0,0,0,
"(-15752.12872, 151924.19552)","(-15470.6626, 151880.51005)",True,True,False,0.0,0,0,0,0,0,
"(-15809.94198, 151377.67811)","(-15798.28916, 151460.01916)",True,False,False,0.12664231321382158,612,238,917,238,459,"[(-15851.25848, 151401.42441)]"
"(-15809.94198, 151377.67811)","(-15674.30698, 151361.66571)",True,False,False,0.13676452665333416,661,257,991,257,495,"[(-15742.87218, 151373.36521)]"
"(-15809.94198, 151377.67811)","(-16143.39693, 151461.55789)",False,True,False,0.0,0,0,0,0,0,
"(-15809.94198, 151377.67811)","(-15812.62395, 151624.26739)",False,True,False,0.0,0,0,0,0,0,
"(-15798.28916, 151460.01916)","(-15809.94198, 151377.67811)",True,False,False,0.12664231321382158,612,238,917,238,459,"[(-15851.25848, 151401.42441)]"
"(-15798.28916, 151460.01916)","(-15797.78118, 151482.06744)",True,False,False,0.026509584641809716,128,50,192,50,96,"[(-15790.89598, 151468.19751)]"
"(-15798.28916, 151460.01916)","(-16143.39693, 151461.55789)",True,True,False,0.0,0,0,0,0,0,
"(-15798.28916, 151460.01916)","(-15812.62395, 151624.26739)",True,True,False,0.0,0,0,0,0,0,
"(-15674.30698, 151361.66571)","(-15809.94198, 151377.67811)",True,False,False,0.13676452665333416,661,257,991,257,495,"[(-15742.87218, 151373.36521)]"
"(-15674.30698, 151361.66571)","(-15587.95728, 151189.65731)",False,False,False,0.19918520408672463,962,374,1444,374,722,"[(-15599.78398, 151252.55021), (-15646.65768, 151295.89101)]"
"(-15674.30698, 151361.66571)","(-15465.71408, 151773.68361)",False,False,False,0.5559957449636751,2685,1045,4030,1045,2012,"[(-15709.73468, 151596.15661), (-15728.57398, 151554.84931), (-15653.74688, 151626.68791), (-15521.69868, 151723.56841), (-15483.53838, 151753.82181)]"
"(-15674.30698, 151361.66571)","(-15370.22923, 151382.12787)",False,True,False,0.0,0,0,0,0,0,
"(-15674.30698, 151361.66571)","(-16143.39693, 151461.55789)",False,True,False,0.0,0,0,0,0,0,
"(-15674.30698, 151361.66571)","(-15812.62395, 151624.26739)",False,True,False,0.0,0,0,0,0,0,
"(-16143.39693, 151461.55789)","(-15809.94198, 151377.67811)",False,True,False,0.0,0,0,0,0,0,
"(-16143.39693, 151461.55789)","(-16596.47518, 151702.05511)",False,True,False,0.0,0,0,0,0,0,
"(-16143.39693, 151461.55789)","(-16348.11208, 151872.35941)",False,True,False,0.0,0,0,0,0,0,
"(-16143.39693, 151461.55789)","(-15587.95728, 151189.65731)",False,True,False,0.0,0,0,0,0,0,
"(-16143.39693, 151461.55789)","(-16583.99398, 151715.89081)",False,True,False,0.0,0,0,0,0,0,
"(-16143.39693, 151461.55789)","(-15761.71028, 151228.89011)",False,True,False,0.0,0,0,0,0,0,
"(-16143.39693, 151461.55789)","(-15674.30698, 151361.66571)",False,True,False,0.0,0,0,0,0,0,
"(-16143.39693, 151461.55789)","(-16171.16938, 151270.27541)",False,True,False,0.0,0,0,0,0,0,
"(-16143.39693, 151461.55789)","(-15911.35608, 151149.26531)",False,True,False,0.0,0,0,0,0,0,
"(-16143.39693, 151461.55789)","(-16129.48928, 151638.06691)",False,True,False,0.0,0,0,0,0,0,
"(-16143.39693, 151461.55789)","(-16040.41012, 151497.36196)",True,True,False,0.0,0,0,0,0,0,
"(-16143.39693, 151461.55789)","(-15797.78118, 151482.06744)",True,True,False,0.0,0,0,0,0,0,
"(-16143.39693, 151461.55789)","(-15798.28916, 151460.01916)",True,True,False,0.0,0,0,0,0,0,
"(-16187.02818, 150856.79191)","(-16216.49208, 150851.53241)",True,False,25.4249,0.029929646564232703,225,80,337,80,169,
"(-16187.02818, 150856.79191)","(-16203.4408, 150878.98087)",True,False,23.2042,0.027599348563797834,133,52,200,52,100,
"(-16187.02818, 150856.79191)","(-15945.09588, 150839.36401)",False,False,False,0.3747662442882879,1809,704,2715,704,1359,"[(-16139.15538, 150881.55251), (-16115.59218, 150835.14701), (-16067.65228, 150774.27411), (-16047.93058, 150819.15691), (-16014.28048, 150857.21621), (-15974.90848, 150876.54151)]"
"(-16187.02818, 150856.79191)","(-16015.52817, 150676.42039)",False,True,False,0.0,0,0,0,0,0,
"(-16187.02818, 150856.79191)","(-16009.00877, 151017.28191)",False,True,False,0.0,0,0,0,0,0,
"(-16216.49208, 150851.53241)","(-16187.02818, 150856.79191)",True,False,25.4249,0.029929646564232703,225,80,337,80,169,
"(-16216.49208, 150851.53241)","(-16192.43465, 150699.23742)",True,False,False,0.41495951415511007,3120,1113,4677,1113,2339,"[(-16206.96698, 150711.83211), (-16232.36708, 150667.38211)]"
"(-16216.49208, 150851.53241)","(-16015.52817, 150676.42039)",False,True,False,0.0,0,0,0,0,0,
"(-16203.4408, 150878.98087)","(-16187.02818, 150856.79191)",True,False,23.2042,0.027599348563797834,133,52,200,52,100,
"(-16203.4408, 150878.98087)","(-16237.45418, 150924.96511)",True,False,23.2042,0.05719668126212538,276,107,414,107,207,
"(-16203.4408, 150878.98087)","(-16009.00877, 151017.28191)",True,True,False,0.0,0,0,0,0,0,
"(-15945.09588, 150839.36401)","(-16187.02818, 150856.79191)",False,False,False,0.3747662442882879,1809,704,2715,704,1359,"[(-16139.15538, 150881.55251), (-16115.59218, 150835.14701), (-16067.65228, 150774.27411), (-16047.93058, 150819.15691), (-16014.28048, 150857.21621), (-15974.90848, 150876.54151)]"
"(-15945.09588, 150839.36401)","(-15774.06238, 150740.86021)",False,False,False,0.3087462165242907,1492,579,2237,579,1120,"[(-15810.57718, 150701.87591), (-15875.90788, 150707.32671), (-15934.43398, 150711.31851), (-15926.28128, 150769.85951)]"
"(-15945.09588, 150839.36401)","(-15842.48604, 151170.45481)",True,False,False,0.5523228345826318,2669,1038,4002,1038,2002,"[(-15796.43548, 151146.83901)]"
"(-15945.09588, 150839.36401)","(-16015.52817, 150676.42039)",False,True,False,0.0,0,0,0,0,0,
"(-15945.09588, 150839.36401)","(-15736.21395, 150994.90272)",False,True,False,0.0,0,0,0,0,0,
"(-15945.09588, 150839.36401)","(-16009.00877, 151017.28191)",False,True,False,0.0,0,0,0,0,0,
"(-16015.52817, 150676.42039)","(-16187.02818, 150856.79191)",False,True,False,0.0,0,0,0,0,0,
"(-16015.52817, 150676.42039)","(-16216.49208, 150851.53241)",False,True,False,0.0,0,0,0,0,0,
"(-16015.52817, 150676.42039)","(-15774.06238, 150740.86021)",False,True,False,0.0,0,0,0,0,0,
"(-16015.52817, 150676.42039)","(-15945.09588, 150839.36401)",False,True,False,0.0,0,0,0,0,0,
"(-16015.52817, 150676.42039)","(-16192.43465, 150699.23742)",True,True,False,0.0,0,0,0,0,0,
"(-16009.00877, 151017.28191)","(-16187.02818, 150856.79191)",False,True,False,0.0,0,0,0,0,0,
"(-16009.00877, 151017.28191)","(-16237.45418, 150924.96511)",False,True,False,0.0,0,0,0,0,0,
"(-16009.00877, 151017.28191)","(-15945.09588, 150839.36401)",False,True,False,0.0,0,0,0,0,0,
"(-16009.00877, 151017.28191)","(-16273.14248, 151243.12321)",False,True,False,0.0,0,0,0,0,0,
"(-16009.00877, 151017.28191)","(-16157.77588, 151170.92531)",False,True,False,0.0,0,0,0,0,0,
"(-16009.00877, 151017.28191)","(-16171.16938, 151270.27541)",False,True,False,0.0,0,0,0,0,0,
"(-16009.00877, 151017.28191)","(-15911.35608, 151149.26531)",False,True,False,0.0,0,0,0,0,0,
"(-16009.00877, 151017.28191)","(-15842.48604, 151170.45481)",True,True,False,0.0,0,0,0,0,0,
"(-16009.00877, 151017.28191)","(-16203.4408, 150878.98087)",True,True,False,0.0,0,0,0,0,0,
"(-16053.63158, 151800.99241)","(-16051.34563, 151789.15426)",True,False,23.2042,0.01205683884046319,58,23,87,23,44,
"(-16053.63158, 151800.99241)","(-15942.246, 151741.54959)",True,False,False,0.12852469527988378,621,241,932,241,465,"[(-15968.16798, 151767.65501)]"
"(-16053.63158, 151800.99241)","(-16032.69918, 152047.32941)",True,False,False,0.3006038973024992,1453,565,2178,565,1089,"[(-16113.88178, 151852.48281), (-16120.43768, 151912.55091), (-16083.26468, 151974.91641)]"
"(-16053.63158, 151800.99241)","(-15812.62395, 151624.26739)",False,True,False,0.0,0,0,0,0,0,
"(-16053.63158, 151800.99241)","(-15752.12872, 151924.19552)",False,True,False,0.0,0,0,0,0,0,
"(-16053.63158, 151800.99241)","(-16186.70338, 151992.24545)",False,True,False,0.0,0,0,0,0,0,
"(-16051.34563, 151789.15426)","(-16053.63158, 151800.99241)",True,False,23.2042,0.01205683884046319,58,23,87,23,44,
"(-16051.34563, 151789.15426)","(-16040.83209, 151703.97035)",True,False,False,0.08656685349752846,418,163,627,163,314,"[(-16038.46608, 151722.45531)]"
"(-16051.34563, 151789.15426)","(-15812.62395, 151624.26739)",True,True,False,0.0,0,0,0,0,0,
"(-16051.34563, 151789.15426)","(-16186.70338, 151992.24545)",True,True,False,0.0,0,0,0,0,0,
"(-15942.246, 151741.54959)","(-16053.63158, 151800.99241)",True,False,False,0.12852469527988378,621,241,932,241,465,"[(-15968.16798, 151767.65501)]"
"(-15942.246, 151741.54959)","(-15885.00695, 151719.33973)",True,False,False,0.06559025024016536,316,124,475,124,238,"[(-15922.49668, 151721.66051)]"
"(-15942.246, 151741.54959)","(-15812.62395, 151624.26739)",True,True,False,0.0,0,0,0,0,0,
"(-15942.246, 151741.54959)","(-15752.12872, 151924.19552)",True,True,False,0.0,0,0,0,0,0,
"(-16032.69918, 152047.32941)","(-16053.63158, 151800.99241)",True,False,False,0.3006038973024992,1453,565,2178,565,1089,"[(-16113.88178, 151852.48281), (-16120.43768, 151912.55091), (-16083.26468, 151974.91641)]"
"(-16032.69918, 152047.32941)","(-15644.72008, 152119.21781)",False,False,False,0.511127518013609,2470,961,3704,961,1852,"[(-15973.51948, 152019.66251), (-15917.24788, 151987.58021)]"
"(-16032.69918, 152047.32941)","(-16193.87978, 152273.95141)",False,False,False,0.27863300656453904,1346,523,2019,523,1009,"[(-16096.40968, 152151.50351), (-16133.30348, 152199.60181)]"
"(-16032.69918, 152047.32941)","(-15752.12872, 151924.19552)",False,True,False,0.0,0,0,0,0,0,
"(-16032.69918, 152047.32941)","(-16186.70338, 151992.24545)",False,True,False,0.0,0,0,0,0,0,
"(-16032.69918, 152047.32941)","(-15892.13231, 152158.89453)",False,True,False,0.0,0,0,0,0,0,
"(-16186.70338, 151992.24545)","(-16053.63158, 151800.99241)",False,True,False,0.0,0,0,0,0,0,
"(-16186.70338, 151992.24545)","(-16032.69918, 152047.32941)",False,True,False,0.0,0,0,0,0,0,
"(-16186.70338, 151992.24545)","(-16047.18218, 151654.35891)",False,True,False,0.0,0,0,0,0,0,
"(-16186.70338, 151992.24545)","(-16320.80838, 151919.77041)",False,True,False,0.0,0,0,0,0,0,
"(-16186.70338, 151992.24545)","(-16348.11208, 151872.35941)",False,True,False,0.0,0,0,0,0,0,
"(-16186.70338, 151992.24545)","(-16177.78868, 152360.28931)",False,True,False,0.0,0,0,0,0,0,
"(-16186.70338, 151992.24545)","(-16193.87978, 152273.95141)",False,True,False,0.0,0,0,0,0,0,
"(-16186.70338, 151992.24545)","(-16267.89158, 152325.11291)",False,True,False,0.0,0,0,0,0,0,
"(-16186.70338, 151992.24545)","(-16196.63518, 152389.50511)",False,True,False,0.0,0,0,0,0,0,
"(-16186.70338, 151992.24545)","(-16129.48928, 151638.06691)",False,True,False,0.0,0,0,0,0,0,
"(-16186.70338, 151992.24545)","(-16051.34563, 151789.15426)",True,True,False,0.0,0,0,0,0,0,
"(-16186.70338, 151992.24545)","(-16040.83209, 151703.97035)",True,True,False,0.0,0,0,0,0,0,
"(-15756.03528, 152567.21331)","(-16177.78868, 152360.28931)",False,False,False,0.5494825273342783,4128,1476,6194,1476,3098,"[(-15882.17058, 152482.77971), (-15834.07608, 152500.04491), (-15784.33048, 152497.76871), (-15940.83648, 152429.93281)]"
"(-15756.03528, 152567.21331)","(-16196.63518, 152389.50511)",False,False,False,0.5169616131124167,3885,1388,5826,1388,2914,"[(-16120.66388, 152441.18581)]"
"(-15756.03528, 152567.21331)","(-15657.68558, 152496.07061)",False,False,False,0.12596600359858692,946,338,1420,338,710,"[(-15697.54288, 152545.67691)]"
"(-15756.03528, 152567.21331)","(-15889.01691, 152400.40816)",False,True,False,0.0,0,0,0,0,0,
"(-15756.03528, 152567.21331)","(-15962.84352, 152476.47374)",False,True,False,0.0,0,0,0,0,0,
"(-16177.78868, 152360.28931)","(-15756.03528, 152567.21331)",False,False,False,0.5494825273342783,4128,1476,6194,1476,3098,"[(-15882.17058, 152482.77971), (-15834.07608, 152500.04491), (-15784.33048, 152497.76871), (-15940.83648, 152429.93281)]"
"(-16177.78868, 152360.28931)","(-16193.87978, 152273.95141)",False,False,27.2388,0.08782457785618579,660,236,990,236,495,
"(-16177.78868, 152360.28931)","(-16196.63518, 152389.50511)",False,False,27.2388,0.03476713292594462,261,93,392,93,196,
"(-16177.78868, 152360.28931)","(-16186.70338, 151992.24545)",False,True,False,0.0,0,0,0,0,0,
"(-16177.78868, 152360.28931)","(-15889.01691, 152400.40816)",False,True,False,0.0,0,0,0,0,0,
"(-16177.78868, 152360.28931)","(-15962.84352, 152476.47374)",False,True,False,0.0,0,0,0,0,0,
"(-16196.63518, 152389.50511)","(-15756.03528, 152567.21331)",False,False,False,0.5169616131124167,3885,1388,5826,1388,2914,"[(-16120.66388, 152441.18581)]"
"(-16196.63518, 152389.50511)","(-16177.78868, 152360.28931)",False,False,27.2388,0.03476713292594462,261,93,392,93,196,
"(-16196.63518, 152389.50511)","(-16267.89158, 152325.11291)",True,False,False,0.0994972193372218,480,187,721,187,360,"[(-16232.96648, 152373.79641)]"
"(-16196.63518, 152389.50511)","(-16186.70338, 151992.24545)",False,True,False,0.0,0,0,0,0,0,
"(-16196.63518, 152389.50511)","(-15962.84352, 152476.47374)",False,True,False,0.0,0,0,0,0,0,
"(-15657.68558, 152496.07061)","(-15756.03528, 152567.21331)",False,False,False,0.12596600359858692,946,338,1420,338,710,"[(-15697.54288, 152545.67691)]"
"(-15657.68558, 152496.07061)","(-15418.47388, 152048.63201)",False,False,False,0.5129003199221419,2476,963,3715,963,1858,"[(-15428.96268, 152089.95791), (-15445.88298, 152156.62391), (-15463.84938, 152194.62481), (-15476.18938, 152220.72541), (-15501.92948, 152266.17411), (-15542.87378, 152333.90201), (-15549.94528, 152345.28501), (-15553.00218, 152350.65611), (-15568.06888, 152377.12871), (-15580.38508, 152391.31831), (-15594.61848, 152407.71661), (-15607.54848, 152422.61341), (-15617.14008, 152436.66621)]"
"(-15657.68558, 152496.07061)","(-15902.13488, 152289.47771)",False,False,False,0.4210741318011322,3165,1128,4745,1128,2374,"[(-15655.79788, 152438.36701), (-15649.04778, 152391.34931), (-15706.68438, 152386.12461), (-15756.44828, 152412.60911), (-15794.93888, 152368.35731), (-15857.31558, 152354.62341)]"
"(-15657.68558, 152496.07061)","(-15631.13294, 152270.4154)",False,True,False,0.0,0,0,0,0,0,
"(-15657.68558, 152496.07061)","(-15889.01691, 152400.40816)",False,True,False,0.0,0,0,0,0,0,
"(-15889.01691, 152400.40816)","(-15756.03528, 152567.21331)",False,True,False,0.0,0,0,0,0,0,
"(-15889.01691, 152400.40816)","(-15657.68558, 152496.07061)",False,True,False,0.0,0,0,0,0,0,
"(-15889.01691, 152400.40816)","(-15902.13488, 152289.47771)",False,True,False,0.0,0,0,0,0,0,
"(-15889.01691, 152400.40816)","(-16177.78868, 152360.28931)",False,True,False,0.0,0,0,0,0,0,
"(-15889.01691, 152400.40816)","(-16193.87978, 152273.95141)",False,True,False,0.0,0,0,0,0,0,
"(-15962.84352, 152476.47374)","(-15756.03528, 152567.21331)",False,True,False,0.0,0,0,0,0,0,
"(-15962.84352, 152476.47374)","(-16177.78868, 152360.28931)",False,True,False,0.0,0,0,0,0,0,
"(-15962.84352, 152476.47374)","(-16196.63518, 152389.50511)",False,True,False,0.0,0,0,0,0,0,
"(-16596.47518, 151702.05511)","(-16583.99398, 151715.89081)",False,False,23.2042,0.018633489955742166,90,35,135,35,68,
"(-16596.47518, 151702.05511)","(-16697.17023, 151586.14485)",True,False,False,0.1541402951892823,745,290,1117,290,558,"[(-16624.24738, 151660.39091)]"
"(-16596.47518, 151702.05511)","(-16171.16938, 151270.27541)",True,False,False,0.6319219864932014,3053,1186,4578,1186,2291,"[(-16574.97978, 151657.88001), (-16492.65868, 151572.95191), (-16482.07528, 151522.15171), (-16403.75838, 151424.78501), (-16333.90828, 151338.00141)]"
"(-16596.47518, 151702.05511)","(-16545.99384, 151404.14121)",False,True,False,0.0,0,0,0,0,0,
"(-16596.47518, 151702.05511)","(-16143.39693, 151461.55789)",False,True,False,0.0,0,0,0,0,0,
"(-16596.47518, 151702.05511)","(-16968.94243, 151678.57986)",False,True,False,0.0,0,0,0,0,0,
"(-16583.99398, 151715.89081)","(-16596.47518, 151702.05511)",False,False,23.2042,0.018633489955742166,90,35,135,35,68,
"(-16583.99398, 151715.89081)","(-16348.11208, 151872.35941)",False,False,False,0.2853110882202074,1377,535,2068,535,1032,"[(-16358.92528, 151863.62931), (-16379.01678, 151838.59611), (-16549.67338, 151730.64581)]"
"(-16583.99398, 151715.89081)","(-17121.48414, 151579.06896)",False,False,False,1.0605643482117824,5119,1992,7687,1992,3841,"[(-17210.81418, 151776.88961), (-17228.38798, 151765.92141), (-17251.07268, 151751.76331), (-17261.69808, 151694.11361), (-17260.22338, 151636.59961), (-17192.85038, 151787.30861), (-17031.57368, 151815.18251), (-17029.83888, 151814.98971)]"
"(-16583.99398, 151715.89081)","(-16143.39693, 151461.55789)",False,True,False,0.0,0,0,0,0,0,
"(-16583.99398, 151715.89081)","(-16968.94243, 151678.57986)",False,True,False,0.0,0,0,0,0,0,
"(-16697.17023, 151586.14485)","(-16596.47518, 151702.05511)",True,False,False,0.1541402951892823,745,290,1117,290,558,"[(-16624.24738, 151660.39091)]"
"(-16697.17023, 151586.14485)","(-16772.01658, 151520.23581)",True,False,False,0.1000267959080107,483,188,725,188,363,"[(-16734.41908, 151548.22011)]"
"(-16697.17023, 151586.14485)","(-16545.99384, 151404.14121)",True,True,False,0.0,0,0,0,0,0,
"(-16697.17023, 151586.14485)","(-16968.94243, 151678.57986)",True,True,False,0.0,0,0,0,0,0,
"(-16171.16938, 151270.27541)","(-16596.47518, 151702.05511)",True,False,False,0.6319219864932014,3053,1186,4578,1186,2291,"[(-16574.97978, 151657.88001), (-16492.65868, 151572.95191), (-16482.07528, 151522.15171), (-16403.75838, 151424.78501), (-16333.90828, 151338.00141)]"
"(-16171.16938, 151270.27541)","(-16273.14248, 151243.12321)",True,False,False,0.10923985316381522,528,205,792,205,396,"[(-16212.37298, 151244.79171)]"
"(-16171.16938, 151270.27541)","(-15911.35608, 151149.26531)",True,False,False,0.43078146102894527,2082,808,3120,808,1561,"[(-16118.44488, 151250.01651)]"
"(-16171.16938, 151270.27541)","(-16009.00877, 151017.28191)",False,True,False,0.0,0,0,0,0,0,
"(-16171.16938, 151270.27541)","(-16545.99384, 151404.14121)",False,True,False,0.0,0,0,0,0,0,
"(-16171.16938, 151270.27541)","(-16143.39693, 151461.55789)",False,True,False,0.0,0,0,0,0,0,
"(-16545.99384, 151404.14121)","(-16596.47518, 151702.05511)",False,True,False,0.0,0,0,0,0,0,
"(-16545.99384, 151404.14121)","(-16575.43868, 151156.44821)",False,True,False,0.0,0,0,0,0,0,
"(-16545.99384, 151404.14121)","(-16737.56238, 151361.11481)",False,True,False,0.0,0,0,0,0,0,
"(-16545.99384, 151404.14121)","(-16273.14248, 151243.12321)",False,True,False,0.0,0,0,0,0,0,
"(-16545.99384, 151404.14121)","(-16555.30248, 151236.84631)",False,True,False,0.0,0,0,0,0,0,
"(-16545.99384, 151404.14121)","(-16171.16938, 151270.27541)",False,True,False,0.0,0,0,0,0,0,
"(-16545.99384, 151404.14121)","(-16772.01658, 151520.23581)",False,True,False,0.0,0,0,0,0,0,
"(-16545.99384, 151404.14121)","(-16697.17023, 151586.14485)",True,True,False,0.0,0,0,0,0,0,
"(-16968.94243, 151678.57986)","(-16596.47518, 151702.05511)",False,True,False,0.0,0,0,0,0,0,
"(-16968.94243, 151678.57986)","(-17121.48414, 151579.06896)",False,True,False,0.0,0,0,0,0,0,
"(-16968.94243, 151678.57986)","(-16583.99398, 151715.89081)",False,True,False,0.0,0,0,0,0,0,
"(-16968.94243, 151678.57986)","(-16772.01658, 151520.23581)",False,True,False,0.0,0,0,0,0,0,
"(-16968.94243, 151678.57986)","(-16697.17023, 151586.14485)",True,True,False,0.0,0,0,0,0,0,
"(-16968.94243, 151678.57986)","(-17117.57377, 151648.06202)",True,True,False,0.0,0,0,0,0,0,
"(-15418.47388, 152048.63201)","(-15644.72008, 152119.21781)",False,False,False,0.24430221154287984,1181,459,1770,459,885,"[(-15459.51628, 152079.64981), (-15517.51038, 152109.38631), (-15595.85888, 152117.83961)]"
"(-15418.47388, 152048.63201)","(-15470.6626, 151880.51005)",True,False,False,0.24774195728927,1197,464,1795,464,898,"[(-15395.11318, 151993.67831), (-15376.27178, 151959.44151), (-15392.21908, 151930.87661), (-15483.23588, 151892.77651)]"
"(-15418.47388, 152048.63201)","(-15657.68558, 152496.07061)",False,False,False,0.5129003199221419,2476,963,3715,963,1858,"[(-15428.96268, 152089.95791), (-15445.88298, 152156.62391), (-15463.84938, 152194.62481), (-15476.18938, 152220.72541), (-15501.92948, 152266.17411), (-15542.87378, 152333.90201), (-15549.94528, 152345.28501), (-15553.00218, 152350.65611), (-15568.06888, 152377.12871), (-15580.38508, 152391.31831), (-15594.61848, 152407.71661), (-15607.54848, 152422.61341), (-15617.14008, 152436.66621)]"
"(-15418.47388, 152048.63201)","(-15752.12872, 151924.19552)",False,True,False,0.0,0,0,0,0,0,
"(-15418.47388, 152048.63201)","(-15631.13294, 152270.4154)",False,True,False,0.0,0,0,0,0,0,
"(-15644.72008, 152119.21781)","(-15418.47388, 152048.63201)",False,False,False,0.24430221154287984,1181,459,1770,459,885,"[(-15459.51628, 152079.64981), (-15517.51038, 152109.38631), (-15595.85888, 152117.83961)]"
"(-15644.72008, 152119.21781)","(-16032.69918, 152047.32941)",False,False,False,0.511127518013609,2470,961,3704,961,1852,"[(-15973.51948, 152019.66251), (-15917.24788, 151987.58021)]"
"(-15644.72008, 152119.21781)","(-15902.13488, 152289.47771)",False,False,False,0.43957510550017287,2124,826,3185,826,1592,"[(-15849.54248, 152281.07231), (-15805.14678, 152307.04301)]"
"(-15644.72008, 152119.21781)","(-15752.12872, 151924.19552)",False,True,False,0.0,0,0,0,0,0,
"(-15644.72008, 152119.21781)","(-15892.13231, 152158.89453)",False,True,False,0.0,0,0,0,0,0,
"(-15644.72008, 152119.21781)","(-15631.13294, 152270.4154)",False,True,False,0.0,0,0,0,0,0,
"(-15470.6626, 151880.51005)","(-15418.47388, 152048.63201)",True,False,False,0.24774195728927,1197,464,1795,464,898,"[(-15395.11318, 151993.67831), (-15376.27178, 151959.44151), (-15392.21908, 151930.87661), (-15483.23588, 151892.77651)]"
"(-15470.6626, 151880.51005)","(-15447.71438, 151858.12181)",True,False,22.0352,0.0320601636219471,155,60,232,60,116,
"(-15470.6626, 151880.51005)","(-15752.12872, 151924.19552)",True,True,False,0.0,0,0,0,0,0,
"(-15631.13294, 152270.4154)","(-15418.47388, 152048.63201)",False,True,False,0.0,0,0,0,0,0,
"(-15631.13294, 152270.4154)","(-15657.68558, 152496.07061)",False,True,False,0.0,0,0,0,0,0,
"(-15631.13294, 152270.4154)","(-15902.13488, 152289.47771)",False,True,False,0.0,0,0,0,0,0,
"(-15631.13294, 152270.4154)","(-15644.72008, 152119.21781)",False,True,False,0.0,0,0,0,0,0,
"(-16193.87978, 152273.95141)","(-16032.69918, 152047.32941)",False,False,False,0.27863300656453904,1346,523,2019,523,1009,"[(-16096.40968, 152151.50351), (-16133.30348, 152199.60181)]"
"(-16193.87978, 152273.95141)","(-15902.13488, 152289.47771)",False,False,False,0.30541382746770523,2294,820,3443,820,1720,"[(-15955.59178, 152301.20341), (-16004.69638, 152316.22141), (-16075.46018, 152293.18531), (-16127.08138, 152267.22551)]"
"(-16193.87978, 152273.95141)","(-16177.78868, 152360.28931)",False,False,27.2388,0.08782457785618579,660,236,990,236,495,
"(-16193.87978, 152273.95141)","(-16186.70338, 151992.24545)",False,True,False,0.0,0,0,0,0,0,
"(-16193.87978, 152273.95141)","(-15892.13231, 152158.89453)",False,True,False,0.0,0,0,0,0,0,
"(-16193.87978, 152273.95141)","(-15889.01691, 152400.40816)",False,True,False,0.0,0,0,0,0,0,
"(-15892.13231, 152158.89453)","(-16032.69918, 152047.32941)",False,True,False,0.0,0,0,0,0,0,
"(-15892.13231, 152158.89453)","(-15902.13488, 152289.47771)",False,True,False,0.0,0,0,0,0,0,
"(-15892.13231, 152158.89453)","(-16193.87978, 152273.95141)",False,True,False,0.0,0,0,0,0,0,
"(-15892.13231, 152158.89453)","(-15644.72008, 152119.21781)",False,True,False,0.0,0,0,0,0,0,
"(-16575.43868, 151156.44821)","(-16576.30575, 151140.34061)",True,False,23.2042,0.0161309202510126,78,30,117,30,58,
"(-16575.43868, 151156.44821)","(-16273.14248, 151243.12321)",True,False,False,0.4099358306223426,1980,769,2971,769,1486,"[(-16459.29698, 151172.45321), (-16437.69818, 151227.38261)]"
"(-16575.43868, 151156.44821)","(-16852.21858, 151033.36171)",True,False,False,0.4259602446003912,2058,800,3086,800,1543,"[(-16893.66178, 151092.87021)]"
"(-16575.43868, 151156.44821)","(-16555.30248, 151236.84631)",True,False,False,0.11646130371988217,563,218,843,218,423,"[(-16552.26948, 151165.80701), (-16557.12888, 151178.94241)]"
"(-16575.43868, 151156.44821)","(-16704.05166, 151068.87056)",False,True,False,0.0,0,0,0,0,0,
"(-16575.43868, 151156.44821)","(-16339.84617, 151083.84338)",False,True,False,0.0,0,0,0,0,0,
"(-16575.43868, 151156.44821)","(-16898.53782, 151202.59257)",False,True,False,0.0,0,0,0,0,0,
"(-16575.43868, 151156.44821)","(-16545.99384, 151404.14121)",False,True,False,0.0,0,0,0,0,0,
"(-16576.30575, 151140.34061)","(-16575.43868, 151156.44821)",True,False,23.2042,0.0161309202510126,78,30,117,30,58,
"(-16576.30575, 151140.34061)","(-16569.32618, 150979.28741)",True,False,False,0.1641370260777511,792,309,1189,309,595,"[(-16583.21688, 151089.75121), (-16577.92518, 151110.25651), (-16576.54698, 151068.78521)]"
"(-16576.30575, 151140.34061)","(-16704.05166, 151068.87056)",True,True,False,0.0,0,0,0,0,0,
"(-16576.30575, 151140.34061)","(-16339.84617, 151083.84338)",True,True,False,0.0,0,0,0,0,0,
"(-16273.14248, 151243.12321)","(-16575.43868, 151156.44821)",True,False,False,0.4099358306223426,1980,769,2971,769,1486,"[(-16459.29698, 151172.45321), (-16437.69818, 151227.38261)]"
"(-16273.14248, 151243.12321)","(-16157.77588, 151170.92531)",True,False,False,0.13694666358001834,662,258,992,258,496,"[(-16191.73268, 151200.62121)]"
"(-16273.14248, 151243.12321)","(-16171.16938, 151270.27541)",True,False,False,0.10923985316381522,528,205,792,205,396,"[(-16212.37298, 151244.79171)]"
"(-16273.14248, 151243.12321)","(-16009.00877, 151017.28191)",False,True,False,0.0,0,0,0,0,0,
"(-16273.14248, 151243.12321)","(-16339.84617, 151083.84338)",False,True,False,0.0,0,0,0,0,0,
"(-16273.14248, 151243.12321)","(-16545.99384, 151404.14121)",False,True,False,0.0,0,0,0,0,0,
"(-16852.21858, 151033.36171)","(-16575.43868, 151156.44821)",True,False,False,0.4259602446003912,2058,800,3086,800,1543,"[(-16893.66178, 151092.87021)]"
"(-16852.21858, 151033.36171)","(-17194.39538, 151072.59601)",True,False,False,0.6598613095345417,3188,1240,4781,1240,2392,"[(-17140.25668, 151092.78421), (-17057.65978, 151211.88321), (-17015.32638, 151194.68521)]"
"(-16852.21858, 151033.36171)","(-16841.9925, 151027.66871)",True,False,28.5283,0.011703972025188693,88,31,132,31,66,
"(-16852.21858, 151033.36171)","(-16704.05166, 151068.87056)",False,True,False,0.0,0,0,0,0,0,
"(-16852.21858, 151033.36171)","(-16898.53782, 151202.59257)",False,True,False,0.0,0,0,0,0,0,
"(-16555.30248, 151236.84631)","(-16575.43868, 151156.44821)",True,False,False,0.11646130371988217,563,218,843,218,423,"[(-16552.26948, 151165.80701), (-16557.12888, 151178.94241)]"
"(-16555.30248, 151236.84631)","(-16737.56238, 151361.11481)",True,False,False,0.23196591205911682,1120,435,1681,435,841,"[(-16701.90918, 151314.53421), (-16652.86678, 151265.61561), (-16603.68288, 151239.75061)]"
"(-16555.30248, 151236.84631)","(-16898.53782, 151202.59257)",False,True,False,0.0,0,0,0,0,0,
"(-16555.30248, 151236.84631)","(-16545.99384, 151404.14121)",False,True,False,0.0,0,0,0,0,0,
"(-16704.05166, 151068.87056)","(-16575.43868, 151156.44821)",False,True,False,0.0,0,0,0,0,0,
"(-16704.05166, 151068.87056)","(-16852.21858, 151033.36171)",False,True,False,0.0,0,0,0,0,0,
"(-16704.05166, 151068.87056)","(-16569.32618, 150979.28741)",False,True,False,0.0,0,0,0,0,0,
"(-16704.05166, 151068.87056)","(-16808.55408, 151009.05311)",False,True,False,0.0,0,0,0,0,0,
"(-16704.05166, 151068.87056)","(-16822.07961, 151016.58295)",True,True,False,0.0,0,0,0,0,0,
"(-16704.05166, 151068.87056)","(-16841.9925, 151027.66871)",True,True,False,0.0,0,0,0,0,0,
"(-16704.05166, 151068.87056)","(-16576.30575, 151140.34061)",True,True,False,0.0,0,0,0,0,0,
"(-16339.84617, 151083.84338)","(-16575.43868, 151156.44821)",False,True,False,0.0,0,0,0,0,0,
"(-16339.84617, 151083.84338)","(-16569.32618, 150979.28741)",False,True,False,0.0,0,0,0,0,0,
"(-16339.84617, 151083.84338)","(-16237.45418, 150924.96511)",False,True,False,0.0,0,0,0,0,0,
"(-16339.84617, 151083.84338)","(-16273.14248, 151243.12321)",False,True,False,0.0,0,0,0,0,0,
"(-16339.84617, 151083.84338)","(-16157.77588, 151170.92531)",False,True,False,0.0,0,0,0,0,0,
"(-16339.84617, 151083.84338)","(-16576.30575, 151140.34061)",True,True,False,0.0,0,0,0,0,0,
"(-16898.53782, 151202.59257)","(-16575.43868, 151156.44821)",False,True,False,0.0,0,0,0,0,0,
"(-16898.53782, 151202.59257)","(-17194.39538, 151072.59601)",False,True,False,0.0,0,0,0,0,0,
"(-16898.53782, 151202.59257)","(-16852.21858, 151033.36171)",False,True,False,0.0,0,0,0,0,0,
"(-16898.53782, 151202.59257)","(-16737.56238, 151361.11481)",False,True,False,0.0,0,0,0,0,0,
"(-16898.53782, 151202.59257)","(-17232.25668, 151137.22671)",False,True,False,0.0,0,0,0,0,0,
"(-16898.53782, 151202.59257)","(-17072.64448, 151323.34751)",False,True,False,0.0,0,0,0,0,0,
"(-16898.53782, 151202.59257)","(-16986.48678, 151310.01251)",False,True,False,0.0,0,0,0,0,0,
"(-16898.53782, 151202.59257)","(-16555.30248, 151236.84631)",False,True,False,0.0,0,0,0,0,0,
"(-16898.53782, 151202.59257)","(-16979.12465, 151230.46695)",True,True,False,0.0,0,0,0,0,0,
"(-17194.39538, 151072.59601)","(-17232.25668, 151137.22671)",False,False,30.0257,0.07490397466207742,563,201,844,201,422,
"(-17194.39538, 151072.59601)","(-16852.21858, 151033.36171)",True,False,False,0.6598613095345417,3188,1240,4781,1240,2392,"[(-17140.25668, 151092.78421), (-17057.65978, 151211.88321), (-17015.32638, 151194.68521)]"
"(-17194.39538, 151072.59601)","(-17019.10697, 150687.28607)",True,False,False,0.5429843060982429,4080,1457,6120,1457,3061,"[(-17185.85968, 151009.56871), (-17178.77518, 150963.75581), (-17094.56128, 150920.45221), (-17037.07008, 150872.02551), (-17002.06748, 150789.23661), (-16993.28948, 150734.91571), (-16970.45348, 150671.74241)]"
"(-17194.39538, 151072.59601)","(-16898.53782, 151202.59257)",False,True,False,0.0,0,0,0,0,0,
"(-17194.39538, 151072.59601)","(-17275.94469, 150825.75028)",False,True,False,0.0,0,0,0,0,0,
"(-17232.25668, 151137.22671)","(-17194.39538, 151072.59601)",False,False,30.0257,0.07490397466207742,563,201,844,201,422,
"(-17232.25668, 151137.22671)","(-17383.61297, 150949.79636)",True,False,False,0.3196601943508492,2402,857,3603,857,1802,"[(-17267.36778, 151094.95891)]"
"(-17232.25668, 151137.22671)","(-17072.64448, 151323.34751)",False,False,False,0.2784461431173843,1345,524,2017,524,1009,"[(-17102.63908, 151276.70611)]"
"(-17232.25668, 151137.22671)","(-16898.53782, 151202.59257)",False,True,False,0.0,0,0,0,0,0,
"(-17232.25668, 151137.22671)","(-17275.94469, 150825.75028)",False,True,False,0.0,0,0,0,0,0,
"(-17019.10697, 150687.28607)","(-17194.39538, 151072.59601)",True,False,False,0.5429843060982429,4080,1457,6120,1457,3061,"[(-17185.85968, 151009.56871), (-17178.77518, 150963.75581), (-17094.56128, 150920.45221), (-17037.07008, 150872.02551), (-17002.06748, 150789.23661), (-16993.28948, 150734.91571), (-16970.45348, 150671.74241)]"
"(-17019.10697, 150687.28607)","(-17407.42439, 150560.91405)",True,False,False,0.5016280618800678,3769,1346,5653,1346,2827,"[(-17358.68418, 150570.70791), (-17308.24838, 150674.05451)]"
"(-17019.10697, 150687.28607)","(-17275.94469, 150825.75028)",True,True,False,0.0,0,0,0,0,0,
"(-17275.94469, 150825.75028)","(-17194.39538, 151072.59601)",False,True,False,0.0,0,0,0,0,0,
"(-17275.94469, 150825.75028)","(-17232.25668, 151137.22671)",False,True,False,0.0,0,0,0,0,0,
"(-17275.94469, 150825.75028)","(-17407.42439, 150560.91405)",True,True,False,0.0,0,0,0,0,0,
"(-17275.94469, 150825.75028)","(-17519.21972, 150674.11927)",True,True,False,0.0,0,0,0,0,0,
"(-17275.94469, 150825.75028)","(-17383.61297, 150949.79636)",True,True,False,0.0,0,0,0,0,0,
"(-17275.94469, 150825.75028)","(-17019.10697, 150687.28607)",True,True,False,0.0,0,0,0,0,0,
"(-15902.13488, 152289.47771)","(-15657.68558, 152496.07061)",False,False,False,0.4210741318011322,3165,1128,4745,1128,2374,"[(-15655.79788, 152438.36701), (-15649.04778, 152391.34931), (-15706.68438, 152386.12461), (-15756.44828, 152412.60911), (-15794.93888, 152368.35731), (-15857.31558, 152354.62341)]"
"(-15902.13488, 152289.47771)","(-15644.72008, 152119.21781)",False,False,False,0.43957510550017287,2124,826,3185,826,1592,"[(-15849.54248, 152281.07231), (-15805.14678, 152307.04301)]"
"(-15902.13488, 152289.47771)","(-16193.87978, 152273.95141)",False,False,False,0.30541382746770523,2294,820,3443,820,1720,"[(-15955.59178, 152301.20341), (-16004.69638, 152316.22141), (-16075.46018, 152293.18531), (-16127.08138, 152267.22551)]"
"(-15902.13488, 152289.47771)","(-15892.13231, 152158.89453)",False,True,False,0.0,0,0,0,0,0,
"(-15902.13488, 152289.47771)","(-15631.13294, 152270.4154)",False,True,False,0.0,0,0,0,0,0,
"(-15902.13488, 152289.47771)","(-15889.01691, 152400.40816)",False,True,False,0.0,0,0,0,0,0,
"(-16841.9925, 151027.66871)","(-16852.21858, 151033.36171)",True,False,28.5283,0.011703972025188693,88,31,132,31,66,
"(-16841.9925, 151027.66871)","(-16822.07961, 151016.58295)",True,False,28.5283,0.02279072756472247,171,61,257,61,128,
"(-16841.9925, 151027.66871)","(-16704.05166, 151068.87056)",True,True,False,0.0,0,0,0,0,0,
"(-17052.54658, 151306.84981)","(-16986.48678, 151310.01251)",True,False,22.1507,0.06613546588124855,319,124,479,124,240,
"(-17052.54658, 151306.84981)","(-17072.64448, 151323.34751)",True,False,22.1507,0.026001917038928166,126,49,188,49,94,
"(-17052.54658, 151306.84981)","(-16955.34363, 151475.01781)",False,True,False,0.0,0,0,0,0,0,
"(-16986.48678, 151310.01251)","(-17052.54658, 151306.84981)",True,False,22.1507,0.06613546588124855,319,124,479,124,240,
"(-16986.48678, 151310.01251)","(-16737.56238, 151361.11481)",False,False,False,0.25561730627194124,1234,481,1853,481,926,"[(-16974.24328, 151310.59871), (-16909.27858, 151335.55251)]"
"(-16986.48678, 151310.01251)","(-16979.12465, 151230.46695)",True,False,False,0.09770528507780304,472,183,708,183,354,"[(-16954.47208, 151267.44581)]"
"(-16986.48678, 151310.01251)","(-16898.53782, 151202.59257)",False,True,False,0.0,0,0,0,0,0,
"(-16986.48678, 151310.01251)","(-16955.34363, 151475.01781)",False,True,False,0.0,0,0,0,0,0,
"(-17072.64448, 151323.34751)","(-17052.54658, 151306.84981)",True,False,22.1507,0.026001917038928166,126,49,188,49,94,
"(-17072.64448, 151323.34751)","(-17232.25668, 151137.22671)",False,False,False,0.2784461431173843,1345,524,2017,524,1009,"[(-17102.63908, 151276.70611)]"
"(-17072.64448, 151323.34751)","(-17091.20236, 151369.30018)",True,False,False,0.05816384829320631,280,110,421,110,211,"[(-17077.44638, 151327.28921), (-17074.38708, 151332.04621)]"
"(-17072.64448, 151323.34751)","(-16979.12465, 151230.46695)",True,False,False,0.16041206544483652,775,301,1162,301,581,"[(-17047.07648, 151281.99781), (-16991.51388, 151211.88311)]"
"(-17072.64448, 151323.34751)","(-16898.53782, 151202.59257)",False,True,False,0.0,0,0,0,0,0,
"(-17072.64448, 151323.34751)","(-16955.34363, 151475.01781)",False,True,False,0.0,0,0,0,0,0,
"(-16955.34363, 151475.01781)","(-17052.54658, 151306.84981)",False,True,False,0.0,0,0,0,0,0,
"(-16955.34363, 151475.01781)","(-17121.48414, 151579.06896)",False,True,False,0.0,0,0,0,0,0,
"(-16955.34363, 151475.01781)","(-16737.56238, 151361.11481)",False,True,False,0.0,0,0,0,0,0,
"(-16955.34363, 151475.01781)","(-17072.64448, 151323.34751)",False,True,False,0.0,0,0,0,0,0,
"(-16955.34363, 151475.01781)","(-16986.48678, 151310.01251)",False,True,False,0.0,0,0,0,0,0,
"(-16955.34363, 151475.01781)","(-16772.01658, 151520.23581)",False,True,False,0.0,0,0,0,0,0,
"(-16955.34363, 151475.01781)","(-17091.20236, 151369.30018)",True,True,False,0.0,0,0,0,0,0,
"(-16955.34363, 151475.01781)","(-17117.57377, 151648.06202)",True,True,False,0.0,0,0,0,0,0,
"(-15447.71438, 151858.12181)","(-15529.13538, 151842.72781)",True,False,False,0.09864899476680544,476,186,715,186,358,"[(-15490.32618, 151823.09841)]"
"(-15447.71438, 151858.12181)","(-15470.6626, 151880.51005)",True,False,22.0352,0.0320601636219471,155,60,232,60,116,
"(-15447.71438, 151858.12181)","(-15455.21777, 151785.37988)",True,False,False,0.12948166396047311,625,243,938,243,469,"[(-15401.00378, 151845.79171)]"
"(-15447.71438, 151858.12181)","(-15812.62395, 151624.26739)",False,True,False,0.0,0,0,0,0,0,
"(-15447.71438, 151858.12181)","(-15752.12872, 151924.19552)",False,True,False,0.0,0,0,0,0,0,
"(-16047.18218, 151654.35891)","(-16129.48928, 151638.06691)",True,False,23.2042,0.08390404027465254,405,158,608,158,304,
"(-16047.18218, 151654.35891)","(-16040.83209, 151703.97035)",True,False,23.2042,0.050016183599706915,242,94,362,94,181,
"(-16047.18218, 151654.35891)","(-15812.62395, 151624.26739)",False,True,False,0.0,0,0,0,0,0,
"(-16047.18218, 151654.35891)","(-16186.70338, 151992.24545)",False,True,False,0.0,0,0,0,0,0,
"(-16129.48928, 151638.06691)","(-16047.18218, 151654.35891)",True,False,23.2042,0.08390404027465254,405,158,608,158,304,
"(-16129.48928, 151638.06691)","(-16348.11208, 151872.35941)",False,False,False,0.34065640676490405,1647,639,2469,639,1234,"[(-16309.21828, 151840.60931)]"
"(-16129.48928, 151638.06691)","(-16040.41012, 151497.36196)",True,False,False,0.184918171457723,894,347,1341,347,670,"[(-16140.00328, 151635.98581), (-16093.78648, 151567.85511)]"
"(-16129.48928, 151638.06691)","(-16143.39693, 151461.55789)",False,True,False,0.0,0,0,0,0,0,
"(-16129.48928, 151638.06691)","(-15812.62395, 151624.26739)",False,True,False,0.0,0,0,0,0,0,
"(-16129.48928, 151638.06691)","(-16186.70338, 151992.24545)",False,True,False,0.0,0,0,0,0,0,
"(-16040.83209, 151703.97035)","(-16047.18218, 151654.35891)",True,False,23.2042,0.050016183599706915,242,94,362,94,181,
"(-16040.83209, 151703.97035)","(-16051.34563, 151789.15426)",True,False,False,0.08656685349752846,418,163,627,163,314,"[(-16038.46608, 151722.45531)]"
"(-16040.83209, 151703.97035)","(-15812.62395, 151624.26739)",True,True,False,0.0,0,0,0,0,0,
"(-16040.83209, 151703.97035)","(-16186.70338, 151992.24545)",True,True,False,0.0,0,0,0,0,0,
"(-16320.80838, 151919.77041)","(-16348.11208, 151872.35941)",True,False,23.2042,0.054711013102384944,264,103,396,103,198,
"(-16320.80838, 151919.77041)","(-16267.89158, 152325.11291)",True,False,False,0.4128256748914201,1995,775,2992,775,1494,"[(-16305.99168, 151962.10381), (-16298.58328, 152016.07891), (-16298.58328, 152096.51241), (-16294.34998, 152199.17101), (-16293.29158, 152243.62111), (-16285.88328, 152282.77951)]"
"(-16320.80838, 151919.77041)","(-16186.70338, 151992.24545)",False,True,False,0.0,0,0,0,0,0,
"(-16348.11208, 151872.35941)","(-16320.80838, 151919.77041)",True,False,23.2042,0.054711013102384944,264,103,396,103,198,
"(-16348.11208, 151872.35941)","(-16129.48928, 151638.06691)",False,False,False,0.34065640676490405,1647,639,2469,639,1234,"[(-16309.21828, 151840.60931)]"
"(-16348.11208, 151872.35941)","(-16583.99398, 151715.89081)",False,False,False,0.2853110882202074,1377,535,2068,535,1032,"[(-16358.92528, 151863.62931), (-16379.01678, 151838.59611), (-16549.67338, 151730.64581)]"
"(-16348.11208, 151872.35941)","(-16143.39693, 151461.55789)",False,True,False,0.0,0,0,0,0,0,
"(-16348.11208, 151872.35941)","(-16186.70338, 151992.24545)",False,True,False,0.0,0,0,0,0,0,
"(-16267.89158, 152325.11291)","(-16320.80838, 151919.77041)",True,False,False,0.4128256748914201,1995,775,2992,775,1494,"[(-16305.99168, 151962.10381), (-16298.58328, 152016.07891), (-16298.58328, 152096.51241), (-16294.34998, 152199.17101), (-16293.29158, 152243.62111), (-16285.88328, 152282.77951)]"
"(-16267.89158, 152325.11291)","(-16196.63518, 152389.50511)",True,False,False,0.0994972193372218,480,187,721,187,360,"[(-16232.96648, 152373.79641)]"
"(-16267.89158, 152325.11291)","(-16186.70338, 151992.24545)",False,True,False,0.0,0,0,0,0,0,
"(-16569.32618, 150979.28741)","(-16576.30575, 151140.34061)",True,False,False,0.1641370260777511,792,309,1189,309,595,"[(-16583.21688, 151089.75121), (-16577.92518, 151110.25651), (-16576.54698, 151068.78521)]"
"(-16569.32618, 150979.28741)","(-16808.55408, 151009.05311)",True,False,False,0.3198196967378318,2404,859,3605,859,1803,"[(-16569.78498, 150950.27431), (-16595.47968, 150911.61601), (-16688.70028, 150986.63231)]"
"(-16569.32618, 150979.28741)","(-16237.45418, 150924.96511)",False,False,False,0.3795354099717132,1834,713,2751,713,1375,"[(-16532.94598, 150979.94891), (-16494.74188, 150999.17801), (-16346.24858, 150891.46921)]"
"(-16569.32618, 150979.28741)","(-16704.05166, 151068.87056)",False,True,False,0.0,0,0,0,0,0,
"(-16569.32618, 150979.28741)","(-16339.84617, 151083.84338)",False,True,False,0.0,0,0,0,0,0,
"(-16808.55408, 151009.05311)","(-16569.32618, 150979.28741)",True,False,False,0.3198196967378318,2404,859,3605,859,1803,"[(-16569.78498, 150950.27431), (-16595.47968, 150911.61601), (-16688.70028, 150986.63231)]"
"(-16808.55408, 151009.05311)","(-16822.07961, 151016.58295)",True,False,28.5283,0.015480260082004944,116,42,174,42,87,
"(-16808.55408, 151009.05311)","(-16704.05166, 151068.87056)",False,True,False,0.0,0,0,0,0,0,
"(-16237.45418, 150924.96511)","(-16569.32618, 150979.28741)",False,False,False,0.3795354099717132,1834,713,2751,713,1375,"[(-16532.94598, 150979.94891), (-16494.74188, 150999.17801), (-16346.24858, 150891.46921)]"
"(-16237.45418, 150924.96511)","(-16203.4408, 150878.98087)",True,False,23.2042,0.05719668126212538,276,107,414,107,207,
"(-16237.45418, 150924.96511)","(-16157.77588, 151170.92531)",True,False,False,0.41178590044572533,1988,774,2984,774,1491,"[(-16179.13788, 151029.88961), (-16159.88338, 150958.43401), (-16133.34338, 151031.25381), (-16133.49928, 151126.81971)]"
"(-16237.45418, 150924.96511)","(-16009.00877, 151017.28191)",False,True,False,0.0,0,0,0,0,0,
"(-16237.45418, 150924.96511)","(-16339.84617, 151083.84338)",False,True,False,0.0,0,0,0,0,0,
"(-15587.95728, 151189.65731)","(-15761.71028, 151228.89011)",True,False,False,0.18217865488700064,880,342,1320,342,660,"[(-15714.18048, 151203.98721)]"
"(-15587.95728, 151189.65731)","(-15464.13998, 151201.64051)",False,False,False,0.1271989785494253,615,239,922,239,461,"[(-15543.68728, 151181.20721)]"
"(-15587.95728, 151189.65731)","(-15674.30698, 151361.66571)",False,False,False,0.19918520408672463,962,374,1444,374,722,"[(-15599.78398, 151252.55021), (-15646.65768, 151295.89101)]"
"(-15587.95728, 151189.65731)","(-15370.22923, 151382.12787)",False,True,False,0.0,0,0,0,0,0,
"(-15587.95728, 151189.65731)","(-15736.21395, 150994.90272)",False,True,False,0.0,0,0,0,0,0,
"(-15587.95728, 151189.65731)","(-16143.39693, 151461.55789)",False,True,False,0.0,0,0,0,0,0,
"(-15761.71028, 151228.89011)","(-15587.95728, 151189.65731)",True,False,False,0.18217865488700064,880,342,1320,342,660,"[(-15714.18048, 151203.98721)]"
"(-15761.71028, 151228.89011)","(-15911.35608, 151149.26531)",True,False,False,0.22285568309719023,1077,419,1615,419,808,"[(-15837.67368, 151263.83111)]"
"(-15761.71028, 151228.89011)","(-15736.21395, 150994.90272)",False,True,False,0.0,0,0,0,0,0,
"(-15761.71028, 151228.89011)","(-16143.39693, 151461.55789)",False,True,False,0.0,0,0,0,0,0,
"(-15464.13998, 151201.64051)","(-15587.95728, 151189.65731)",False,False,False,0.1271989785494253,615,239,922,239,461,"[(-15543.68728, 151181.20721)]"
"(-15464.13998, 151201.64051)","(-15774.06238, 150740.86021)",False,False,False,0.616808474907321,2980,1162,4472,1162,2235,"[(-15617.22848, 150975.66971), (-15597.65218, 150997.21241), (-15573.45848, 151023.83641), (-15507.40648, 151084.53341), (-15643.69648, 150911.18171)]"
"(-15464.13998, 151201.64051)","(-15465.71408, 151773.68361)",False,False,False,1.804230162931958,8716,3390,13074,3390,6537,"[(-15402.28138, 151162.38281)]"
"(-15464.13998, 151201.64051)","(-15370.22923, 151382.12787)",False,True,False,0.0,0,0,0,0,0,
"(-15464.13998, 151201.64051)","(-15736.21395, 150994.90272)",False,True,False,0.0,0,0,0,0,0,
"(-15370.22923, 151382.12787)","(-15587.95728, 151189.65731)",False,True,False,0.0,0,0,0,0,0,
"(-15370.22923, 151382.12787)","(-15464.13998, 151201.64051)",False,True,False,0.0,0,0,0,0,0,
"(-15370.22923, 151382.12787)","(-15674.30698, 151361.66571)",False,True,False,0.0,0,0,0,0,0,
"(-15370.22923, 151382.12787)","(-15465.71408, 151773.68361)",False,True,False,0.0,0,0,0,0,0,
"(-15736.21395, 150994.90272)","(-15587.95728, 151189.65731)",False,True,False,0.0,0,0,0,0,0,
"(-15736.21395, 150994.90272)","(-15464.13998, 151201.64051)",False,True,False,0.0,0,0,0,0,0,
"(-15736.21395, 150994.90272)","(-15774.06238, 150740.86021)",False,True,False,0.0,0,0,0,0,0,
"(-15736.21395, 150994.90272)","(-15945.09588, 150839.36401)",False,True,False,0.0,0,0,0,0,0,
"(-15736.21395, 150994.90272)","(-15761.71028, 151228.89011)",False,True,False,0.0,0,0,0,0,0,
"(-15736.21395, 150994.90272)","(-15911.35608, 151149.26531)",False,True,False,0.0,0,0,0,0,0,
"(-15736.21395, 150994.90272)","(-15842.48604, 151170.45481)",True,True,False,0.0,0,0,0,0,0,
"(-15455.21777, 151785.37988)","(-15447.71438, 151858.12181)",True,False,False,0.12948166396047311,625,243,938,243,469,"[(-15401.00378, 151845.79171)]"
"(-15455.21777, 151785.37988)","(-15455.78739, 151784.74514)",True,False,22.0352,0.0008528550943590717,4,2,6,2,3,
"(-15455.21777, 151785.37988)","(-15812.62395, 151624.26739)",True,True,False,0.0,0,0,0,0,0,
"(-17121.48414, 151579.06896)","(-17117.57377, 151648.06202)",True,False,False,0.08197241536315654,396,154,594,154,297,"[(-17129.93458, 151648.16531)]"
"(-17121.48414, 151579.06896)","(-17091.20236, 151369.30018)",True,False,False,0.22121072942316727,1069,415,1603,415,801,"[(-17125.97408, 151514.26631), (-17122.13858, 151492.21201), (-17090.06768, 151439.45241)]"
"(-17121.48414, 151579.06896)","(-16583.99398, 151715.89081)",False,False,False,1.0605643482117824,5119,1992,7687,1992,3841,"[(-17210.81418, 151776.88961), (-17228.38798, 151765.92141), (-17251.07268, 151751.76331), (-17261.69808, 151694.11361), (-17260.22338, 151636.59961), (-17192.85038, 151787.30861), (-17031.57368, 151815.18251), (-17029.83888, 151814.98971)]"
"(-17121.48414, 151579.06896)","(-16955.34363, 151475.01781)",False,True,False,0.0,0,0,0,0,0,
"(-17121.48414, 151579.06896)","(-16968.94243, 151678.57986)",False,True,False,0.0,0,0,0,0,0,
"(-17117.57377, 151648.06202)","(-17121.48414, 151579.06896)",True,False,False,0.08197241536315654,396,154,594,154,297,"[(-17129.93458, 151648.16531)]"
"(-17117.57377, 151648.06202)","(-16772.01658, 151520.23581)",True,False,False,0.4058797738587004,1961,762,2941,762,1470,"[(-16924.80818, 151627.67371), (-16990.31968, 151646.99871), (-16877.04708, 151598.55861)]"
"(-17117.57377, 151648.06202)","(-16955.34363, 151475.01781)",True,True,False,0.0,0,0,0,0,0,
"(-17117.57377, 151648.06202)","(-16968.94243, 151678.57986)",True,True,False,0.0,0,0,0,0,0,
"(-17091.20236, 151369.30018)","(-17121.48414, 151579.06896)",True,False,False,0.22121072942316727,1069,415,1603,415,801,"[(-17125.97408, 151514.26631), (-17122.13858, 151492.21201), (-17090.06768, 151439.45241)]"
"(-17091.20236, 151369.30018)","(-17072.64448, 151323.34751)",True,False,False,0.05816384829320631,280,110,421,110,211,"[(-17077.44638, 151327.28921), (-17074.38708, 151332.04621)]"
"(-17091.20236, 151369.30018)","(-16955.34363, 151475.01781)",True,True,False,0.0,0,0,0,0,0,
"(-16737.56238, 151361.11481)","(-16986.48678, 151310.01251)",False,False,False,0.25561730627194124,1234,481,1853,481,926,"[(-16974.24328, 151310.59871), (-16909.27858, 151335.55251)]"
"(-16737.56238, 151361.11481)","(-16772.01658, 151520.23581)",False,False,False,0.17869650680785962,863,336,1296,336,647,"[(-16773.29698, 151451.15781)]"
"(-16737.56238, 151361.11481)","(-16555.30248, 151236.84631)",True,False,False,0.23196591205911682,1120,435,1681,435,841,"[(-16701.90918, 151314.53421), (-16652.86678, 151265.61561), (-16603.68288, 151239.75061)]"
"(-16737.56238, 151361.11481)","(-16898.53782, 151202.59257)",False,True,False,0.0,0,0,0,0,0,
"(-16737.56238, 151361.11481)","(-16545.99384, 151404.14121)",False,True,False,0.0,0,0,0,0,0,
"(-16737.56238, 151361.11481)","(-16955.34363, 151475.01781)",False,True,False,0.0,0,0,0,0,0,
"(-16772.01658, 151520.23581)","(-16737.56238, 151361.11481)",False,False,False,0.17869650680785962,863,336,1296,336,647,"[(-16773.29698, 151451.15781)]"
"(-16772.01658, 151520.23581)","(-17117.57377, 151648.06202)",True,False,False,0.4058797738587004,1961,762,2941,762,1470,"[(-16924.80818, 151627.67371), (-16990.31968, 151646.99871), (-16877.04708, 151598.55861)]"
"(-16772.01658, 151520.23581)","(-16697.17023, 151586.14485)",True,False,False,0.1000267959080107,483,188,725,188,363,"[(-16734.41908, 151548.22011)]"
"(-16772.01658, 151520.23581)","(-16545.99384, 151404.14121)",False,True,False,0.0,0,0,0,0,0,
"(-16772.01658, 151520.23581)","(-16955.34363, 151475.01781)",False,True,False,0.0,0,0,0,0,0,
"(-16772.01658, 151520.23581)","(-16968.94243, 151678.57986)",False,True,False,0.0,0,0,0,0,0,
"(-16192.43465, 150699.23742)","(-16216.49208, 150851.53241)",True,False,False,0.41495951415511007,3120,1113,4677,1113,2339,"[(-16206.96698, 150711.83211), (-16232.36708, 150667.38211)]"
"(-16192.43465, 150699.23742)","(-15774.06238, 150740.86021)",True,False,False,1.3153409345241653,9886,3531,14823,3531,7414,"[(-16172.13848, 150612.36021), (-16149.81688, 150648.33211), (-16183.15448, 150691.19461)]"
"(-16192.43465, 150699.23742)","(-16015.52817, 150676.42039)",True,True,False,0.0,0,0,0,0,0,
"(-15774.06238, 150740.86021)","(-15464.13998, 151201.64051)",False,False,False,0.616808474907321,2980,1162,4472,1162,2235,"[(-15617.22848, 150975.66971), (-15597.65218, 150997.21241), (-15573.45848, 151023.83641), (-15507.40648, 151084.53341), (-15643.69648, 150911.18171)]"
"(-15774.06238, 150740.86021)","(-16192.43465, 150699.23742)",True,False,False,1.3153409345241653,9886,3531,14823,3531,7414,"[(-16172.13848, 150612.36021), (-16149.81688, 150648.33211), (-16183.15448, 150691.19461)]"
"(-15774.06238, 150740.86021)","(-15945.09588, 150839.36401)",False,False,False,0.3087462165242907,1492,579,2237,579,1120,"[(-15810.57718, 150701.87591), (-15875.90788, 150707.32671), (-15934.43398, 150711.31851), (-15926.28128, 150769.85951)]"
"(-15774.06238, 150740.86021)","(-16015.52817, 150676.42039)",False,True,False,0.0,0,0,0,0,0,
"(-15774.06238, 150740.86021)","(-15736.21395, 150994.90272)",False,True,False,0.0,0,0,0,0,0,
"(-15465.71408, 151773.68361)","(-15464.13998, 151201.64051)",False,False,False,1.804230162931958,8716,3390,13074,3390,6537,"[(-15402.28138, 151162.38281)]"
"(-15465.71408, 151773.68361)","(-15674.30698, 151361.66571)",False,False,False,0.5559957449636751,2685,1045,4030,1045,2012,"[(-15709.73468, 151596.15661), (-15728.57398, 151554.84931), (-15653.74688, 151626.68791), (-15521.69868, 151723.56841), (-15483.53838, 151753.82181)]"
"(-15465.71408, 151773.68361)","(-15455.78739, 151784.74514)",True,False,22.0352,0.014862591304922046,72,28,108,28,54,
"(-15465.71408, 151773.68361)","(-15370.22923, 151382.12787)",False,True,False,0.0,0,0,0,0,0,
"(-15465.71408, 151773.68361)","(-15812.62395, 151624.26739)",False,True,False,0.0,0,0,0,0,0,
"(-17383.61297, 150949.79636)","(-17232.25668, 151137.22671)",True,False,False,0.3196601943508492,2402,857,3603,857,1802,"[(-17267.36778, 151094.95891)]"
"(-17383.61297, 150949.79636)","(-17519.21972, 150674.11927)",True,False,False,0.3352031924260062,2519,900,3779,900,1889,"[(-17439.61098, 150816.43771), (-17384.70838, 150870.12491)]"
"(-17383.61297, 150949.79636)","(-17275.94469, 150825.75028)",True,True,False,0.0,0,0,0,0,0,
"(-16979.12465, 151230.46695)","(-17072.64448, 151323.34751)",True,False,False,0.16041206544483652,775,301,1162,301,581,"[(-17047.07648, 151281.99781), (-16991.51388, 151211.88311)]"
"(-16979.12465, 151230.46695)","(-16986.48678, 151310.01251)",True,False,False,0.09770528507780304,472,183,708,183,354,"[(-16954.47208, 151267.44581)]"
"(-16979.12465, 151230.46695)","(-16898.53782, 151202.59257)",True,True,False,0.0,0,0,0,0,0,
"(-16157.77588, 151170.92531)","(-16237.45418, 150924.96511)",True,False,False,0.41178590044572533,1988,774,2984,774,1491,"[(-16179.13788, 151029.88961), (-16159.88338, 150958.43401), (-16133.34338, 151031.25381), (-16133.49928, 151126.81971)]"
"(-16157.77588, 151170.92531)","(-16273.14248, 151243.12321)",True,False,False,0.13694666358001834,662,258,992,258,496,"[(-16191.73268, 151200.62121)]"
"(-16157.77588, 151170.92531)","(-16009.00877, 151017.28191)",False,True,False,0.0,0,0,0,0,0,
"(-16157.77588, 151170.92531)","(-16339.84617, 151083.84338)",False,True,False,0.0,0,0,0,0,0,
"(-15842.48604, 151170.45481)","(-15945.09588, 150839.36401)",True,False,False,0.5523228345826318,2669,1038,4002,1038,2002,"[(-15796.43548, 151146.83901)]"
"(-15842.48604, 151170.45481)","(-15911.35608, 151149.26531)",True,False,False,0.07678177956833107,370,144,556,144,279,"[(-15854.91918, 151176.83081)]"
"(-15842.48604, 151170.45481)","(-15736.21395, 150994.90272)",True,True,False,0.0,0,0,0,0,0,
"(-15842.48604, 151170.45481)","(-16009.00877, 151017.28191)",True,True,False,0.0,0,0,0,0,0,
"(-15911.35608, 151149.26531)","(-15761.71028, 151228.89011)",True,False,False,0.22285568309719023,1077,419,1615,419,808,"[(-15837.67368, 151263.83111)]"
"(-15911.35608, 151149.26531)","(-16171.16938, 151270.27541)",True,False,False,0.43078146102894527,2082,808,3120,808,1561,"[(-16118.44488, 151250.01651)]"
"(-15911.35608, 151149.26531)","(-15842.48604, 151170.45481)",True,False,False,0.07678177956833107,370,144,556,144,279,"[(-15854.91918, 151176.83081)]"
"(-15911.35608, 151149.26531)","(-15736.21395, 150994.90272)",False,True,False,0.0,0,0,0,0,0,
"(-15911.35608, 151149.26531)","(-16009.00877, 151017.28191)",False,True,False,0.0,0,0,0,0,0,
"(-15911.35608, 151149.26531)","(-16143.39693, 151461.55789)",False,True,False,0.0,0,0,0,0,0,
"(-15455.78739, 151784.74514)","(-15465.71408, 151773.68361)",True,False,22.0352,0.014862591304922046,72,28,108,28,54,
"(-15455.78739, 151784.74514)","(-15455.21777, 151785.37988)",True,False,22.0352,0.0008528550943590717,4,2,6,2,3,
"(-15455.78739, 151784.74514)","(-15812.62395, 151624.26739)",True,True,False,0.0,0,0,0,0,0,
"(-16822.07961, 151016.58295)","(-16808.55408, 151009.05311)",True,False,28.5283,0.015480260082004944,116,42,174,42,87,
"(-16822.07961, 151016.58295)","(-16841.9925, 151027.66871)",True,False,28.5283,0.02279072756472247,171,61,257,61,128,
"(-16822.07961, 151016.58295)","(-16704.05166, 151068.87056)",True,True,False,0.0,0,0,0,0,0,
"(-16040.41012, 151497.36196)","(-16129.48928, 151638.06691)",True,False,False,0.184918171457723,894,347,1341,347,670,"[(-16140.00328, 151635.98581), (-16093.78648, 151567.85511)]"
"(-16040.41012, 151497.36196)","(-15797.78118, 151482.06744)",True,False,False,0.7133740846492936,3446,1340,5168,1340,2583,"[(-15981.95008, 151483.01581), (-15998.38988, 151431.66511), (-16097.19288, 151365.41331)]"
"(-16040.41012, 151497.36196)","(-16143.39693, 151461.55789)",True,True,False,0.0,0,0,0,0,0,
"(-16040.41012, 151497.36196)","(-15812.62395, 151624.26739)",True,True,False,0.0,0,0,0,0,0,
"(-17407.42439, 150560.91405)","(-17019.10697, 150687.28607)",True,False,False,0.5016280618800678,3769,1346,5653,1346,2827,"[(-17358.68418, 150570.70791), (-17308.24838, 150674.05451)]"
"(-17407.42439, 150560.91405)","(-17519.21972, 150674.11927)",True,False,False,0.2776695372035855,2087,745,3130,745,1566,"[(-17417.47138, 150558.89521)]"
"(-17407.42439, 150560.91405)","(-17275.94469, 150825.75028)",True,True,False,0.0,0,0,0,0,0,
"(-17519.21972, 150674.11927)","(-17407.42439, 150560.91405)",True,False,False,0.2776695372035855,2087,745,3130,745,1566,"[(-17417.47138, 150558.89521)]"
"(-17519.21972, 150674.11927)","(-17383.61297, 150949.79636)",True,False,False,0.3352031924260062,2519,900,3779,900,1889,"[(-17439.61098, 150816.43771), (-17384.70838, 150870.12491)]"
"(-17519.21972, 150674.11927)","(-17275.94469, 150825.75028)",True,True,False,0.0,0,0,0,0,0,
"(-15797.78118, 151482.06744)","(-16040.41012, 151497.36196)",True,False,False,0.7133740846492936,3446,1340,5168,1340,2583,"[(-15981.95008, 151483.01581), (-15998.38988, 151431.66511), (-16097.19288, 151365.41331)]"
"(-15797.78118, 151482.06744)","(-15798.28916, 151460.01916)",True,False,False,0.026509584641809716,128,50,192,50,96,"[(-15790.89598, 151468.19751)]"
"(-15797.78118, 151482.06744)","(-16143.39693, 151461.55789)",True,True,False,0.0,0,0,0,0,0,
"(-15797.78118, 151482.06744)","(-15812.62395, 151624.26739)",True,True,False,0.0,0,0,0,0,0,
"(-15885.00695, 151719.33973)","(-15942.246, 151741.54959)",True,False,False,0.06559025024016536,316,124,475,124,238,"[(-15922.49668, 151721.66051)]"
"(-15885.00695, 151719.33973)","(-15778.34735, 151763.24154)",True,False,False,0.11651759694833753,563,219,844,219,423,"[(-15874.65038, 151718.69861)]"
"(-15885.00695, 151719.33973)","(-15812.62395, 151624.26739)",True,True,False,0.0,0,0,0,0,0,
"(-15885.00695, 151719.33973)","(-15752.12872, 151924.19552)",True,True,False,0.0,0,0,0,0,0,
"(-15778.34735, 151763.24154)","(-15885.00695, 151719.33973)",True,False,False,0.11651759694833753,563,219,844,219,423,"[(-15874.65038, 151718.69861)]"
"(-15778.34735, 151763.24154)","(-15734.34537, 151780.59302)",True,False,22.0352,0.04729955710269706,228,89,343,89,171,
"(-15778.34735, 151763.24154)","(-15812.62395, 151624.26739)",True,True,False,0.0,0,0,0,0,0,
"(-15778.34735, 151763.24154)","(-15752.12872, 151924.19552)",True,True,False,0.0,0,0,0,0,0,
"(-15734.34537, 151780.59302)","(-15778.34735, 151763.24154)",True,False,22.0352,0.04729955710269706,228,89,343,89,171,
"(-15734.34537, 151780.59302)","(-15697.22236, 151795.71972)",True,False,False,0.040087755755310726,193,75,291,75,145,"[(-15722.72478, 151785.17541)]"
"(-15734.34537, 151780.59302)","(-15812.62395, 151624.26739)",True,True,False,0.0,0,0,0,0,0,
"(-15734.34537, 151780.59302)","(-15752.12872, 151924.19552)",True,True,False,0.0,0,0,0,0,0,
