harvest_schedule,component,objective_value,best_bound,mip_rel_gap,total_vars,nonzero_vars,runtime_sec,constructed_timber_total,constructed_wide_total,maintained_timber_total,maintained_wide_total,upgraded_total,flow_timber_total,flow_wide_total,constructed_timber_t1,constructed_timber_t2,constructed_timber_t3,constructed_timber_t4,constructed_timber_t5,constructed_wide_t1,constructed_wide_t2,constructed_wide_t3,constructed_wide_t4,constructed_wide_t5,existing_timber_t1,existing_timber_t2,existing_timber_t3,existing_timber_t4,existing_timber_t5,existing_wide_t1,existing_wide_t2,existing_wide_t3,existing_wide_t4,existing_wide_t5,flow_timber_t1,flow_timber_t2,flow_timber_t3,flow_timber_t4,flow_timber_t5,flow_wide_t1,flow_wide_t2,flow_wide_t3,flow_wide_t4,flow_wide_t5,maintained_timber_t1,maintained_timber_t2,maintained_timber_t3,maintained_timber_t4,maintained_timber_t5,maintained_wide_t1,maintained_wide_t2,maintained_wide_t3,maintained_wide_t4,maintained_wide_t5,upgraded_t1,upgraded_t2,upgraded_t3,upgraded_t4,upgraded_t5
stake,comp_1,1552.36,1552.36,0.0,4900,83,0.13,19,2,28,10,7,17,0,14,0,4,0,1,2,0,0,0,0,14,24,37,45,54,2,4,7,10,19,4,2,4,3,4,0,0,0,0,0,0,10,8,8,2,0,2,2,3,3,0,0,1,0,6
stake,comp_10,19597.69,19595.85,0.0001,14350,400,437.48,44,20,88,101,24,101,22,38,3,1,1,1,15,3,1,0,1,38,77,110,137,156,15,40,70,106,145,19,20,20,22,20,9,3,3,3,4,0,29,27,20,12,0,15,24,30,32,0,7,5,6,6
stake,comp_14_15_48_merged,58344.65,51614.33,0.1154,50950,1786,3600.28,244,43,617,293,123,424,42,226,1,7,10,0,41,0,0,2,0,226,450,659,852,984,41,96,173,304,459,84,82,90,87,81,7,11,10,7,7,0,210,178,130,99,0,42,53,76,122,0,13,24,53,33
stake,comp_16,16309.13,16307.52,0.0001,14150,399,309.68,74,5,178,21,21,100,0,62,0,7,5,0,1,0,4,0,0,62,113,165,221,273,1,3,10,21,47,20,16,19,23,22,0,0,0,0,0,0,50,44,47,37,0,1,2,7,11,0,1,1,4,15
stake,comp_18,2279.64,2279.64,0.0,1600,85,0.22,18,0,30,4,8,25,0,14,0,3,1,0,0,0,0,0,0,14,25,38,49,56,0,0,0,4,12,5,5,5,5,5,0,0,0,0,0,0,11,10,6,3,0,0,0,0,4,0,0,0,4,4
stake,comp_19_41_merged,7630.53,7630.53,0.0,4350,100,2.35,8,6,13,30,5,30,8,7,0,0,0,1,6,0,0,0,0,7,14,20,23,26,6,13,23,32,41,6,6,6,6,6,3,0,2,3,0,0,6,3,2,2,0,6,7,8,9,0,1,3,1,0
stake,comp_20_25_28_33_merged,25401.89,25401.89,0.0,57650,1327,3551.94,229,19,491,179,138,268,3,184,14,26,4,1,15,1,2,1,0,184,368,568,736,858,15,38,88,184,336,45,49,58,59,57,3,0,0,0,0,0,163,149,118,61,0,15,23,49,92,0,7,25,46,60
stake,comp_21_40_merged,3793.0,3793.0,0.0,12200,219,1.93,43,1,99,11,12,53,0,36,0,7,0,0,0,0,1,0,0,36,64,98,128,154,0,1,4,11,24,11,9,11,11,11,0,0,0,0,0,0,27,26,26,20,0,0,1,3,7,0,1,1,4,6
stake,comp_22,7907.66,7907.66,0.0,13850,230,0.65,29,6,78,36,16,62,3,23,6,0,0,0,6,0,0,0,0,23,52,81,108,123,6,12,20,38,58,10,13,13,13,13,3,0,0,0,0,0,23,27,15,13,0,6,6,6,18,0,0,2,12,2
stake,comp_23,12603.24,12603.24,0.0,15000,504,17.39,80,7,191,61,26,139,0,72,0,4,4,0,4,0,0,3,0,72,140,200,255,297,4,13,29,61,94,27,28,25,32,27,0,0,0,0,0,0,63,49,38,41,0,4,9,16,32,0,5,7,13,1
stake,comp_24,9205.82,9205.82,0.0,7050,233,16.17,42,3,92,22,6,68,0,40,1,0,1,0,3,0,0,0,0,40,81,119,131,140,3,8,14,22,31,12,14,14,14,14,0,0,0,0,0,0,38,37,9,8,0,3,5,6,8,0,2,1,2,1
stake,comp_26,825.46,825.46,0.0,6750,40,0.08,9,1,11,5,4,10,0,1,4,1,0,3,0,0,1,0,0,1,6,12,18,24,0,0,1,5,10,0,2,2,2,4,0,0,0,0,0,0,1,5,3,2,0,0,0,1,4,0,0,0,3,1
stake,comp_27,2559.09,2559.09,0.0,5300,94,0.33,20,4,16,19,9,26,0,7,3,9,0,1,1,0,2,1,0,7,15,29,39,45,1,4,11,21,32,2,2,8,8,6,0,0,0,0,0,0,3,3,8,2,0,1,3,7,8,0,2,2,2,3
stake,comp_29,2992.92,2992.92,0.0,1850,68,0.5,13,0,22,6,6,21,0,10,0,3,0,0,0,0,0,0,0,10,17,27,35,41,0,0,2,6,12,4,4,4,4,5,0,0,0,0,0,0,7,5,6,4,0,0,0,2,4,0,0,2,2,2
stake,comp_2_44_merged,30893.67,29495.64,0.0453,88000,2427,600.2,406,107,764,497,235,325,93,345,5,35,20,1,79,1,10,9,8,345,658,954,1231,1405,79,177,321,547,839,73,54,57,70,71,20,17,17,21,18,0,287,223,158,96,0,76,96,118,207,0,21,38,99,77
stake,comp_30,574.36,574.36,0.0,5500,68,0.08,16,0,20,6,6,20,0,12,0,4,0,0,0,0,0,0,0,12,20,32,39,42,0,0,1,6,12,4,4,4,4,4,0,0,0,0,0,0,8,7,3,2,0,0,0,1,5,0,0,1,4,1
stake,comp_31_34_merged,11223.58,11223.58,0.0,23750,493,37.15,79,5,189,72,46,100,2,76,0,1,2,0,4,0,0,1,0,76,150,216,273,314,4,15,37,76,123,21,19,18,21,21,0,2,0,0,0,0,67,54,39,29,0,4,11,22,35,0,7,11,16,12
stake,comp_32,2791.43,2791.43,0.0,13500,142,1.53,28,3,61,9,6,35,0,22,0,5,1,0,1,0,1,1,0,22,38,57,76,95,1,2,5,9,18,8,4,7,8,8,0,0,0,0,0,0,16,13,18,14,0,1,1,3,4,0,0,1,0,5
stake,comp_35,2004.42,2004.42,0.0,2650,35,0.09,5,0,14,3,3,10,0,5,0,0,0,0,0,0,0,0,0,5,10,15,19,22,0,0,1,3,6,2,2,2,2,2,0,0,0,0,0,0,5,4,3,2,0,0,0,1,2,0,0,1,1,1
stake,comp_36_50_merged,1249.18,1249.18,0.0,9650,101,0.28,15,3,50,5,5,20,3,15,0,0,0,0,0,0,0,0,3,15,30,44,57,70,0,1,3,5,13,4,4,4,4,4,0,0,0,0,3,0,14,13,13,10,0,0,1,2,2,0,1,1,0,3
stake,comp_37,1915.43,1915.43,0.0,13050,325,0.23,68,4,158,33,21,41,0,55,4,5,1,3,1,0,1,1,1,55,108,162,209,247,1,4,12,33,58,8,8,8,8,9,0,0,0,0,0,0,47,45,34,32,0,1,3,8,21,0,2,4,12,3
stake,comp_38,4578.54,4578.54,0.0,9450,91,0.68,25,1,24,6,5,30,0,16,0,7,1,1,0,0,1,0,0,16,24,37,46,54,0,1,3,6,12,6,5,7,6,6,0,0,0,0,0,0,7,6,7,4,0,0,1,2,3,0,1,0,1,3
stake,comp_3_43_merged,3295.19,3295.19,0.0,8850,149,0.15,34,5,65,11,8,26,0,26,0,2,6,0,1,0,1,3,0,26,49,65,86,107,1,2,5,11,24,6,5,3,6,6,0,0,0,0,0,0,23,13,15,14,0,1,1,3,6,0,0,1,0,7
stake,comp_42,461.85,461.85,0.0,7050,90,0.08,35,1,19,10,5,20,0,22,0,12,0,1,0,0,0,1,0,22,32,50,55,59,0,2,5,11,16,4,4,4,4,4,0,0,0,0,0,0,8,5,3,3,0,0,2,3,5,0,2,1,2,0
stake,comp_45,554.9,554.9,0.0,14400,43,0.15,11,0,11,4,5,12,0,7,0,4,0,0,0,0,0,0,0,7,10,17,24,27,0,0,0,4,9,3,0,3,3,3,0,0,0,0,0,0,3,3,3,2,0,0,0,0,4,0,0,0,4,1
stake,comp_46,321.02,321.02,0.0,4200,26,0.06,3,1,7,6,1,8,0,1,2,0,0,0,1,0,0,0,0,1,4,7,9,11,1,2,4,6,8,0,2,2,2,2,0,0,0,0,0,0,1,2,2,2,0,1,1,2,2,0,0,1,0,0
stake,comp_47,2472.65,2472.65,0.0,700,26,0.03,4,0,11,0,1,10,0,4,0,0,0,0,0,0,0,0,0,4,8,12,14,16,0,0,0,0,1,2,2,2,2,2,0,0,0,0,0,0,4,4,2,1,0,0,0,0,0,0,0,0,0,1
stake,comp_49,12945.81,12945.81,0.0,11800,162,2.26,13,12,19,52,11,35,20,12,1,0,0,0,7,1,2,0,2,12,25,37,41,43,7,16,35,54,75,7,7,7,7,7,2,2,8,4,4,0,11,4,2,2,0,7,9,17,19,0,1,8,2,0
stake,comp_4_11_12_13_51_merged,13399.08,13399.08,0.0,43800,1429,4.73,248,26,565,211,149,228,2,226,0,15,7,0,21,0,3,2,0,226,436,645,829,962,21,46,105,217,386,49,41,40,49,49,2,0,0,0,0,0,200,163,126,76,0,15,25,59,112,0,10,31,51,57
stake,comp_5_39_merged,136947.79,82861.77,0.3949,72250,3031,3600.63,515,64,1009,455,284,677,27,408,18,72,16,1,45,8,6,5,0,408,776,1177,1551,1808,45,117,233,468,803,133,109,137,149,149,16,11,0,0,0,0,324,287,243,155,0,38,68,115,234,0,26,42,115,101
stake,comp_6,4586.76,4586.76,0.0,8150,167,3.3,16,11,24,42,11,45,18,14,0,1,1,0,10,0,1,0,0,14,28,36,44,51,10,24,37,49,64,9,9,9,9,9,4,8,2,2,2,0,8,7,6,3,0,8,12,11,11,0,6,0,1,4
stake,comp_7,0.0,0.0,0.0,9800,37,0.05,10,2,9,7,5,4,0,2,1,2,1,4,0,1,1,0,0,2,5,10,16,24,0,1,3,7,14,0,0,1,1,2,0,0,0,0,0,0,2,3,3,1,0,0,1,2,4,0,0,0,2,3
stake,comp_8,478.17,478.17,0.0,4700,109,0.06,19,1,36,21,12,20,0,18,0,1,0,0,1,0,0,0,0,18,35,50,60,67,1,4,11,21,34,4,4,4,4,4,0,0,0,0,0,0,15,10,7,4,0,1,3,7,10,0,2,4,3,3
stake,comp_9,3114.39,3114.39,0.0,34550,527,0.48,117,11,203,73,62,61,0,96,0,7,14,0,3,0,1,7,0,96,184,256,329,382,3,8,27,73,146,14,11,8,14,14,0,0,0,0,0,0,86,52,39,26,0,3,5,19,46,0,2,13,20,27
