variable,lb,ub,type,edge,period,road_type
flow_timber_node1node5_t1,0.0,9.0,I,node1node5,1,timber
flow_timber_node1node5_t2,0.0,9.0,I,node1node5,2,timber
flow_timber_node1node5_t3,0.0,9.0,I,node1node5,3,timber
flow_timber_node1node5_t4,0.0,9.0,I,node1node5,4,timber
flow_timber_node1node5_t5,0.0,9.0,I,node1node5,5,timber
flow_wide_node1node5_t1,0.0,9.0,I,node1node5,1,wide
flow_wide_node1node5_t2,0.0,9.0,I,node1node5,2,wide
flow_wide_node1node5_t3,0.0,9.0,I,node1node5,3,wide
flow_wide_node1node5_t4,0.0,9.0,I,node1node5,4,wide
flow_wide_node1node5_t5,0.0,9.0,I,node1node5,5,wide
flow_timber_node1node8_t1,0.0,9.0,I,node1node8,1,timber
flow_timber_node1node8_t2,0.0,9.0,I,node1node8,2,timber
flow_timber_node1node8_t3,0.0,9.0,I,node1node8,3,timber
flow_timber_node1node8_t4,0.0,9.0,I,node1node8,4,timber
flow_timber_node1node8_t5,0.0,9.0,I,node1node8,5,timber
flow_wide_node1node8_t1,0.0,9.0,I,node1node8,1,wide
flow_wide_node1node8_t2,0.0,9.0,I,node1node8,2,wide
flow_wide_node1node8_t3,0.0,9.0,I,node1node8,3,wide
flow_wide_node1node8_t4,0.0,9.0,I,node1node8,4,wide
flow_wide_node1node8_t5,0.0,9.0,I,node1node8,5,wide
flow_timber_node1node4_t1,0.0,9.0,I,node1node4,1,timber
flow_timber_node1node4_t2,0.0,9.0,I,node1node4,2,timber
flow_timber_node1node4_t3,0.0,9.0,I,node1node4,3,timber
flow_timber_node1node4_t4,0.0,9.0,I,node1node4,4,timber
flow_timber_node1node4_t5,0.0,9.0,I,node1node4,5,timber
flow_wide_node1node4_t1,0.0,9.0,I,node1node4,1,wide
flow_wide_node1node4_t2,0.0,9.0,I,node1node4,2,wide
flow_wide_node1node4_t3,0.0,9.0,I,node1node4,3,wide
flow_wide_node1node4_t4,0.0,9.0,I,node1node4,4,wide
flow_wide_node1node4_t5,0.0,9.0,I,node1node4,5,wide
flow_timber_node1node42_t1,0.0,9.0,I,node1node42,1,timber
flow_timber_node1node42_t2,0.0,9.0,I,node1node42,2,timber
flow_timber_node1node42_t3,0.0,9.0,I,node1node42,3,timber
flow_timber_node1node42_t4,0.0,9.0,I,node1node42,4,timber
flow_timber_node1node42_t5,0.0,9.0,I,node1node42,5,timber
flow_wide_node1node42_t1,0.0,9.0,I,node1node42,1,wide
flow_wide_node1node42_t2,0.0,9.0,I,node1node42,2,wide
flow_wide_node1node42_t3,0.0,9.0,I,node1node42,3,wide
flow_wide_node1node42_t4,0.0,9.0,I,node1node42,4,wide
flow_wide_node1node42_t5,0.0,9.0,I,node1node42,5,wide
flow_timber_node1node43_t1,0.0,9.0,I,node1node43,1,timber
flow_timber_node1node43_t2,0.0,9.0,I,node1node43,2,timber
flow_timber_node1node43_t3,0.0,9.0,I,node1node43,3,timber
flow_timber_node1node43_t4,0.0,9.0,I,node1node43,4,timber
flow_timber_node1node43_t5,0.0,9.0,I,node1node43,5,timber
flow_wide_node1node43_t1,0.0,9.0,I,node1node43,1,wide
flow_wide_node1node43_t2,0.0,9.0,I,node1node43,2,wide
flow_wide_node1node43_t3,0.0,9.0,I,node1node43,3,wide
flow_wide_node1node43_t4,0.0,9.0,I,node1node43,4,wide
flow_wide_node1node43_t5,0.0,9.0,I,node1node43,5,wide
flow_timber_node5node1_t1,0.0,9.0,I,node5node1,1,timber
flow_timber_node5node1_t2,0.0,9.0,I,node5node1,2,timber
flow_timber_node5node1_t3,0.0,9.0,I,node5node1,3,timber
flow_timber_node5node1_t4,0.0,9.0,I,node5node1,4,timber
flow_timber_node5node1_t5,0.0,9.0,I,node5node1,5,timber
flow_wide_node5node1_t1,0.0,9.0,I,node5node1,1,wide
flow_wide_node5node1_t2,0.0,9.0,I,node5node1,2,wide
flow_wide_node5node1_t3,0.0,9.0,I,node5node1,3,wide
flow_wide_node5node1_t4,0.0,9.0,I,node5node1,4,wide
flow_wide_node5node1_t5,0.0,9.0,I,node5node1,5,wide
flow_timber_node5node27_t1,0.0,9.0,I,node5node27,1,timber
flow_timber_node5node27_t2,0.0,9.0,I,node5node27,2,timber
flow_timber_node5node27_t3,0.0,9.0,I,node5node27,3,timber
flow_timber_node5node27_t4,0.0,9.0,I,node5node27,4,timber
flow_timber_node5node27_t5,0.0,9.0,I,node5node27,5,timber
flow_wide_node5node27_t1,0.0,9.0,I,node5node27,1,wide
flow_wide_node5node27_t2,0.0,9.0,I,node5node27,2,wide
flow_wide_node5node27_t3,0.0,9.0,I,node5node27,3,wide
flow_wide_node5node27_t4,0.0,9.0,I,node5node27,4,wide
flow_wide_node5node27_t5,0.0,9.0,I,node5node27,5,wide
flow_timber_node5node22_t1,0.0,9.0,I,node5node22,1,timber
flow_timber_node5node22_t2,0.0,9.0,I,node5node22,2,timber
flow_timber_node5node22_t3,0.0,9.0,I,node5node22,3,timber
flow_timber_node5node22_t4,0.0,9.0,I,node5node22,4,timber
flow_timber_node5node22_t5,0.0,9.0,I,node5node22,5,timber
flow_wide_node5node22_t1,0.0,9.0,I,node5node22,1,wide
flow_wide_node5node22_t2,0.0,9.0,I,node5node22,2,wide
flow_wide_node5node22_t3,0.0,9.0,I,node5node22,3,wide
flow_wide_node5node22_t4,0.0,9.0,I,node5node22,4,wide
flow_wide_node5node22_t5,0.0,9.0,I,node5node22,5,wide
flow_timber_node5node42_t1,0.0,9.0,I,node5node42,1,timber
flow_timber_node5node42_t2,0.0,9.0,I,node5node42,2,timber
flow_timber_node5node42_t3,0.0,9.0,I,node5node42,3,timber
flow_timber_node5node42_t4,0.0,9.0,I,node5node42,4,timber
flow_timber_node5node42_t5,0.0,9.0,I,node5node42,5,timber
flow_wide_node5node42_t1,0.0,9.0,I,node5node42,1,wide
flow_wide_node5node42_t2,0.0,9.0,I,node5node42,2,wide
flow_wide_node5node42_t3,0.0,9.0,I,node5node42,3,wide
flow_wide_node5node42_t4,0.0,9.0,I,node5node42,4,wide
flow_wide_node5node42_t5,0.0,9.0,I,node5node42,5,wide
flow_timber_node8node1_t1,0.0,9.0,I,node8node1,1,timber
flow_timber_node8node1_t2,0.0,9.0,I,node8node1,2,timber
flow_timber_node8node1_t3,0.0,9.0,I,node8node1,3,timber
flow_timber_node8node1_t4,0.0,9.0,I,node8node1,4,timber
flow_timber_node8node1_t5,0.0,9.0,I,node8node1,5,timber
flow_wide_node8node1_t1,0.0,9.0,I,node8node1,1,wide
flow_wide_node8node1_t2,0.0,9.0,I,node8node1,2,wide
flow_wide_node8node1_t3,0.0,9.0,I,node8node1,3,wide
flow_wide_node8node1_t4,0.0,9.0,I,node8node1,4,wide
flow_wide_node8node1_t5,0.0,9.0,I,node8node1,5,wide
flow_timber_node8node14_t1,0.0,9.0,I,node8node14,1,timber
flow_timber_node8node14_t2,0.0,9.0,I,node8node14,2,timber
flow_timber_node8node14_t3,0.0,9.0,I,node8node14,3,timber
flow_timber_node8node14_t4,0.0,9.0,I,node8node14,4,timber
flow_timber_node8node14_t5,0.0,9.0,I,node8node14,5,timber
flow_wide_node8node14_t1,0.0,9.0,I,node8node14,1,wide
flow_wide_node8node14_t2,0.0,9.0,I,node8node14,2,wide
flow_wide_node8node14_t3,0.0,9.0,I,node8node14,3,wide
flow_wide_node8node14_t4,0.0,9.0,I,node8node14,4,wide
flow_wide_node8node14_t5,0.0,9.0,I,node8node14,5,wide
flow_timber_node8node20_t1,0.0,9.0,I,node8node20,1,timber
flow_timber_node8node20_t2,0.0,9.0,I,node8node20,2,timber
flow_timber_node8node20_t3,0.0,9.0,I,node8node20,3,timber
flow_timber_node8node20_t4,0.0,9.0,I,node8node20,4,timber
flow_timber_node8node20_t5,0.0,9.0,I,node8node20,5,timber
flow_wide_node8node20_t1,0.0,9.0,I,node8node20,1,wide
flow_wide_node8node20_t2,0.0,9.0,I,node8node20,2,wide
flow_wide_node8node20_t3,0.0,9.0,I,node8node20,3,wide
flow_wide_node8node20_t4,0.0,9.0,I,node8node20,4,wide
flow_wide_node8node20_t5,0.0,9.0,I,node8node20,5,wide
flow_timber_node8node43_t1,0.0,9.0,I,node8node43,1,timber
flow_timber_node8node43_t2,0.0,9.0,I,node8node43,2,timber
flow_timber_node8node43_t3,0.0,9.0,I,node8node43,3,timber
flow_timber_node8node43_t4,0.0,9.0,I,node8node43,4,timber
flow_timber_node8node43_t5,0.0,9.0,I,node8node43,5,timber
flow_wide_node8node43_t1,0.0,9.0,I,node8node43,1,wide
flow_wide_node8node43_t2,0.0,9.0,I,node8node43,2,wide
flow_wide_node8node43_t3,0.0,9.0,I,node8node43,3,wide
flow_wide_node8node43_t4,0.0,9.0,I,node8node43,4,wide
flow_wide_node8node43_t5,0.0,9.0,I,node8node43,5,wide
flow_timber_node4node1_t1,0.0,9.0,I,node4node1,1,timber
flow_timber_node4node1_t2,0.0,9.0,I,node4node1,2,timber
flow_timber_node4node1_t3,0.0,9.0,I,node4node1,3,timber
flow_timber_node4node1_t4,0.0,9.0,I,node4node1,4,timber
flow_timber_node4node1_t5,0.0,9.0,I,node4node1,5,timber
flow_wide_node4node1_t1,0.0,9.0,I,node4node1,1,wide
flow_wide_node4node1_t2,0.0,9.0,I,node4node1,2,wide
flow_wide_node4node1_t3,0.0,9.0,I,node4node1,3,wide
flow_wide_node4node1_t4,0.0,9.0,I,node4node1,4,wide
flow_wide_node4node1_t5,0.0,9.0,I,node4node1,5,wide
flow_timber_node4node7_t1,0.0,9.0,I,node4node7,1,timber
flow_timber_node4node7_t2,0.0,9.0,I,node4node7,2,timber
flow_timber_node4node7_t3,0.0,9.0,I,node4node7,3,timber
flow_timber_node4node7_t4,0.0,9.0,I,node4node7,4,timber
flow_timber_node4node7_t5,0.0,9.0,I,node4node7,5,timber
flow_wide_node4node7_t1,0.0,9.0,I,node4node7,1,wide
flow_wide_node4node7_t2,0.0,9.0,I,node4node7,2,wide
flow_wide_node4node7_t3,0.0,9.0,I,node4node7,3,wide
flow_wide_node4node7_t4,0.0,9.0,I,node4node7,4,wide
flow_wide_node4node7_t5,0.0,9.0,I,node4node7,5,wide
flow_timber_node4node13_t1,0.0,9.0,I,node4node13,1,timber
flow_timber_node4node13_t2,0.0,9.0,I,node4node13,2,timber
flow_timber_node4node13_t3,0.0,9.0,I,node4node13,3,timber
flow_timber_node4node13_t4,0.0,9.0,I,node4node13,4,timber
flow_timber_node4node13_t5,0.0,9.0,I,node4node13,5,timber
flow_wide_node4node13_t1,0.0,9.0,I,node4node13,1,wide
flow_wide_node4node13_t2,0.0,9.0,I,node4node13,2,wide
flow_wide_node4node13_t3,0.0,9.0,I,node4node13,3,wide
flow_wide_node4node13_t4,0.0,9.0,I,node4node13,4,wide
flow_wide_node4node13_t5,0.0,9.0,I,node4node13,5,wide
flow_timber_node4node42_t1,0.0,9.0,I,node4node42,1,timber
flow_timber_node4node42_t2,0.0,9.0,I,node4node42,2,timber
flow_timber_node4node42_t3,0.0,9.0,I,node4node42,3,timber
flow_timber_node4node42_t4,0.0,9.0,I,node4node42,4,timber
flow_timber_node4node42_t5,0.0,9.0,I,node4node42,5,timber
flow_wide_node4node42_t1,0.0,9.0,I,node4node42,1,wide
flow_wide_node4node42_t2,0.0,9.0,I,node4node42,2,wide
flow_wide_node4node42_t3,0.0,9.0,I,node4node42,3,wide
flow_wide_node4node42_t4,0.0,9.0,I,node4node42,4,wide
flow_wide_node4node42_t5,0.0,9.0,I,node4node42,5,wide
flow_timber_node4node43_t1,0.0,9.0,I,node4node43,1,timber
flow_timber_node4node43_t2,0.0,9.0,I,node4node43,2,timber
flow_timber_node4node43_t3,0.0,9.0,I,node4node43,3,timber
flow_timber_node4node43_t4,0.0,9.0,I,node4node43,4,timber
flow_timber_node4node43_t5,0.0,9.0,I,node4node43,5,timber
flow_wide_node4node43_t1,0.0,9.0,I,node4node43,1,wide
flow_wide_node4node43_t2,0.0,9.0,I,node4node43,2,wide
flow_wide_node4node43_t3,0.0,9.0,I,node4node43,3,wide
flow_wide_node4node43_t4,0.0,9.0,I,node4node43,4,wide
flow_wide_node4node43_t5,0.0,9.0,I,node4node43,5,wide
flow_timber_node42node1_t1,0.0,9.0,I,node42node1,1,timber
flow_timber_node42node1_t2,0.0,9.0,I,node42node1,2,timber
flow_timber_node42node1_t3,0.0,9.0,I,node42node1,3,timber
flow_timber_node42node1_t4,0.0,9.0,I,node42node1,4,timber
flow_timber_node42node1_t5,0.0,9.0,I,node42node1,5,timber
flow_wide_node42node1_t1,0.0,9.0,I,node42node1,1,wide
flow_wide_node42node1_t2,0.0,9.0,I,node42node1,2,wide
flow_wide_node42node1_t3,0.0,9.0,I,node42node1,3,wide
flow_wide_node42node1_t4,0.0,9.0,I,node42node1,4,wide
flow_wide_node42node1_t5,0.0,9.0,I,node42node1,5,wide
flow_timber_node42node4_t1,0.0,9.0,I,node42node4,1,timber
flow_timber_node42node4_t2,0.0,9.0,I,node42node4,2,timber
flow_timber_node42node4_t3,0.0,9.0,I,node42node4,3,timber
flow_timber_node42node4_t4,0.0,9.0,I,node42node4,4,timber
flow_timber_node42node4_t5,0.0,9.0,I,node42node4,5,timber
flow_wide_node42node4_t1,0.0,9.0,I,node42node4,1,wide
flow_wide_node42node4_t2,0.0,9.0,I,node42node4,2,wide
flow_wide_node42node4_t3,0.0,9.0,I,node42node4,3,wide
flow_wide_node42node4_t4,0.0,9.0,I,node42node4,4,wide
flow_wide_node42node4_t5,0.0,9.0,I,node42node4,5,wide
flow_timber_node42node5_t1,0.0,9.0,I,node42node5,1,timber
flow_timber_node42node5_t2,0.0,9.0,I,node42node5,2,timber
flow_timber_node42node5_t3,0.0,9.0,I,node42node5,3,timber
flow_timber_node42node5_t4,0.0,9.0,I,node42node5,4,timber
flow_timber_node42node5_t5,0.0,9.0,I,node42node5,5,timber
flow_wide_node42node5_t1,0.0,9.0,I,node42node5,1,wide
flow_wide_node42node5_t2,0.0,9.0,I,node42node5,2,wide
flow_wide_node42node5_t3,0.0,9.0,I,node42node5,3,wide
flow_wide_node42node5_t4,0.0,9.0,I,node42node5,4,wide
flow_wide_node42node5_t5,0.0,9.0,I,node42node5,5,wide
flow_timber_node42node7_t1,0.0,9.0,I,node42node7,1,timber
flow_timber_node42node7_t2,0.0,9.0,I,node42node7,2,timber
flow_timber_node42node7_t3,0.0,9.0,I,node42node7,3,timber
flow_timber_node42node7_t4,0.0,9.0,I,node42node7,4,timber
flow_timber_node42node7_t5,0.0,9.0,I,node42node7,5,timber
flow_wide_node42node7_t1,0.0,9.0,I,node42node7,1,wide
flow_wide_node42node7_t2,0.0,9.0,I,node42node7,2,wide
flow_wide_node42node7_t3,0.0,9.0,I,node42node7,3,wide
flow_wide_node42node7_t4,0.0,9.0,I,node42node7,4,wide
flow_wide_node42node7_t5,0.0,9.0,I,node42node7,5,wide
flow_timber_node42node27_t1,0.0,9.0,I,node42node27,1,timber
flow_timber_node42node27_t2,0.0,9.0,I,node42node27,2,timber
flow_timber_node42node27_t3,0.0,9.0,I,node42node27,3,timber
flow_timber_node42node27_t4,0.0,9.0,I,node42node27,4,timber
flow_timber_node42node27_t5,0.0,9.0,I,node42node27,5,timber
flow_wide_node42node27_t1,0.0,9.0,I,node42node27,1,wide
flow_wide_node42node27_t2,0.0,9.0,I,node42node27,2,wide
flow_wide_node42node27_t3,0.0,9.0,I,node42node27,3,wide
flow_wide_node42node27_t4,0.0,9.0,I,node42node27,4,wide
flow_wide_node42node27_t5,0.0,9.0,I,node42node27,5,wide
flow_timber_node43node1_t1,0.0,9.0,I,node43node1,1,timber
flow_timber_node43node1_t2,0.0,9.0,I,node43node1,2,timber
flow_timber_node43node1_t3,0.0,9.0,I,node43node1,3,timber
flow_timber_node43node1_t4,0.0,9.0,I,node43node1,4,timber
flow_timber_node43node1_t5,0.0,9.0,I,node43node1,5,timber
flow_wide_node43node1_t1,0.0,9.0,I,node43node1,1,wide
flow_wide_node43node1_t2,0.0,9.0,I,node43node1,2,wide
flow_wide_node43node1_t3,0.0,9.0,I,node43node1,3,wide
flow_wide_node43node1_t4,0.0,9.0,I,node43node1,4,wide
flow_wide_node43node1_t5,0.0,9.0,I,node43node1,5,wide
flow_timber_node43node4_t1,0.0,9.0,I,node43node4,1,timber
flow_timber_node43node4_t2,0.0,9.0,I,node43node4,2,timber
flow_timber_node43node4_t3,0.0,9.0,I,node43node4,3,timber
flow_timber_node43node4_t4,0.0,9.0,I,node43node4,4,timber
flow_timber_node43node4_t5,0.0,9.0,I,node43node4,5,timber
flow_wide_node43node4_t1,0.0,9.0,I,node43node4,1,wide
flow_wide_node43node4_t2,0.0,9.0,I,node43node4,2,wide
flow_wide_node43node4_t3,0.0,9.0,I,node43node4,3,wide
flow_wide_node43node4_t4,0.0,9.0,I,node43node4,4,wide
flow_wide_node43node4_t5,0.0,9.0,I,node43node4,5,wide
flow_timber_node43node6_t1,0.0,9.0,I,node43node6,1,timber
flow_timber_node43node6_t2,0.0,9.0,I,node43node6,2,timber
flow_timber_node43node6_t3,0.0,9.0,I,node43node6,3,timber
flow_timber_node43node6_t4,0.0,9.0,I,node43node6,4,timber
flow_timber_node43node6_t5,0.0,9.0,I,node43node6,5,timber
flow_wide_node43node6_t1,0.0,9.0,I,node43node6,1,wide
flow_wide_node43node6_t2,0.0,9.0,I,node43node6,2,wide
flow_wide_node43node6_t3,0.0,9.0,I,node43node6,3,wide
flow_wide_node43node6_t4,0.0,9.0,I,node43node6,4,wide
flow_wide_node43node6_t5,0.0,9.0,I,node43node6,5,wide
flow_timber_node43node8_t1,0.0,9.0,I,node43node8,1,timber
flow_timber_node43node8_t2,0.0,9.0,I,node43node8,2,timber
flow_timber_node43node8_t3,0.0,9.0,I,node43node8,3,timber
flow_timber_node43node8_t4,0.0,9.0,I,node43node8,4,timber
flow_timber_node43node8_t5,0.0,9.0,I,node43node8,5,timber
flow_wide_node43node8_t1,0.0,9.0,I,node43node8,1,wide
flow_wide_node43node8_t2,0.0,9.0,I,node43node8,2,wide
flow_wide_node43node8_t3,0.0,9.0,I,node43node8,3,wide
flow_wide_node43node8_t4,0.0,9.0,I,node43node8,4,wide
flow_wide_node43node8_t5,0.0,9.0,I,node43node8,5,wide
flow_timber_node43node9_t1,0.0,9.0,I,node43node9,1,timber
flow_timber_node43node9_t2,0.0,9.0,I,node43node9,2,timber
flow_timber_node43node9_t3,0.0,9.0,I,node43node9,3,timber
flow_timber_node43node9_t4,0.0,9.0,I,node43node9,4,timber
flow_timber_node43node9_t5,0.0,9.0,I,node43node9,5,timber
flow_wide_node43node9_t1,0.0,9.0,I,node43node9,1,wide
flow_wide_node43node9_t2,0.0,9.0,I,node43node9,2,wide
flow_wide_node43node9_t3,0.0,9.0,I,node43node9,3,wide
flow_wide_node43node9_t4,0.0,9.0,I,node43node9,4,wide
flow_wide_node43node9_t5,0.0,9.0,I,node43node9,5,wide
flow_timber_node43node10_t1,0.0,9.0,I,node43node10,1,timber
flow_timber_node43node10_t2,0.0,9.0,I,node43node10,2,timber
flow_timber_node43node10_t3,0.0,9.0,I,node43node10,3,timber
flow_timber_node43node10_t4,0.0,9.0,I,node43node10,4,timber
flow_timber_node43node10_t5,0.0,9.0,I,node43node10,5,timber
flow_wide_node43node10_t1,0.0,9.0,I,node43node10,1,wide
flow_wide_node43node10_t2,0.0,9.0,I,node43node10,2,wide
flow_wide_node43node10_t3,0.0,9.0,I,node43node10,3,wide
flow_wide_node43node10_t4,0.0,9.0,I,node43node10,4,wide
flow_wide_node43node10_t5,0.0,9.0,I,node43node10,5,wide
flow_timber_node43node11_t1,0.0,9.0,I,node43node11,1,timber
flow_timber_node43node11_t2,0.0,9.0,I,node43node11,2,timber
flow_timber_node43node11_t3,0.0,9.0,I,node43node11,3,timber
flow_timber_node43node11_t4,0.0,9.0,I,node43node11,4,timber
flow_timber_node43node11_t5,0.0,9.0,I,node43node11,5,timber
flow_wide_node43node11_t1,0.0,9.0,I,node43node11,1,wide
flow_wide_node43node11_t2,0.0,9.0,I,node43node11,2,wide
flow_wide_node43node11_t3,0.0,9.0,I,node43node11,3,wide
flow_wide_node43node11_t4,0.0,9.0,I,node43node11,4,wide
flow_wide_node43node11_t5,0.0,9.0,I,node43node11,5,wide
flow_timber_node43node13_t1,0.0,9.0,I,node43node13,1,timber
flow_timber_node43node13_t2,0.0,9.0,I,node43node13,2,timber
flow_timber_node43node13_t3,0.0,9.0,I,node43node13,3,timber
flow_timber_node43node13_t4,0.0,9.0,I,node43node13,4,timber
flow_timber_node43node13_t5,0.0,9.0,I,node43node13,5,timber
flow_wide_node43node13_t1,0.0,9.0,I,node43node13,1,wide
flow_wide_node43node13_t2,0.0,9.0,I,node43node13,2,wide
flow_wide_node43node13_t3,0.0,9.0,I,node43node13,3,wide
flow_wide_node43node13_t4,0.0,9.0,I,node43node13,4,wide
flow_wide_node43node13_t5,0.0,9.0,I,node43node13,5,wide
flow_timber_node43node14_t1,0.0,9.0,I,node43node14,1,timber
flow_timber_node43node14_t2,0.0,9.0,I,node43node14,2,timber
flow_timber_node43node14_t3,0.0,9.0,I,node43node14,3,timber
flow_timber_node43node14_t4,0.0,9.0,I,node43node14,4,timber
flow_timber_node43node14_t5,0.0,9.0,I,node43node14,5,timber
flow_wide_node43node14_t1,0.0,9.0,I,node43node14,1,wide
flow_wide_node43node14_t2,0.0,9.0,I,node43node14,2,wide
flow_wide_node43node14_t3,0.0,9.0,I,node43node14,3,wide
flow_wide_node43node14_t4,0.0,9.0,I,node43node14,4,wide
flow_wide_node43node14_t5,0.0,9.0,I,node43node14,5,wide
flow_timber_node43node28_t1,0.0,9.0,I,node43node28,1,timber
flow_timber_node43node28_t2,0.0,9.0,I,node43node28,2,timber
flow_timber_node43node28_t3,0.0,9.0,I,node43node28,3,timber
flow_timber_node43node28_t4,0.0,9.0,I,node43node28,4,timber
flow_timber_node43node28_t5,0.0,9.0,I,node43node28,5,timber
flow_wide_node43node28_t1,0.0,9.0,I,node43node28,1,wide
flow_wide_node43node28_t2,0.0,9.0,I,node43node28,2,wide
flow_wide_node43node28_t3,0.0,9.0,I,node43node28,3,wide
flow_wide_node43node28_t4,0.0,9.0,I,node43node28,4,wide
flow_wide_node43node28_t5,0.0,9.0,I,node43node28,5,wide
flow_timber_node43node29_t1,0.0,9.0,I,node43node29,1,timber
flow_timber_node43node29_t2,0.0,9.0,I,node43node29,2,timber
flow_timber_node43node29_t3,0.0,9.0,I,node43node29,3,timber
flow_timber_node43node29_t4,0.0,9.0,I,node43node29,4,timber
flow_timber_node43node29_t5,0.0,9.0,I,node43node29,5,timber
flow_wide_node43node29_t1,0.0,9.0,I,node43node29,1,wide
flow_wide_node43node29_t2,0.0,9.0,I,node43node29,2,wide
flow_wide_node43node29_t3,0.0,9.0,I,node43node29,3,wide
flow_wide_node43node29_t4,0.0,9.0,I,node43node29,4,wide
flow_wide_node43node29_t5,0.0,9.0,I,node43node29,5,wide
flow_timber_node2node37_t1,0.0,9.0,I,node2node37,1,timber
flow_timber_node2node37_t2,0.0,9.0,I,node2node37,2,timber
flow_timber_node2node37_t3,0.0,9.0,I,node2node37,3,timber
flow_timber_node2node37_t4,0.0,9.0,I,node2node37,4,timber
flow_timber_node2node37_t5,0.0,9.0,I,node2node37,5,timber
flow_wide_node2node37_t1,0.0,9.0,I,node2node37,1,wide
flow_wide_node2node37_t2,0.0,9.0,I,node2node37,2,wide
flow_wide_node2node37_t3,0.0,9.0,I,node2node37,3,wide
flow_wide_node2node37_t4,0.0,9.0,I,node2node37,4,wide
flow_wide_node2node37_t5,0.0,9.0,I,node2node37,5,wide
flow_timber_node2node17_t1,0.0,9.0,I,node2node17,1,timber
flow_timber_node2node17_t2,0.0,9.0,I,node2node17,2,timber
flow_timber_node2node17_t3,0.0,9.0,I,node2node17,3,timber
flow_timber_node2node17_t4,0.0,9.0,I,node2node17,4,timber
flow_timber_node2node17_t5,0.0,9.0,I,node2node17,5,timber
flow_wide_node2node17_t1,0.0,9.0,I,node2node17,1,wide
flow_wide_node2node17_t2,0.0,9.0,I,node2node17,2,wide
flow_wide_node2node17_t3,0.0,9.0,I,node2node17,3,wide
flow_wide_node2node17_t4,0.0,9.0,I,node2node17,4,wide
flow_wide_node2node17_t5,0.0,9.0,I,node2node17,5,wide
flow_timber_node2node21_t1,0.0,9.0,I,node2node21,1,timber
flow_timber_node2node21_t2,0.0,9.0,I,node2node21,2,timber
flow_timber_node2node21_t3,0.0,9.0,I,node2node21,3,timber
flow_timber_node2node21_t4,0.0,9.0,I,node2node21,4,timber
flow_timber_node2node21_t5,0.0,9.0,I,node2node21,5,timber
flow_wide_node2node21_t1,0.0,9.0,I,node2node21,1,wide
flow_wide_node2node21_t2,0.0,9.0,I,node2node21,2,wide
flow_wide_node2node21_t3,0.0,9.0,I,node2node21,3,wide
flow_wide_node2node21_t4,0.0,9.0,I,node2node21,4,wide
flow_wide_node2node21_t5,0.0,9.0,I,node2node21,5,wide
flow_timber_node37node2_t1,0.0,9.0,I,node37node2,1,timber
flow_timber_node37node2_t2,0.0,9.0,I,node37node2,2,timber
flow_timber_node37node2_t3,0.0,9.0,I,node37node2,3,timber
flow_timber_node37node2_t4,0.0,9.0,I,node37node2,4,timber
flow_timber_node37node2_t5,0.0,9.0,I,node37node2,5,timber
flow_wide_node37node2_t1,0.0,9.0,I,node37node2,1,wide
flow_wide_node37node2_t2,0.0,9.0,I,node37node2,2,wide
flow_wide_node37node2_t3,0.0,9.0,I,node37node2,3,wide
flow_wide_node37node2_t4,0.0,9.0,I,node37node2,4,wide
flow_wide_node37node2_t5,0.0,9.0,I,node37node2,5,wide
flow_timber_node37node29_t1,0.0,9.0,I,node37node29,1,timber
flow_timber_node37node29_t2,0.0,9.0,I,node37node29,2,timber
flow_timber_node37node29_t3,0.0,9.0,I,node37node29,3,timber
flow_timber_node37node29_t4,0.0,9.0,I,node37node29,4,timber
flow_timber_node37node29_t5,0.0,9.0,I,node37node29,5,timber
flow_wide_node37node29_t1,0.0,9.0,I,node37node29,1,wide
flow_wide_node37node29_t2,0.0,9.0,I,node37node29,2,wide
flow_wide_node37node29_t3,0.0,9.0,I,node37node29,3,wide
flow_wide_node37node29_t4,0.0,9.0,I,node37node29,4,wide
flow_wide_node37node29_t5,0.0,9.0,I,node37node29,5,wide
flow_timber_node17node2_t1,0.0,9.0,I,node17node2,1,timber
flow_timber_node17node2_t2,0.0,9.0,I,node17node2,2,timber
flow_timber_node17node2_t3,0.0,9.0,I,node17node2,3,timber
flow_timber_node17node2_t4,0.0,9.0,I,node17node2,4,timber
flow_timber_node17node2_t5,0.0,9.0,I,node17node2,5,timber
flow_wide_node17node2_t1,0.0,9.0,I,node17node2,1,wide
flow_wide_node17node2_t2,0.0,9.0,I,node17node2,2,wide
flow_wide_node17node2_t3,0.0,9.0,I,node17node2,3,wide
flow_wide_node17node2_t4,0.0,9.0,I,node17node2,4,wide
flow_wide_node17node2_t5,0.0,9.0,I,node17node2,5,wide
flow_timber_node17node39_t1,0.0,9.0,I,node17node39,1,timber
flow_timber_node17node39_t2,0.0,9.0,I,node17node39,2,timber
flow_timber_node17node39_t3,0.0,9.0,I,node17node39,3,timber
flow_timber_node17node39_t4,0.0,9.0,I,node17node39,4,timber
flow_timber_node17node39_t5,0.0,9.0,I,node17node39,5,timber
flow_wide_node17node39_t1,0.0,9.0,I,node17node39,1,wide
flow_wide_node17node39_t2,0.0,9.0,I,node17node39,2,wide
flow_wide_node17node39_t3,0.0,9.0,I,node17node39,3,wide
flow_wide_node17node39_t4,0.0,9.0,I,node17node39,4,wide
flow_wide_node17node39_t5,0.0,9.0,I,node17node39,5,wide
flow_timber_node17node24_t1,0.0,9.0,I,node17node24,1,timber
flow_timber_node17node24_t2,0.0,9.0,I,node17node24,2,timber
flow_timber_node17node24_t3,0.0,9.0,I,node17node24,3,timber
flow_timber_node17node24_t4,0.0,9.0,I,node17node24,4,timber
flow_timber_node17node24_t5,0.0,9.0,I,node17node24,5,timber
flow_wide_node17node24_t1,0.0,9.0,I,node17node24,1,wide
flow_wide_node17node24_t2,0.0,9.0,I,node17node24,2,wide
flow_wide_node17node24_t3,0.0,9.0,I,node17node24,3,wide
flow_wide_node17node24_t4,0.0,9.0,I,node17node24,4,wide
flow_wide_node17node24_t5,0.0,9.0,I,node17node24,5,wide
flow_timber_node21node2_t1,0.0,9.0,I,node21node2,1,timber
flow_timber_node21node2_t2,0.0,9.0,I,node21node2,2,timber
flow_timber_node21node2_t3,0.0,9.0,I,node21node2,3,timber
flow_timber_node21node2_t4,0.0,9.0,I,node21node2,4,timber
flow_timber_node21node2_t5,0.0,9.0,I,node21node2,5,timber
flow_wide_node21node2_t1,0.0,9.0,I,node21node2,1,wide
flow_wide_node21node2_t2,0.0,9.0,I,node21node2,2,wide
flow_wide_node21node2_t3,0.0,9.0,I,node21node2,3,wide
flow_wide_node21node2_t4,0.0,9.0,I,node21node2,4,wide
flow_wide_node21node2_t5,0.0,9.0,I,node21node2,5,wide
flow_timber_node21node25_t1,0.0,9.0,I,node21node25,1,timber
flow_timber_node21node25_t2,0.0,9.0,I,node21node25,2,timber
flow_timber_node21node25_t3,0.0,9.0,I,node21node25,3,timber
flow_timber_node21node25_t4,0.0,9.0,I,node21node25,4,timber
flow_timber_node21node25_t5,0.0,9.0,I,node21node25,5,timber
flow_wide_node21node25_t1,0.0,9.0,I,node21node25,1,wide
flow_wide_node21node25_t2,0.0,9.0,I,node21node25,2,wide
flow_wide_node21node25_t3,0.0,9.0,I,node21node25,3,wide
flow_wide_node21node25_t4,0.0,9.0,I,node21node25,4,wide
flow_wide_node21node25_t5,0.0,9.0,I,node21node25,5,wide
flow_timber_node21node35_t1,0.0,9.0,I,node21node35,1,timber
flow_timber_node21node35_t2,0.0,9.0,I,node21node35,2,timber
flow_timber_node21node35_t3,0.0,9.0,I,node21node35,3,timber
flow_timber_node21node35_t4,0.0,9.0,I,node21node35,4,timber
flow_timber_node21node35_t5,0.0,9.0,I,node21node35,5,timber
flow_wide_node21node35_t1,0.0,9.0,I,node21node35,1,wide
flow_wide_node21node35_t2,0.0,9.0,I,node21node35,2,wide
flow_wide_node21node35_t3,0.0,9.0,I,node21node35,3,wide
flow_wide_node21node35_t4,0.0,9.0,I,node21node35,4,wide
flow_wide_node21node35_t5,0.0,9.0,I,node21node35,5,wide
flow_timber_node3node18_t1,0.0,9.0,I,node3node18,1,timber
flow_timber_node3node18_t2,0.0,9.0,I,node3node18,2,timber
flow_timber_node3node18_t3,0.0,9.0,I,node3node18,3,timber
flow_timber_node3node18_t4,0.0,9.0,I,node3node18,4,timber
flow_timber_node3node18_t5,0.0,9.0,I,node3node18,5,timber
flow_wide_node3node18_t1,0.0,9.0,I,node3node18,1,wide
flow_wide_node3node18_t2,0.0,9.0,I,node3node18,2,wide
flow_wide_node3node18_t3,0.0,9.0,I,node3node18,3,wide
flow_wide_node3node18_t4,0.0,9.0,I,node3node18,4,wide
flow_wide_node3node18_t5,0.0,9.0,I,node3node18,5,wide
flow_timber_node3node13_t1,0.0,9.0,I,node3node13,1,timber
flow_timber_node3node13_t2,0.0,9.0,I,node3node13,2,timber
flow_timber_node3node13_t3,0.0,9.0,I,node3node13,3,timber
flow_timber_node3node13_t4,0.0,9.0,I,node3node13,4,timber
flow_timber_node3node13_t5,0.0,9.0,I,node3node13,5,timber
flow_wide_node3node13_t1,0.0,9.0,I,node3node13,1,wide
flow_wide_node3node13_t2,0.0,9.0,I,node3node13,2,wide
flow_wide_node3node13_t3,0.0,9.0,I,node3node13,3,wide
flow_wide_node3node13_t4,0.0,9.0,I,node3node13,4,wide
flow_wide_node3node13_t5,0.0,9.0,I,node3node13,5,wide
flow_timber_node3node38_t1,0.0,9.0,I,node3node38,1,timber
flow_timber_node3node38_t2,0.0,9.0,I,node3node38,2,timber
flow_timber_node3node38_t3,0.0,9.0,I,node3node38,3,timber
flow_timber_node3node38_t4,0.0,9.0,I,node3node38,4,timber
flow_timber_node3node38_t5,0.0,9.0,I,node3node38,5,timber
flow_wide_node3node38_t1,0.0,9.0,I,node3node38,1,wide
flow_wide_node3node38_t2,0.0,9.0,I,node3node38,2,wide
flow_wide_node3node38_t3,0.0,9.0,I,node3node38,3,wide
flow_wide_node3node38_t4,0.0,9.0,I,node3node38,4,wide
flow_wide_node3node38_t5,0.0,9.0,I,node3node38,5,wide
flow_timber_node3node44_t1,0.0,9.0,I,node3node44,1,timber
flow_timber_node3node44_t2,0.0,9.0,I,node3node44,2,timber
flow_timber_node3node44_t3,0.0,9.0,I,node3node44,3,timber
flow_timber_node3node44_t4,0.0,9.0,I,node3node44,4,timber
flow_timber_node3node44_t5,0.0,9.0,I,node3node44,5,timber
flow_wide_node3node44_t1,0.0,9.0,I,node3node44,1,wide
flow_wide_node3node44_t2,0.0,9.0,I,node3node44,2,wide
flow_wide_node3node44_t3,0.0,9.0,I,node3node44,3,wide
flow_wide_node3node44_t4,0.0,9.0,I,node3node44,4,wide
flow_wide_node3node44_t5,0.0,9.0,I,node3node44,5,wide
flow_timber_node18node3_t1,0.0,9.0,I,node18node3,1,timber
flow_timber_node18node3_t2,0.0,9.0,I,node18node3,2,timber
flow_timber_node18node3_t3,0.0,9.0,I,node18node3,3,timber
flow_timber_node18node3_t4,0.0,9.0,I,node18node3,4,timber
flow_timber_node18node3_t5,0.0,9.0,I,node18node3,5,timber
flow_wide_node18node3_t1,0.0,9.0,I,node18node3,1,wide
flow_wide_node18node3_t2,0.0,9.0,I,node18node3,2,wide
flow_wide_node18node3_t3,0.0,9.0,I,node18node3,3,wide
flow_wide_node18node3_t4,0.0,9.0,I,node18node3,4,wide
flow_wide_node18node3_t5,0.0,9.0,I,node18node3,5,wide
flow_timber_node18node16_t1,0.0,9.0,I,node18node16,1,timber
flow_timber_node18node16_t2,0.0,9.0,I,node18node16,2,timber
flow_timber_node18node16_t3,0.0,9.0,I,node18node16,3,timber
flow_timber_node18node16_t4,0.0,9.0,I,node18node16,4,timber
flow_timber_node18node16_t5,0.0,9.0,I,node18node16,5,timber
flow_wide_node18node16_t1,0.0,9.0,I,node18node16,1,wide
flow_wide_node18node16_t2,0.0,9.0,I,node18node16,2,wide
flow_wide_node18node16_t3,0.0,9.0,I,node18node16,3,wide
flow_wide_node18node16_t4,0.0,9.0,I,node18node16,4,wide
flow_wide_node18node16_t5,0.0,9.0,I,node18node16,5,wide
flow_timber_node18node28_t1,0.0,9.0,I,node18node28,1,timber
flow_timber_node18node28_t2,0.0,9.0,I,node18node28,2,timber
flow_timber_node18node28_t3,0.0,9.0,I,node18node28,3,timber
flow_timber_node18node28_t4,0.0,9.0,I,node18node28,4,timber
flow_timber_node18node28_t5,0.0,9.0,I,node18node28,5,timber
flow_wide_node18node28_t1,0.0,9.0,I,node18node28,1,wide
flow_wide_node18node28_t2,0.0,9.0,I,node18node28,2,wide
flow_wide_node18node28_t3,0.0,9.0,I,node18node28,3,wide
flow_wide_node18node28_t4,0.0,9.0,I,node18node28,4,wide
flow_wide_node18node28_t5,0.0,9.0,I,node18node28,5,wide
flow_timber_node18node44_t1,0.0,9.0,I,node18node44,1,timber
flow_timber_node18node44_t2,0.0,9.0,I,node18node44,2,timber
flow_timber_node18node44_t3,0.0,9.0,I,node18node44,3,timber
flow_timber_node18node44_t4,0.0,9.0,I,node18node44,4,timber
flow_timber_node18node44_t5,0.0,9.0,I,node18node44,5,timber
flow_wide_node18node44_t1,0.0,9.0,I,node18node44,1,wide
flow_wide_node18node44_t2,0.0,9.0,I,node18node44,2,wide
flow_wide_node18node44_t3,0.0,9.0,I,node18node44,3,wide
flow_wide_node18node44_t4,0.0,9.0,I,node18node44,4,wide
flow_wide_node18node44_t5,0.0,9.0,I,node18node44,5,wide
flow_timber_node18node45_t1,0.0,9.0,I,node18node45,1,timber
flow_timber_node18node45_t2,0.0,9.0,I,node18node45,2,timber
flow_timber_node18node45_t3,0.0,9.0,I,node18node45,3,timber
flow_timber_node18node45_t4,0.0,9.0,I,node18node45,4,timber
flow_timber_node18node45_t5,0.0,9.0,I,node18node45,5,timber
flow_wide_node18node45_t1,0.0,9.0,I,node18node45,1,wide
flow_wide_node18node45_t2,0.0,9.0,I,node18node45,2,wide
flow_wide_node18node45_t3,0.0,9.0,I,node18node45,3,wide
flow_wide_node18node45_t4,0.0,9.0,I,node18node45,4,wide
flow_wide_node18node45_t5,0.0,9.0,I,node18node45,5,wide
flow_timber_node13node3_t1,0.0,9.0,I,node13node3,1,timber
flow_timber_node13node3_t2,0.0,9.0,I,node13node3,2,timber
flow_timber_node13node3_t3,0.0,9.0,I,node13node3,3,timber
flow_timber_node13node3_t4,0.0,9.0,I,node13node3,4,timber
flow_timber_node13node3_t5,0.0,9.0,I,node13node3,5,timber
flow_wide_node13node3_t1,0.0,9.0,I,node13node3,1,wide
flow_wide_node13node3_t2,0.0,9.0,I,node13node3,2,wide
flow_wide_node13node3_t3,0.0,9.0,I,node13node3,3,wide
flow_wide_node13node3_t4,0.0,9.0,I,node13node3,4,wide
flow_wide_node13node3_t5,0.0,9.0,I,node13node3,5,wide
flow_timber_node13node4_t1,0.0,9.0,I,node13node4,1,timber
flow_timber_node13node4_t2,0.0,9.0,I,node13node4,2,timber
flow_timber_node13node4_t3,0.0,9.0,I,node13node4,3,timber
flow_timber_node13node4_t4,0.0,9.0,I,node13node4,4,timber
flow_timber_node13node4_t5,0.0,9.0,I,node13node4,5,timber
flow_wide_node13node4_t1,0.0,9.0,I,node13node4,1,wide
flow_wide_node13node4_t2,0.0,9.0,I,node13node4,2,wide
flow_wide_node13node4_t3,0.0,9.0,I,node13node4,3,wide
flow_wide_node13node4_t4,0.0,9.0,I,node13node4,4,wide
flow_wide_node13node4_t5,0.0,9.0,I,node13node4,5,wide
flow_timber_node13node28_t1,0.0,9.0,I,node13node28,1,timber
flow_timber_node13node28_t2,0.0,9.0,I,node13node28,2,timber
flow_timber_node13node28_t3,0.0,9.0,I,node13node28,3,timber
flow_timber_node13node28_t4,0.0,9.0,I,node13node28,4,timber
flow_timber_node13node28_t5,0.0,9.0,I,node13node28,5,timber
flow_wide_node13node28_t1,0.0,9.0,I,node13node28,1,wide
flow_wide_node13node28_t2,0.0,9.0,I,node13node28,2,wide
flow_wide_node13node28_t3,0.0,9.0,I,node13node28,3,wide
flow_wide_node13node28_t4,0.0,9.0,I,node13node28,4,wide
flow_wide_node13node28_t5,0.0,9.0,I,node13node28,5,wide
flow_timber_node13node43_t1,0.0,9.0,I,node13node43,1,timber
flow_timber_node13node43_t2,0.0,9.0,I,node13node43,2,timber
flow_timber_node13node43_t3,0.0,9.0,I,node13node43,3,timber
flow_timber_node13node43_t4,0.0,9.0,I,node13node43,4,timber
flow_timber_node13node43_t5,0.0,9.0,I,node13node43,5,timber
flow_wide_node13node43_t1,0.0,9.0,I,node13node43,1,wide
flow_wide_node13node43_t2,0.0,9.0,I,node13node43,2,wide
flow_wide_node13node43_t3,0.0,9.0,I,node13node43,3,wide
flow_wide_node13node43_t4,0.0,9.0,I,node13node43,4,wide
flow_wide_node13node43_t5,0.0,9.0,I,node13node43,5,wide
flow_timber_node13node44_t1,0.0,9.0,I,node13node44,1,timber
flow_timber_node13node44_t2,0.0,9.0,I,node13node44,2,timber
flow_timber_node13node44_t3,0.0,9.0,I,node13node44,3,timber
flow_timber_node13node44_t4,0.0,9.0,I,node13node44,4,timber
flow_timber_node13node44_t5,0.0,9.0,I,node13node44,5,timber
flow_wide_node13node44_t1,0.0,9.0,I,node13node44,1,wide
flow_wide_node13node44_t2,0.0,9.0,I,node13node44,2,wide
flow_wide_node13node44_t3,0.0,9.0,I,node13node44,3,wide
flow_wide_node13node44_t4,0.0,9.0,I,node13node44,4,wide
flow_wide_node13node44_t5,0.0,9.0,I,node13node44,5,wide
flow_timber_node38node3_t1,0.0,9.0,I,node38node3,1,timber
flow_timber_node38node3_t2,0.0,9.0,I,node38node3,2,timber
flow_timber_node38node3_t3,0.0,9.0,I,node38node3,3,timber
flow_timber_node38node3_t4,0.0,9.0,I,node38node3,4,timber
flow_timber_node38node3_t5,0.0,9.0,I,node38node3,5,timber
flow_wide_node38node3_t1,0.0,9.0,I,node38node3,1,wide
flow_wide_node38node3_t2,0.0,9.0,I,node38node3,2,wide
flow_wide_node38node3_t3,0.0,9.0,I,node38node3,3,wide
flow_wide_node38node3_t4,0.0,9.0,I,node38node3,4,wide
flow_wide_node38node3_t5,0.0,9.0,I,node38node3,5,wide
flow_timber_node38node26_t1,0.0,9.0,I,node38node26,1,timber
flow_timber_node38node26_t2,0.0,9.0,I,node38node26,2,timber
flow_timber_node38node26_t3,0.0,9.0,I,node38node26,3,timber
flow_timber_node38node26_t4,0.0,9.0,I,node38node26,4,timber
flow_timber_node38node26_t5,0.0,9.0,I,node38node26,5,timber
flow_wide_node38node26_t1,0.0,9.0,I,node38node26,1,wide
flow_wide_node38node26_t2,0.0,9.0,I,node38node26,2,wide
flow_wide_node38node26_t3,0.0,9.0,I,node38node26,3,wide
flow_wide_node38node26_t4,0.0,9.0,I,node38node26,4,wide
flow_wide_node38node26_t5,0.0,9.0,I,node38node26,5,wide
flow_timber_node44node3_t1,0.0,9.0,I,node44node3,1,timber
flow_timber_node44node3_t2,0.0,9.0,I,node44node3,2,timber
flow_timber_node44node3_t3,0.0,9.0,I,node44node3,3,timber
flow_timber_node44node3_t4,0.0,9.0,I,node44node3,4,timber
flow_timber_node44node3_t5,0.0,9.0,I,node44node3,5,timber
flow_wide_node44node3_t1,0.0,9.0,I,node44node3,1,wide
flow_wide_node44node3_t2,0.0,9.0,I,node44node3,2,wide
flow_wide_node44node3_t3,0.0,9.0,I,node44node3,3,wide
flow_wide_node44node3_t4,0.0,9.0,I,node44node3,4,wide
flow_wide_node44node3_t5,0.0,9.0,I,node44node3,5,wide
flow_timber_node44node13_t1,0.0,9.0,I,node44node13,1,timber
flow_timber_node44node13_t2,0.0,9.0,I,node44node13,2,timber
flow_timber_node44node13_t3,0.0,9.0,I,node44node13,3,timber
flow_timber_node44node13_t4,0.0,9.0,I,node44node13,4,timber
flow_timber_node44node13_t5,0.0,9.0,I,node44node13,5,timber
flow_wide_node44node13_t1,0.0,9.0,I,node44node13,1,wide
flow_wide_node44node13_t2,0.0,9.0,I,node44node13,2,wide
flow_wide_node44node13_t3,0.0,9.0,I,node44node13,3,wide
flow_wide_node44node13_t4,0.0,9.0,I,node44node13,4,wide
flow_wide_node44node13_t5,0.0,9.0,I,node44node13,5,wide
flow_timber_node44node18_t1,0.0,9.0,I,node44node18,1,timber
flow_timber_node44node18_t2,0.0,9.0,I,node44node18,2,timber
flow_timber_node44node18_t3,0.0,9.0,I,node44node18,3,timber
flow_timber_node44node18_t4,0.0,9.0,I,node44node18,4,timber
flow_timber_node44node18_t5,0.0,9.0,I,node44node18,5,timber
flow_wide_node44node18_t1,0.0,9.0,I,node44node18,1,wide
flow_wide_node44node18_t2,0.0,9.0,I,node44node18,2,wide
flow_wide_node44node18_t3,0.0,9.0,I,node44node18,3,wide
flow_wide_node44node18_t4,0.0,9.0,I,node44node18,4,wide
flow_wide_node44node18_t5,0.0,9.0,I,node44node18,5,wide
flow_timber_node44node28_t1,0.0,9.0,I,node44node28,1,timber
flow_timber_node44node28_t2,0.0,9.0,I,node44node28,2,timber
flow_timber_node44node28_t3,0.0,9.0,I,node44node28,3,timber
flow_timber_node44node28_t4,0.0,9.0,I,node44node28,4,timber
flow_timber_node44node28_t5,0.0,9.0,I,node44node28,5,timber
flow_wide_node44node28_t1,0.0,9.0,I,node44node28,1,wide
flow_wide_node44node28_t2,0.0,9.0,I,node44node28,2,wide
flow_wide_node44node28_t3,0.0,9.0,I,node44node28,3,wide
flow_wide_node44node28_t4,0.0,9.0,I,node44node28,4,wide
flow_wide_node44node28_t5,0.0,9.0,I,node44node28,5,wide
flow_timber_node7node4_t1,0.0,9.0,I,node7node4,1,timber
flow_timber_node7node4_t2,0.0,9.0,I,node7node4,2,timber
flow_timber_node7node4_t3,0.0,9.0,I,node7node4,3,timber
flow_timber_node7node4_t4,0.0,9.0,I,node7node4,4,timber
flow_timber_node7node4_t5,0.0,9.0,I,node7node4,5,timber
flow_wide_node7node4_t1,0.0,9.0,I,node7node4,1,wide
flow_wide_node7node4_t2,0.0,9.0,I,node7node4,2,wide
flow_wide_node7node4_t3,0.0,9.0,I,node7node4,3,wide
flow_wide_node7node4_t4,0.0,9.0,I,node7node4,4,wide
flow_wide_node7node4_t5,0.0,9.0,I,node7node4,5,wide
flow_timber_node7node23_t1,0.0,9.0,I,node7node23,1,timber
flow_timber_node7node23_t2,0.0,9.0,I,node7node23,2,timber
flow_timber_node7node23_t3,0.0,9.0,I,node7node23,3,timber
flow_timber_node7node23_t4,0.0,9.0,I,node7node23,4,timber
flow_timber_node7node23_t5,0.0,9.0,I,node7node23,5,timber
flow_wide_node7node23_t1,0.0,9.0,I,node7node23,1,wide
flow_wide_node7node23_t2,0.0,9.0,I,node7node23,2,wide
flow_wide_node7node23_t3,0.0,9.0,I,node7node23,3,wide
flow_wide_node7node23_t4,0.0,9.0,I,node7node23,4,wide
flow_wide_node7node23_t5,0.0,9.0,I,node7node23,5,wide
flow_timber_node7node27_t1,0.0,9.0,I,node7node27,1,timber
flow_timber_node7node27_t2,0.0,9.0,I,node7node27,2,timber
flow_timber_node7node27_t3,0.0,9.0,I,node7node27,3,timber
flow_timber_node7node27_t4,0.0,9.0,I,node7node27,4,timber
flow_timber_node7node27_t5,0.0,9.0,I,node7node27,5,timber
flow_wide_node7node27_t1,0.0,9.0,I,node7node27,1,wide
flow_wide_node7node27_t2,0.0,9.0,I,node7node27,2,wide
flow_wide_node7node27_t3,0.0,9.0,I,node7node27,3,wide
flow_wide_node7node27_t4,0.0,9.0,I,node7node27,4,wide
flow_wide_node7node27_t5,0.0,9.0,I,node7node27,5,wide
flow_timber_node7node41_t1,0.0,9.0,I,node7node41,1,timber
flow_timber_node7node41_t2,0.0,9.0,I,node7node41,2,timber
flow_timber_node7node41_t3,0.0,9.0,I,node7node41,3,timber
flow_timber_node7node41_t4,0.0,9.0,I,node7node41,4,timber
flow_timber_node7node41_t5,0.0,9.0,I,node7node41,5,timber
flow_wide_node7node41_t1,0.0,9.0,I,node7node41,1,wide
flow_wide_node7node41_t2,0.0,9.0,I,node7node41,2,wide
flow_wide_node7node41_t3,0.0,9.0,I,node7node41,3,wide
flow_wide_node7node41_t4,0.0,9.0,I,node7node41,4,wide
flow_wide_node7node41_t5,0.0,9.0,I,node7node41,5,wide
flow_timber_node7node42_t1,0.0,9.0,I,node7node42,1,timber
flow_timber_node7node42_t2,0.0,9.0,I,node7node42,2,timber
flow_timber_node7node42_t3,0.0,9.0,I,node7node42,3,timber
flow_timber_node7node42_t4,0.0,9.0,I,node7node42,4,timber
flow_timber_node7node42_t5,0.0,9.0,I,node7node42,5,timber
flow_wide_node7node42_t1,0.0,9.0,I,node7node42,1,wide
flow_wide_node7node42_t2,0.0,9.0,I,node7node42,2,wide
flow_wide_node7node42_t3,0.0,9.0,I,node7node42,3,wide
flow_wide_node7node42_t4,0.0,9.0,I,node7node42,4,wide
flow_wide_node7node42_t5,0.0,9.0,I,node7node42,5,wide
flow_timber_node27node5_t1,0.0,9.0,I,node27node5,1,timber
flow_timber_node27node5_t2,0.0,9.0,I,node27node5,2,timber
flow_timber_node27node5_t3,0.0,9.0,I,node27node5,3,timber
flow_timber_node27node5_t4,0.0,9.0,I,node27node5,4,timber
flow_timber_node27node5_t5,0.0,9.0,I,node27node5,5,timber
flow_wide_node27node5_t1,0.0,9.0,I,node27node5,1,wide
flow_wide_node27node5_t2,0.0,9.0,I,node27node5,2,wide
flow_wide_node27node5_t3,0.0,9.0,I,node27node5,3,wide
flow_wide_node27node5_t4,0.0,9.0,I,node27node5,4,wide
flow_wide_node27node5_t5,0.0,9.0,I,node27node5,5,wide
flow_timber_node27node7_t1,0.0,9.0,I,node27node7,1,timber
flow_timber_node27node7_t2,0.0,9.0,I,node27node7,2,timber
flow_timber_node27node7_t3,0.0,9.0,I,node27node7,3,timber
flow_timber_node27node7_t4,0.0,9.0,I,node27node7,4,timber
flow_timber_node27node7_t5,0.0,9.0,I,node27node7,5,timber
flow_wide_node27node7_t1,0.0,9.0,I,node27node7,1,wide
flow_wide_node27node7_t2,0.0,9.0,I,node27node7,2,wide
flow_wide_node27node7_t3,0.0,9.0,I,node27node7,3,wide
flow_wide_node27node7_t4,0.0,9.0,I,node27node7,4,wide
flow_wide_node27node7_t5,0.0,9.0,I,node27node7,5,wide
flow_timber_node27node15_t1,0.0,9.0,I,node27node15,1,timber
flow_timber_node27node15_t2,0.0,9.0,I,node27node15,2,timber
flow_timber_node27node15_t3,0.0,9.0,I,node27node15,3,timber
flow_timber_node27node15_t4,0.0,9.0,I,node27node15,4,timber
flow_timber_node27node15_t5,0.0,9.0,I,node27node15,5,timber
flow_wide_node27node15_t1,0.0,9.0,I,node27node15,1,wide
flow_wide_node27node15_t2,0.0,9.0,I,node27node15,2,wide
flow_wide_node27node15_t3,0.0,9.0,I,node27node15,3,wide
flow_wide_node27node15_t4,0.0,9.0,I,node27node15,4,wide
flow_wide_node27node15_t5,0.0,9.0,I,node27node15,5,wide
flow_timber_node27node41_t1,0.0,9.0,I,node27node41,1,timber
flow_timber_node27node41_t2,0.0,9.0,I,node27node41,2,timber
flow_timber_node27node41_t3,0.0,9.0,I,node27node41,3,timber
flow_timber_node27node41_t4,0.0,9.0,I,node27node41,4,timber
flow_timber_node27node41_t5,0.0,9.0,I,node27node41,5,timber
flow_wide_node27node41_t1,0.0,9.0,I,node27node41,1,wide
flow_wide_node27node41_t2,0.0,9.0,I,node27node41,2,wide
flow_wide_node27node41_t3,0.0,9.0,I,node27node41,3,wide
flow_wide_node27node41_t4,0.0,9.0,I,node27node41,4,wide
flow_wide_node27node41_t5,0.0,9.0,I,node27node41,5,wide
flow_timber_node27node42_t1,0.0,9.0,I,node27node42,1,timber
flow_timber_node27node42_t2,0.0,9.0,I,node27node42,2,timber
flow_timber_node27node42_t3,0.0,9.0,I,node27node42,3,timber
flow_timber_node27node42_t4,0.0,9.0,I,node27node42,4,timber
flow_timber_node27node42_t5,0.0,9.0,I,node27node42,5,timber
flow_wide_node27node42_t1,0.0,9.0,I,node27node42,1,wide
flow_wide_node27node42_t2,0.0,9.0,I,node27node42,2,wide
flow_wide_node27node42_t3,0.0,9.0,I,node27node42,3,wide
flow_wide_node27node42_t4,0.0,9.0,I,node27node42,4,wide
flow_wide_node27node42_t5,0.0,9.0,I,node27node42,5,wide
flow_timber_node22node5_t1,0.0,9.0,I,node22node5,1,timber
flow_timber_node22node5_t2,0.0,9.0,I,node22node5,2,timber
flow_timber_node22node5_t3,0.0,9.0,I,node22node5,3,timber
flow_timber_node22node5_t4,0.0,9.0,I,node22node5,4,timber
flow_timber_node22node5_t5,0.0,9.0,I,node22node5,5,timber
flow_wide_node22node5_t1,0.0,9.0,I,node22node5,1,wide
flow_wide_node22node5_t2,0.0,9.0,I,node22node5,2,wide
flow_wide_node22node5_t3,0.0,9.0,I,node22node5,3,wide
flow_wide_node22node5_t4,0.0,9.0,I,node22node5,4,wide
flow_wide_node22node5_t5,0.0,9.0,I,node22node5,5,wide
flow_timber_node22node36_t1,0.0,9.0,I,node22node36,1,timber
flow_timber_node22node36_t2,0.0,9.0,I,node22node36,2,timber
flow_timber_node22node36_t3,0.0,9.0,I,node22node36,3,timber
flow_timber_node22node36_t4,0.0,9.0,I,node22node36,4,timber
flow_timber_node22node36_t5,0.0,9.0,I,node22node36,5,timber
flow_wide_node22node36_t1,0.0,9.0,I,node22node36,1,wide
flow_wide_node22node36_t2,0.0,9.0,I,node22node36,2,wide
flow_wide_node22node36_t3,0.0,9.0,I,node22node36,3,wide
flow_wide_node22node36_t4,0.0,9.0,I,node22node36,4,wide
flow_wide_node22node36_t5,0.0,9.0,I,node22node36,5,wide
flow_timber_node6node9_t1,0.0,9.0,I,node6node9,1,timber
flow_timber_node6node9_t2,0.0,9.0,I,node6node9,2,timber
flow_timber_node6node9_t3,0.0,9.0,I,node6node9,3,timber
flow_timber_node6node9_t4,0.0,9.0,I,node6node9,4,timber
flow_timber_node6node9_t5,0.0,9.0,I,node6node9,5,timber
flow_wide_node6node9_t1,0.0,9.0,I,node6node9,1,wide
flow_wide_node6node9_t2,0.0,9.0,I,node6node9,2,wide
flow_wide_node6node9_t3,0.0,9.0,I,node6node9,3,wide
flow_wide_node6node9_t4,0.0,9.0,I,node6node9,4,wide
flow_wide_node6node9_t5,0.0,9.0,I,node6node9,5,wide
flow_timber_node6node39_t1,0.0,9.0,I,node6node39,1,timber
flow_timber_node6node39_t2,0.0,9.0,I,node6node39,2,timber
flow_timber_node6node39_t3,0.0,9.0,I,node6node39,3,timber
flow_timber_node6node39_t4,0.0,9.0,I,node6node39,4,timber
flow_timber_node6node39_t5,0.0,9.0,I,node6node39,5,timber
flow_wide_node6node39_t1,0.0,9.0,I,node6node39,1,wide
flow_wide_node6node39_t2,0.0,9.0,I,node6node39,2,wide
flow_wide_node6node39_t3,0.0,9.0,I,node6node39,3,wide
flow_wide_node6node39_t4,0.0,9.0,I,node6node39,4,wide
flow_wide_node6node39_t5,0.0,9.0,I,node6node39,5,wide
flow_timber_node6node29_t1,0.0,9.0,I,node6node29,1,timber
flow_timber_node6node29_t2,0.0,9.0,I,node6node29,2,timber
flow_timber_node6node29_t3,0.0,9.0,I,node6node29,3,timber
flow_timber_node6node29_t4,0.0,9.0,I,node6node29,4,timber
flow_timber_node6node29_t5,0.0,9.0,I,node6node29,5,timber
flow_wide_node6node29_t1,0.0,9.0,I,node6node29,1,wide
flow_wide_node6node29_t2,0.0,9.0,I,node6node29,2,wide
flow_wide_node6node29_t3,0.0,9.0,I,node6node29,3,wide
flow_wide_node6node29_t4,0.0,9.0,I,node6node29,4,wide
flow_wide_node6node29_t5,0.0,9.0,I,node6node29,5,wide
flow_timber_node6node43_t1,0.0,9.0,I,node6node43,1,timber
flow_timber_node6node43_t2,0.0,9.0,I,node6node43,2,timber
flow_timber_node6node43_t3,0.0,9.0,I,node6node43,3,timber
flow_timber_node6node43_t4,0.0,9.0,I,node6node43,4,timber
flow_timber_node6node43_t5,0.0,9.0,I,node6node43,5,timber
flow_wide_node6node43_t1,0.0,9.0,I,node6node43,1,wide
flow_wide_node6node43_t2,0.0,9.0,I,node6node43,2,wide
flow_wide_node6node43_t3,0.0,9.0,I,node6node43,3,wide
flow_wide_node6node43_t4,0.0,9.0,I,node6node43,4,wide
flow_wide_node6node43_t5,0.0,9.0,I,node6node43,5,wide
flow_timber_node9node6_t1,0.0,9.0,I,node9node6,1,timber
flow_timber_node9node6_t2,0.0,9.0,I,node9node6,2,timber
flow_timber_node9node6_t3,0.0,9.0,I,node9node6,3,timber
flow_timber_node9node6_t4,0.0,9.0,I,node9node6,4,timber
flow_timber_node9node6_t5,0.0,9.0,I,node9node6,5,timber
flow_wide_node9node6_t1,0.0,9.0,I,node9node6,1,wide
flow_wide_node9node6_t2,0.0,9.0,I,node9node6,2,wide
flow_wide_node9node6_t3,0.0,9.0,I,node9node6,3,wide
flow_wide_node9node6_t4,0.0,9.0,I,node9node6,4,wide
flow_wide_node9node6_t5,0.0,9.0,I,node9node6,5,wide
flow_timber_node9node31_t1,0.0,9.0,I,node9node31,1,timber
flow_timber_node9node31_t2,0.0,9.0,I,node9node31,2,timber
flow_timber_node9node31_t3,0.0,9.0,I,node9node31,3,timber
flow_timber_node9node31_t4,0.0,9.0,I,node9node31,4,timber
flow_timber_node9node31_t5,0.0,9.0,I,node9node31,5,timber
flow_wide_node9node31_t1,0.0,9.0,I,node9node31,1,wide
flow_wide_node9node31_t2,0.0,9.0,I,node9node31,2,wide
flow_wide_node9node31_t3,0.0,9.0,I,node9node31,3,wide
flow_wide_node9node31_t4,0.0,9.0,I,node9node31,4,wide
flow_wide_node9node31_t5,0.0,9.0,I,node9node31,5,wide
flow_timber_node9node11_t1,0.0,9.0,I,node9node11,1,timber
flow_timber_node9node11_t2,0.0,9.0,I,node9node11,2,timber
flow_timber_node9node11_t3,0.0,9.0,I,node9node11,3,timber
flow_timber_node9node11_t4,0.0,9.0,I,node9node11,4,timber
flow_timber_node9node11_t5,0.0,9.0,I,node9node11,5,timber
flow_wide_node9node11_t1,0.0,9.0,I,node9node11,1,wide
flow_wide_node9node11_t2,0.0,9.0,I,node9node11,2,wide
flow_wide_node9node11_t3,0.0,9.0,I,node9node11,3,wide
flow_wide_node9node11_t4,0.0,9.0,I,node9node11,4,wide
flow_wide_node9node11_t5,0.0,9.0,I,node9node11,5,wide
flow_timber_node9node43_t1,0.0,9.0,I,node9node43,1,timber
flow_timber_node9node43_t2,0.0,9.0,I,node9node43,2,timber
flow_timber_node9node43_t3,0.0,9.0,I,node9node43,3,timber
flow_timber_node9node43_t4,0.0,9.0,I,node9node43,4,timber
flow_timber_node9node43_t5,0.0,9.0,I,node9node43,5,timber
flow_wide_node9node43_t1,0.0,9.0,I,node9node43,1,wide
flow_wide_node9node43_t2,0.0,9.0,I,node9node43,2,wide
flow_wide_node9node43_t3,0.0,9.0,I,node9node43,3,wide
flow_wide_node9node43_t4,0.0,9.0,I,node9node43,4,wide
flow_wide_node9node43_t5,0.0,9.0,I,node9node43,5,wide
flow_timber_node39node6_t1,0.0,9.0,I,node39node6,1,timber
flow_timber_node39node6_t2,0.0,9.0,I,node39node6,2,timber
flow_timber_node39node6_t3,0.0,9.0,I,node39node6,3,timber
flow_timber_node39node6_t4,0.0,9.0,I,node39node6,4,timber
flow_timber_node39node6_t5,0.0,9.0,I,node39node6,5,timber
flow_wide_node39node6_t1,0.0,9.0,I,node39node6,1,wide
flow_wide_node39node6_t2,0.0,9.0,I,node39node6,2,wide
flow_wide_node39node6_t3,0.0,9.0,I,node39node6,3,wide
flow_wide_node39node6_t4,0.0,9.0,I,node39node6,4,wide
flow_wide_node39node6_t5,0.0,9.0,I,node39node6,5,wide
flow_timber_node39node17_t1,0.0,9.0,I,node39node17,1,timber
flow_timber_node39node17_t2,0.0,9.0,I,node39node17,2,timber
flow_timber_node39node17_t3,0.0,9.0,I,node39node17,3,timber
flow_timber_node39node17_t4,0.0,9.0,I,node39node17,4,timber
flow_timber_node39node17_t5,0.0,9.0,I,node39node17,5,timber
flow_wide_node39node17_t1,0.0,9.0,I,node39node17,1,wide
flow_wide_node39node17_t2,0.0,9.0,I,node39node17,2,wide
flow_wide_node39node17_t3,0.0,9.0,I,node39node17,3,wide
flow_wide_node39node17_t4,0.0,9.0,I,node39node17,4,wide
flow_wide_node39node17_t5,0.0,9.0,I,node39node17,5,wide
flow_timber_node29node6_t1,0.0,9.0,I,node29node6,1,timber
flow_timber_node29node6_t2,0.0,9.0,I,node29node6,2,timber
flow_timber_node29node6_t3,0.0,9.0,I,node29node6,3,timber
flow_timber_node29node6_t4,0.0,9.0,I,node29node6,4,timber
flow_timber_node29node6_t5,0.0,9.0,I,node29node6,5,timber
flow_wide_node29node6_t1,0.0,9.0,I,node29node6,1,wide
flow_wide_node29node6_t2,0.0,9.0,I,node29node6,2,wide
flow_wide_node29node6_t3,0.0,9.0,I,node29node6,3,wide
flow_wide_node29node6_t4,0.0,9.0,I,node29node6,4,wide
flow_wide_node29node6_t5,0.0,9.0,I,node29node6,5,wide
flow_timber_node29node10_t1,0.0,9.0,I,node29node10,1,timber
flow_timber_node29node10_t2,0.0,9.0,I,node29node10,2,timber
flow_timber_node29node10_t3,0.0,9.0,I,node29node10,3,timber
flow_timber_node29node10_t4,0.0,9.0,I,node29node10,4,timber
flow_timber_node29node10_t5,0.0,9.0,I,node29node10,5,timber
flow_wide_node29node10_t1,0.0,9.0,I,node29node10,1,wide
flow_wide_node29node10_t2,0.0,9.0,I,node29node10,2,wide
flow_wide_node29node10_t3,0.0,9.0,I,node29node10,3,wide
flow_wide_node29node10_t4,0.0,9.0,I,node29node10,4,wide
flow_wide_node29node10_t5,0.0,9.0,I,node29node10,5,wide
flow_timber_node29node37_t1,0.0,9.0,I,node29node37,1,timber
flow_timber_node29node37_t2,0.0,9.0,I,node29node37,2,timber
flow_timber_node29node37_t3,0.0,9.0,I,node29node37,3,timber
flow_timber_node29node37_t4,0.0,9.0,I,node29node37,4,timber
flow_timber_node29node37_t5,0.0,9.0,I,node29node37,5,timber
flow_wide_node29node37_t1,0.0,9.0,I,node29node37,1,wide
flow_wide_node29node37_t2,0.0,9.0,I,node29node37,2,wide
flow_wide_node29node37_t3,0.0,9.0,I,node29node37,3,wide
flow_wide_node29node37_t4,0.0,9.0,I,node29node37,4,wide
flow_wide_node29node37_t5,0.0,9.0,I,node29node37,5,wide
flow_timber_node29node43_t1,0.0,9.0,I,node29node43,1,timber
flow_timber_node29node43_t2,0.0,9.0,I,node29node43,2,timber
flow_timber_node29node43_t3,0.0,9.0,I,node29node43,3,timber
flow_timber_node29node43_t4,0.0,9.0,I,node29node43,4,timber
flow_timber_node29node43_t5,0.0,9.0,I,node29node43,5,timber
flow_wide_node29node43_t1,0.0,9.0,I,node29node43,1,wide
flow_wide_node29node43_t2,0.0,9.0,I,node29node43,2,wide
flow_wide_node29node43_t3,0.0,9.0,I,node29node43,3,wide
flow_wide_node29node43_t4,0.0,9.0,I,node29node43,4,wide
flow_wide_node29node43_t5,0.0,9.0,I,node29node43,5,wide
flow_timber_node23node7_t1,0.0,9.0,I,node23node7,1,timber
flow_timber_node23node7_t2,0.0,9.0,I,node23node7,2,timber
flow_timber_node23node7_t3,0.0,9.0,I,node23node7,3,timber
flow_timber_node23node7_t4,0.0,9.0,I,node23node7,4,timber
flow_timber_node23node7_t5,0.0,9.0,I,node23node7,5,timber
flow_wide_node23node7_t1,0.0,9.0,I,node23node7,1,wide
flow_wide_node23node7_t2,0.0,9.0,I,node23node7,2,wide
flow_wide_node23node7_t3,0.0,9.0,I,node23node7,3,wide
flow_wide_node23node7_t4,0.0,9.0,I,node23node7,4,wide
flow_wide_node23node7_t5,0.0,9.0,I,node23node7,5,wide
flow_timber_node23node12_t1,0.0,9.0,I,node23node12,1,timber
flow_timber_node23node12_t2,0.0,9.0,I,node23node12,2,timber
flow_timber_node23node12_t3,0.0,9.0,I,node23node12,3,timber
flow_timber_node23node12_t4,0.0,9.0,I,node23node12,4,timber
flow_timber_node23node12_t5,0.0,9.0,I,node23node12,5,timber
flow_wide_node23node12_t1,0.0,9.0,I,node23node12,1,wide
flow_wide_node23node12_t2,0.0,9.0,I,node23node12,2,wide
flow_wide_node23node12_t3,0.0,9.0,I,node23node12,3,wide
flow_wide_node23node12_t4,0.0,9.0,I,node23node12,4,wide
flow_wide_node23node12_t5,0.0,9.0,I,node23node12,5,wide
flow_timber_node23node15_t1,0.0,9.0,I,node23node15,1,timber
flow_timber_node23node15_t2,0.0,9.0,I,node23node15,2,timber
flow_timber_node23node15_t3,0.0,9.0,I,node23node15,3,timber
flow_timber_node23node15_t4,0.0,9.0,I,node23node15,4,timber
flow_timber_node23node15_t5,0.0,9.0,I,node23node15,5,timber
flow_wide_node23node15_t1,0.0,9.0,I,node23node15,1,wide
flow_wide_node23node15_t2,0.0,9.0,I,node23node15,2,wide
flow_wide_node23node15_t3,0.0,9.0,I,node23node15,3,wide
flow_wide_node23node15_t4,0.0,9.0,I,node23node15,4,wide
flow_wide_node23node15_t5,0.0,9.0,I,node23node15,5,wide
flow_timber_node23node40_t1,0.0,9.0,I,node23node40,1,timber
flow_timber_node23node40_t2,0.0,9.0,I,node23node40,2,timber
flow_timber_node23node40_t3,0.0,9.0,I,node23node40,3,timber
flow_timber_node23node40_t4,0.0,9.0,I,node23node40,4,timber
flow_timber_node23node40_t5,0.0,9.0,I,node23node40,5,timber
flow_wide_node23node40_t1,0.0,9.0,I,node23node40,1,wide
flow_wide_node23node40_t2,0.0,9.0,I,node23node40,2,wide
flow_wide_node23node40_t3,0.0,9.0,I,node23node40,3,wide
flow_wide_node23node40_t4,0.0,9.0,I,node23node40,4,wide
flow_wide_node23node40_t5,0.0,9.0,I,node23node40,5,wide
flow_timber_node23node41_t1,0.0,9.0,I,node23node41,1,timber
flow_timber_node23node41_t2,0.0,9.0,I,node23node41,2,timber
flow_timber_node23node41_t3,0.0,9.0,I,node23node41,3,timber
flow_timber_node23node41_t4,0.0,9.0,I,node23node41,4,timber
flow_timber_node23node41_t5,0.0,9.0,I,node23node41,5,timber
flow_wide_node23node41_t1,0.0,9.0,I,node23node41,1,wide
flow_wide_node23node41_t2,0.0,9.0,I,node23node41,2,wide
flow_wide_node23node41_t3,0.0,9.0,I,node23node41,3,wide
flow_wide_node23node41_t4,0.0,9.0,I,node23node41,4,wide
flow_wide_node23node41_t5,0.0,9.0,I,node23node41,5,wide
flow_timber_node41node7_t1,0.0,9.0,I,node41node7,1,timber
flow_timber_node41node7_t2,0.0,9.0,I,node41node7,2,timber
flow_timber_node41node7_t3,0.0,9.0,I,node41node7,3,timber
flow_timber_node41node7_t4,0.0,9.0,I,node41node7,4,timber
flow_timber_node41node7_t5,0.0,9.0,I,node41node7,5,timber
flow_wide_node41node7_t1,0.0,9.0,I,node41node7,1,wide
flow_wide_node41node7_t2,0.0,9.0,I,node41node7,2,wide
flow_wide_node41node7_t3,0.0,9.0,I,node41node7,3,wide
flow_wide_node41node7_t4,0.0,9.0,I,node41node7,4,wide
flow_wide_node41node7_t5,0.0,9.0,I,node41node7,5,wide
flow_timber_node41node15_t1,0.0,9.0,I,node41node15,1,timber
flow_timber_node41node15_t2,0.0,9.0,I,node41node15,2,timber
flow_timber_node41node15_t3,0.0,9.0,I,node41node15,3,timber
flow_timber_node41node15_t4,0.0,9.0,I,node41node15,4,timber
flow_timber_node41node15_t5,0.0,9.0,I,node41node15,5,timber
flow_wide_node41node15_t1,0.0,9.0,I,node41node15,1,wide
flow_wide_node41node15_t2,0.0,9.0,I,node41node15,2,wide
flow_wide_node41node15_t3,0.0,9.0,I,node41node15,3,wide
flow_wide_node41node15_t4,0.0,9.0,I,node41node15,4,wide
flow_wide_node41node15_t5,0.0,9.0,I,node41node15,5,wide
flow_timber_node41node23_t1,0.0,9.0,I,node41node23,1,timber
flow_timber_node41node23_t2,0.0,9.0,I,node41node23,2,timber
flow_timber_node41node23_t3,0.0,9.0,I,node41node23,3,timber
flow_timber_node41node23_t4,0.0,9.0,I,node41node23,4,timber
flow_timber_node41node23_t5,0.0,9.0,I,node41node23,5,timber
flow_wide_node41node23_t1,0.0,9.0,I,node41node23,1,wide
flow_wide_node41node23_t2,0.0,9.0,I,node41node23,2,wide
flow_wide_node41node23_t3,0.0,9.0,I,node41node23,3,wide
flow_wide_node41node23_t4,0.0,9.0,I,node41node23,4,wide
flow_wide_node41node23_t5,0.0,9.0,I,node41node23,5,wide
flow_timber_node41node27_t1,0.0,9.0,I,node41node27,1,timber
flow_timber_node41node27_t2,0.0,9.0,I,node41node27,2,timber
flow_timber_node41node27_t3,0.0,9.0,I,node41node27,3,timber
flow_timber_node41node27_t4,0.0,9.0,I,node41node27,4,timber
flow_timber_node41node27_t5,0.0,9.0,I,node41node27,5,timber
flow_wide_node41node27_t1,0.0,9.0,I,node41node27,1,wide
flow_wide_node41node27_t2,0.0,9.0,I,node41node27,2,wide
flow_wide_node41node27_t3,0.0,9.0,I,node41node27,3,wide
flow_wide_node41node27_t4,0.0,9.0,I,node41node27,4,wide
flow_wide_node41node27_t5,0.0,9.0,I,node41node27,5,wide
flow_timber_node14node8_t1,0.0,9.0,I,node14node8,1,timber
flow_timber_node14node8_t2,0.0,9.0,I,node14node8,2,timber
flow_timber_node14node8_t3,0.0,9.0,I,node14node8,3,timber
flow_timber_node14node8_t4,0.0,9.0,I,node14node8,4,timber
flow_timber_node14node8_t5,0.0,9.0,I,node14node8,5,timber
flow_wide_node14node8_t1,0.0,9.0,I,node14node8,1,wide
flow_wide_node14node8_t2,0.0,9.0,I,node14node8,2,wide
flow_wide_node14node8_t3,0.0,9.0,I,node14node8,3,wide
flow_wide_node14node8_t4,0.0,9.0,I,node14node8,4,wide
flow_wide_node14node8_t5,0.0,9.0,I,node14node8,5,wide
flow_timber_node14node10_t1,0.0,9.0,I,node14node10,1,timber
flow_timber_node14node10_t2,0.0,9.0,I,node14node10,2,timber
flow_timber_node14node10_t3,0.0,9.0,I,node14node10,3,timber
flow_timber_node14node10_t4,0.0,9.0,I,node14node10,4,timber
flow_timber_node14node10_t5,0.0,9.0,I,node14node10,5,timber
flow_wide_node14node10_t1,0.0,9.0,I,node14node10,1,wide
flow_wide_node14node10_t2,0.0,9.0,I,node14node10,2,wide
flow_wide_node14node10_t3,0.0,9.0,I,node14node10,3,wide
flow_wide_node14node10_t4,0.0,9.0,I,node14node10,4,wide
flow_wide_node14node10_t5,0.0,9.0,I,node14node10,5,wide
flow_timber_node14node33_t1,0.0,9.0,I,node14node33,1,timber
flow_timber_node14node33_t2,0.0,9.0,I,node14node33,2,timber
flow_timber_node14node33_t3,0.0,9.0,I,node14node33,3,timber
flow_timber_node14node33_t4,0.0,9.0,I,node14node33,4,timber
flow_timber_node14node33_t5,0.0,9.0,I,node14node33,5,timber
flow_wide_node14node33_t1,0.0,9.0,I,node14node33,1,wide
flow_wide_node14node33_t2,0.0,9.0,I,node14node33,2,wide
flow_wide_node14node33_t3,0.0,9.0,I,node14node33,3,wide
flow_wide_node14node33_t4,0.0,9.0,I,node14node33,4,wide
flow_wide_node14node33_t5,0.0,9.0,I,node14node33,5,wide
flow_timber_node14node43_t1,0.0,9.0,I,node14node43,1,timber
flow_timber_node14node43_t2,0.0,9.0,I,node14node43,2,timber
flow_timber_node14node43_t3,0.0,9.0,I,node14node43,3,timber
flow_timber_node14node43_t4,0.0,9.0,I,node14node43,4,timber
flow_timber_node14node43_t5,0.0,9.0,I,node14node43,5,timber
flow_wide_node14node43_t1,0.0,9.0,I,node14node43,1,wide
flow_wide_node14node43_t2,0.0,9.0,I,node14node43,2,wide
flow_wide_node14node43_t3,0.0,9.0,I,node14node43,3,wide
flow_wide_node14node43_t4,0.0,9.0,I,node14node43,4,wide
flow_wide_node14node43_t5,0.0,9.0,I,node14node43,5,wide
flow_timber_node20node8_t1,0.0,9.0,I,node20node8,1,timber
flow_timber_node20node8_t2,0.0,9.0,I,node20node8,2,timber
flow_timber_node20node8_t3,0.0,9.0,I,node20node8,3,timber
flow_timber_node20node8_t4,0.0,9.0,I,node20node8,4,timber
flow_timber_node20node8_t5,0.0,9.0,I,node20node8,5,timber
flow_wide_node20node8_t1,0.0,9.0,I,node20node8,1,wide
flow_wide_node20node8_t2,0.0,9.0,I,node20node8,2,wide
flow_wide_node20node8_t3,0.0,9.0,I,node20node8,3,wide
flow_wide_node20node8_t4,0.0,9.0,I,node20node8,4,wide
flow_wide_node20node8_t5,0.0,9.0,I,node20node8,5,wide
flow_timber_node20node36_t1,0.0,9.0,I,node20node36,1,timber
flow_timber_node20node36_t2,0.0,9.0,I,node20node36,2,timber
flow_timber_node20node36_t3,0.0,9.0,I,node20node36,3,timber
flow_timber_node20node36_t4,0.0,9.0,I,node20node36,4,timber
flow_timber_node20node36_t5,0.0,9.0,I,node20node36,5,timber
flow_wide_node20node36_t1,0.0,9.0,I,node20node36,1,wide
flow_wide_node20node36_t2,0.0,9.0,I,node20node36,2,wide
flow_wide_node20node36_t3,0.0,9.0,I,node20node36,3,wide
flow_wide_node20node36_t4,0.0,9.0,I,node20node36,4,wide
flow_wide_node20node36_t5,0.0,9.0,I,node20node36,5,wide
flow_timber_node20node32_t1,0.0,9.0,I,node20node32,1,timber
flow_timber_node20node32_t2,0.0,9.0,I,node20node32,2,timber
flow_timber_node20node32_t3,0.0,9.0,I,node20node32,3,timber
flow_timber_node20node32_t4,0.0,9.0,I,node20node32,4,timber
flow_timber_node20node32_t5,0.0,9.0,I,node20node32,5,timber
flow_wide_node20node32_t1,0.0,9.0,I,node20node32,1,wide
flow_wide_node20node32_t2,0.0,9.0,I,node20node32,2,wide
flow_wide_node20node32_t3,0.0,9.0,I,node20node32,3,wide
flow_wide_node20node32_t4,0.0,9.0,I,node20node32,4,wide
flow_wide_node20node32_t5,0.0,9.0,I,node20node32,5,wide
flow_timber_node31node9_t1,0.0,9.0,I,node31node9,1,timber
flow_timber_node31node9_t2,0.0,9.0,I,node31node9,2,timber
flow_timber_node31node9_t3,0.0,9.0,I,node31node9,3,timber
flow_timber_node31node9_t4,0.0,9.0,I,node31node9,4,timber
flow_timber_node31node9_t5,0.0,9.0,I,node31node9,5,timber
flow_wide_node31node9_t1,0.0,9.0,I,node31node9,1,wide
flow_wide_node31node9_t2,0.0,9.0,I,node31node9,2,wide
flow_wide_node31node9_t3,0.0,9.0,I,node31node9,3,wide
flow_wide_node31node9_t4,0.0,9.0,I,node31node9,4,wide
flow_wide_node31node9_t5,0.0,9.0,I,node31node9,5,wide
flow_timber_node31node24_t1,0.0,9.0,I,node31node24,1,timber
flow_timber_node31node24_t2,0.0,9.0,I,node31node24,2,timber
flow_timber_node31node24_t3,0.0,9.0,I,node31node24,3,timber
flow_timber_node31node24_t4,0.0,9.0,I,node31node24,4,timber
flow_timber_node31node24_t5,0.0,9.0,I,node31node24,5,timber
flow_wide_node31node24_t1,0.0,9.0,I,node31node24,1,wide
flow_wide_node31node24_t2,0.0,9.0,I,node31node24,2,wide
flow_wide_node31node24_t3,0.0,9.0,I,node31node24,3,wide
flow_wide_node31node24_t4,0.0,9.0,I,node31node24,4,wide
flow_wide_node31node24_t5,0.0,9.0,I,node31node24,5,wide
flow_timber_node11node9_t1,0.0,9.0,I,node11node9,1,timber
flow_timber_node11node9_t2,0.0,9.0,I,node11node9,2,timber
flow_timber_node11node9_t3,0.0,9.0,I,node11node9,3,timber
flow_timber_node11node9_t4,0.0,9.0,I,node11node9,4,timber
flow_timber_node11node9_t5,0.0,9.0,I,node11node9,5,timber
flow_wide_node11node9_t1,0.0,9.0,I,node11node9,1,wide
flow_wide_node11node9_t2,0.0,9.0,I,node11node9,2,wide
flow_wide_node11node9_t3,0.0,9.0,I,node11node9,3,wide
flow_wide_node11node9_t4,0.0,9.0,I,node11node9,4,wide
flow_wide_node11node9_t5,0.0,9.0,I,node11node9,5,wide
flow_timber_node11node28_t1,0.0,9.0,I,node11node28,1,timber
flow_timber_node11node28_t2,0.0,9.0,I,node11node28,2,timber
flow_timber_node11node28_t3,0.0,9.0,I,node11node28,3,timber
flow_timber_node11node28_t4,0.0,9.0,I,node11node28,4,timber
flow_timber_node11node28_t5,0.0,9.0,I,node11node28,5,timber
flow_wide_node11node28_t1,0.0,9.0,I,node11node28,1,wide
flow_wide_node11node28_t2,0.0,9.0,I,node11node28,2,wide
flow_wide_node11node28_t3,0.0,9.0,I,node11node28,3,wide
flow_wide_node11node28_t4,0.0,9.0,I,node11node28,4,wide
flow_wide_node11node28_t5,0.0,9.0,I,node11node28,5,wide
flow_timber_node11node16_t1,0.0,9.0,I,node11node16,1,timber
flow_timber_node11node16_t2,0.0,9.0,I,node11node16,2,timber
flow_timber_node11node16_t3,0.0,9.0,I,node11node16,3,timber
flow_timber_node11node16_t4,0.0,9.0,I,node11node16,4,timber
flow_timber_node11node16_t5,0.0,9.0,I,node11node16,5,timber
flow_wide_node11node16_t1,0.0,9.0,I,node11node16,1,wide
flow_wide_node11node16_t2,0.0,9.0,I,node11node16,2,wide
flow_wide_node11node16_t3,0.0,9.0,I,node11node16,3,wide
flow_wide_node11node16_t4,0.0,9.0,I,node11node16,4,wide
flow_wide_node11node16_t5,0.0,9.0,I,node11node16,5,wide
flow_timber_node11node43_t1,0.0,9.0,I,node11node43,1,timber
flow_timber_node11node43_t2,0.0,9.0,I,node11node43,2,timber
flow_timber_node11node43_t3,0.0,9.0,I,node11node43,3,timber
flow_timber_node11node43_t4,0.0,9.0,I,node11node43,4,timber
flow_timber_node11node43_t5,0.0,9.0,I,node11node43,5,timber
flow_wide_node11node43_t1,0.0,9.0,I,node11node43,1,wide
flow_wide_node11node43_t2,0.0,9.0,I,node11node43,2,wide
flow_wide_node11node43_t3,0.0,9.0,I,node11node43,3,wide
flow_wide_node11node43_t4,0.0,9.0,I,node11node43,4,wide
flow_wide_node11node43_t5,0.0,9.0,I,node11node43,5,wide
flow_timber_node11node45_t1,0.0,9.0,I,node11node45,1,timber
flow_timber_node11node45_t2,0.0,9.0,I,node11node45,2,timber
flow_timber_node11node45_t3,0.0,9.0,I,node11node45,3,timber
flow_timber_node11node45_t4,0.0,9.0,I,node11node45,4,timber
flow_timber_node11node45_t5,0.0,9.0,I,node11node45,5,timber
flow_wide_node11node45_t1,0.0,9.0,I,node11node45,1,wide
flow_wide_node11node45_t2,0.0,9.0,I,node11node45,2,wide
flow_wide_node11node45_t3,0.0,9.0,I,node11node45,3,wide
flow_wide_node11node45_t4,0.0,9.0,I,node11node45,4,wide
flow_wide_node11node45_t5,0.0,9.0,I,node11node45,5,wide
flow_timber_node10node29_t1,0.0,9.0,I,node10node29,1,timber
flow_timber_node10node29_t2,0.0,9.0,I,node10node29,2,timber
flow_timber_node10node29_t3,0.0,9.0,I,node10node29,3,timber
flow_timber_node10node29_t4,0.0,9.0,I,node10node29,4,timber
flow_timber_node10node29_t5,0.0,9.0,I,node10node29,5,timber
flow_wide_node10node29_t1,0.0,9.0,I,node10node29,1,wide
flow_wide_node10node29_t2,0.0,9.0,I,node10node29,2,wide
flow_wide_node10node29_t3,0.0,9.0,I,node10node29,3,wide
flow_wide_node10node29_t4,0.0,9.0,I,node10node29,4,wide
flow_wide_node10node29_t5,0.0,9.0,I,node10node29,5,wide
flow_timber_node10node14_t1,0.0,9.0,I,node10node14,1,timber
flow_timber_node10node14_t2,0.0,9.0,I,node10node14,2,timber
flow_timber_node10node14_t3,0.0,9.0,I,node10node14,3,timber
flow_timber_node10node14_t4,0.0,9.0,I,node10node14,4,timber
flow_timber_node10node14_t5,0.0,9.0,I,node10node14,5,timber
flow_wide_node10node14_t1,0.0,9.0,I,node10node14,1,wide
flow_wide_node10node14_t2,0.0,9.0,I,node10node14,2,wide
flow_wide_node10node14_t3,0.0,9.0,I,node10node14,3,wide
flow_wide_node10node14_t4,0.0,9.0,I,node10node14,4,wide
flow_wide_node10node14_t5,0.0,9.0,I,node10node14,5,wide
flow_timber_node10node35_t1,0.0,9.0,I,node10node35,1,timber
flow_timber_node10node35_t2,0.0,9.0,I,node10node35,2,timber
flow_timber_node10node35_t3,0.0,9.0,I,node10node35,3,timber
flow_timber_node10node35_t4,0.0,9.0,I,node10node35,4,timber
flow_timber_node10node35_t5,0.0,9.0,I,node10node35,5,timber
flow_wide_node10node35_t1,0.0,9.0,I,node10node35,1,wide
flow_wide_node10node35_t2,0.0,9.0,I,node10node35,2,wide
flow_wide_node10node35_t3,0.0,9.0,I,node10node35,3,wide
flow_wide_node10node35_t4,0.0,9.0,I,node10node35,4,wide
flow_wide_node10node35_t5,0.0,9.0,I,node10node35,5,wide
flow_timber_node10node43_t1,0.0,9.0,I,node10node43,1,timber
flow_timber_node10node43_t2,0.0,9.0,I,node10node43,2,timber
flow_timber_node10node43_t3,0.0,9.0,I,node10node43,3,timber
flow_timber_node10node43_t4,0.0,9.0,I,node10node43,4,timber
flow_timber_node10node43_t5,0.0,9.0,I,node10node43,5,timber
flow_wide_node10node43_t1,0.0,9.0,I,node10node43,1,wide
flow_wide_node10node43_t2,0.0,9.0,I,node10node43,2,wide
flow_wide_node10node43_t3,0.0,9.0,I,node10node43,3,wide
flow_wide_node10node43_t4,0.0,9.0,I,node10node43,4,wide
flow_wide_node10node43_t5,0.0,9.0,I,node10node43,5,wide
flow_timber_node35node10_t1,0.0,9.0,I,node35node10,1,timber
flow_timber_node35node10_t2,0.0,9.0,I,node35node10,2,timber
flow_timber_node35node10_t3,0.0,9.0,I,node35node10,3,timber
flow_timber_node35node10_t4,0.0,9.0,I,node35node10,4,timber
flow_timber_node35node10_t5,0.0,9.0,I,node35node10,5,timber
flow_wide_node35node10_t1,0.0,9.0,I,node35node10,1,wide
flow_wide_node35node10_t2,0.0,9.0,I,node35node10,2,wide
flow_wide_node35node10_t3,0.0,9.0,I,node35node10,3,wide
flow_wide_node35node10_t4,0.0,9.0,I,node35node10,4,wide
flow_wide_node35node10_t5,0.0,9.0,I,node35node10,5,wide
flow_timber_node35node21_t1,0.0,9.0,I,node35node21,1,timber
flow_timber_node35node21_t2,0.0,9.0,I,node35node21,2,timber
flow_timber_node35node21_t3,0.0,9.0,I,node35node21,3,timber
flow_timber_node35node21_t4,0.0,9.0,I,node35node21,4,timber
flow_timber_node35node21_t5,0.0,9.0,I,node35node21,5,timber
flow_wide_node35node21_t1,0.0,9.0,I,node35node21,1,wide
flow_wide_node35node21_t2,0.0,9.0,I,node35node21,2,wide
flow_wide_node35node21_t3,0.0,9.0,I,node35node21,3,wide
flow_wide_node35node21_t4,0.0,9.0,I,node35node21,4,wide
flow_wide_node35node21_t5,0.0,9.0,I,node35node21,5,wide
flow_timber_node28node11_t1,0.0,9.0,I,node28node11,1,timber
flow_timber_node28node11_t2,0.0,9.0,I,node28node11,2,timber
flow_timber_node28node11_t3,0.0,9.0,I,node28node11,3,timber
flow_timber_node28node11_t4,0.0,9.0,I,node28node11,4,timber
flow_timber_node28node11_t5,0.0,9.0,I,node28node11,5,timber
flow_wide_node28node11_t1,0.0,9.0,I,node28node11,1,wide
flow_wide_node28node11_t2,0.0,9.0,I,node28node11,2,wide
flow_wide_node28node11_t3,0.0,9.0,I,node28node11,3,wide
flow_wide_node28node11_t4,0.0,9.0,I,node28node11,4,wide
flow_wide_node28node11_t5,0.0,9.0,I,node28node11,5,wide
flow_timber_node28node13_t1,0.0,9.0,I,node28node13,1,timber
flow_timber_node28node13_t2,0.0,9.0,I,node28node13,2,timber
flow_timber_node28node13_t3,0.0,9.0,I,node28node13,3,timber
flow_timber_node28node13_t4,0.0,9.0,I,node28node13,4,timber
flow_timber_node28node13_t5,0.0,9.0,I,node28node13,5,timber
flow_wide_node28node13_t1,0.0,9.0,I,node28node13,1,wide
flow_wide_node28node13_t2,0.0,9.0,I,node28node13,2,wide
flow_wide_node28node13_t3,0.0,9.0,I,node28node13,3,wide
flow_wide_node28node13_t4,0.0,9.0,I,node28node13,4,wide
flow_wide_node28node13_t5,0.0,9.0,I,node28node13,5,wide
flow_timber_node28node18_t1,0.0,9.0,I,node28node18,1,timber
flow_timber_node28node18_t2,0.0,9.0,I,node28node18,2,timber
flow_timber_node28node18_t3,0.0,9.0,I,node28node18,3,timber
flow_timber_node28node18_t4,0.0,9.0,I,node28node18,4,timber
flow_timber_node28node18_t5,0.0,9.0,I,node28node18,5,timber
flow_wide_node28node18_t1,0.0,9.0,I,node28node18,1,wide
flow_wide_node28node18_t2,0.0,9.0,I,node28node18,2,wide
flow_wide_node28node18_t3,0.0,9.0,I,node28node18,3,wide
flow_wide_node28node18_t4,0.0,9.0,I,node28node18,4,wide
flow_wide_node28node18_t5,0.0,9.0,I,node28node18,5,wide
flow_timber_node28node43_t1,0.0,9.0,I,node28node43,1,timber
flow_timber_node28node43_t2,0.0,9.0,I,node28node43,2,timber
flow_timber_node28node43_t3,0.0,9.0,I,node28node43,3,timber
flow_timber_node28node43_t4,0.0,9.0,I,node28node43,4,timber
flow_timber_node28node43_t5,0.0,9.0,I,node28node43,5,timber
flow_wide_node28node43_t1,0.0,9.0,I,node28node43,1,wide
flow_wide_node28node43_t2,0.0,9.0,I,node28node43,2,wide
flow_wide_node28node43_t3,0.0,9.0,I,node28node43,3,wide
flow_wide_node28node43_t4,0.0,9.0,I,node28node43,4,wide
flow_wide_node28node43_t5,0.0,9.0,I,node28node43,5,wide
flow_timber_node28node44_t1,0.0,9.0,I,node28node44,1,timber
flow_timber_node28node44_t2,0.0,9.0,I,node28node44,2,timber
flow_timber_node28node44_t3,0.0,9.0,I,node28node44,3,timber
flow_timber_node28node44_t4,0.0,9.0,I,node28node44,4,timber
flow_timber_node28node44_t5,0.0,9.0,I,node28node44,5,timber
flow_wide_node28node44_t1,0.0,9.0,I,node28node44,1,wide
flow_wide_node28node44_t2,0.0,9.0,I,node28node44,2,wide
flow_wide_node28node44_t3,0.0,9.0,I,node28node44,3,wide
flow_wide_node28node44_t4,0.0,9.0,I,node28node44,4,wide
flow_wide_node28node44_t5,0.0,9.0,I,node28node44,5,wide
flow_timber_node28node45_t1,0.0,9.0,I,node28node45,1,timber
flow_timber_node28node45_t2,0.0,9.0,I,node28node45,2,timber
flow_timber_node28node45_t3,0.0,9.0,I,node28node45,3,timber
flow_timber_node28node45_t4,0.0,9.0,I,node28node45,4,timber
flow_timber_node28node45_t5,0.0,9.0,I,node28node45,5,timber
flow_wide_node28node45_t1,0.0,9.0,I,node28node45,1,wide
flow_wide_node28node45_t2,0.0,9.0,I,node28node45,2,wide
flow_wide_node28node45_t3,0.0,9.0,I,node28node45,3,wide
flow_wide_node28node45_t4,0.0,9.0,I,node28node45,4,wide
flow_wide_node28node45_t5,0.0,9.0,I,node28node45,5,wide
flow_timber_node16node11_t1,0.0,9.0,I,node16node11,1,timber
flow_timber_node16node11_t2,0.0,9.0,I,node16node11,2,timber
flow_timber_node16node11_t3,0.0,9.0,I,node16node11,3,timber
flow_timber_node16node11_t4,0.0,9.0,I,node16node11,4,timber
flow_timber_node16node11_t5,0.0,9.0,I,node16node11,5,timber
flow_wide_node16node11_t1,0.0,9.0,I,node16node11,1,wide
flow_wide_node16node11_t2,0.0,9.0,I,node16node11,2,wide
flow_wide_node16node11_t3,0.0,9.0,I,node16node11,3,wide
flow_wide_node16node11_t4,0.0,9.0,I,node16node11,4,wide
flow_wide_node16node11_t5,0.0,9.0,I,node16node11,5,wide
flow_timber_node16node30_t1,0.0,9.0,I,node16node30,1,timber
flow_timber_node16node30_t2,0.0,9.0,I,node16node30,2,timber
flow_timber_node16node30_t3,0.0,9.0,I,node16node30,3,timber
flow_timber_node16node30_t4,0.0,9.0,I,node16node30,4,timber
flow_timber_node16node30_t5,0.0,9.0,I,node16node30,5,timber
flow_wide_node16node30_t1,0.0,9.0,I,node16node30,1,wide
flow_wide_node16node30_t2,0.0,9.0,I,node16node30,2,wide
flow_wide_node16node30_t3,0.0,9.0,I,node16node30,3,wide
flow_wide_node16node30_t4,0.0,9.0,I,node16node30,4,wide
flow_wide_node16node30_t5,0.0,9.0,I,node16node30,5,wide
flow_timber_node16node18_t1,0.0,9.0,I,node16node18,1,timber
flow_timber_node16node18_t2,0.0,9.0,I,node16node18,2,timber
flow_timber_node16node18_t3,0.0,9.0,I,node16node18,3,timber
flow_timber_node16node18_t4,0.0,9.0,I,node16node18,4,timber
flow_timber_node16node18_t5,0.0,9.0,I,node16node18,5,timber
flow_wide_node16node18_t1,0.0,9.0,I,node16node18,1,wide
flow_wide_node16node18_t2,0.0,9.0,I,node16node18,2,wide
flow_wide_node16node18_t3,0.0,9.0,I,node16node18,3,wide
flow_wide_node16node18_t4,0.0,9.0,I,node16node18,4,wide
flow_wide_node16node18_t5,0.0,9.0,I,node16node18,5,wide
flow_timber_node16node45_t1,0.0,9.0,I,node16node45,1,timber
flow_timber_node16node45_t2,0.0,9.0,I,node16node45,2,timber
flow_timber_node16node45_t3,0.0,9.0,I,node16node45,3,timber
flow_timber_node16node45_t4,0.0,9.0,I,node16node45,4,timber
flow_timber_node16node45_t5,0.0,9.0,I,node16node45,5,timber
flow_wide_node16node45_t1,0.0,9.0,I,node16node45,1,wide
flow_wide_node16node45_t2,0.0,9.0,I,node16node45,2,wide
flow_wide_node16node45_t3,0.0,9.0,I,node16node45,3,wide
flow_wide_node16node45_t4,0.0,9.0,I,node16node45,4,wide
flow_wide_node16node45_t5,0.0,9.0,I,node16node45,5,wide
flow_timber_node45node11_t1,0.0,9.0,I,node45node11,1,timber
flow_timber_node45node11_t2,0.0,9.0,I,node45node11,2,timber
flow_timber_node45node11_t3,0.0,9.0,I,node45node11,3,timber
flow_timber_node45node11_t4,0.0,9.0,I,node45node11,4,timber
flow_timber_node45node11_t5,0.0,9.0,I,node45node11,5,timber
flow_wide_node45node11_t1,0.0,9.0,I,node45node11,1,wide
flow_wide_node45node11_t2,0.0,9.0,I,node45node11,2,wide
flow_wide_node45node11_t3,0.0,9.0,I,node45node11,3,wide
flow_wide_node45node11_t4,0.0,9.0,I,node45node11,4,wide
flow_wide_node45node11_t5,0.0,9.0,I,node45node11,5,wide
flow_timber_node45node16_t1,0.0,9.0,I,node45node16,1,timber
flow_timber_node45node16_t2,0.0,9.0,I,node45node16,2,timber
flow_timber_node45node16_t3,0.0,9.0,I,node45node16,3,timber
flow_timber_node45node16_t4,0.0,9.0,I,node45node16,4,timber
flow_timber_node45node16_t5,0.0,9.0,I,node45node16,5,timber
flow_wide_node45node16_t1,0.0,9.0,I,node45node16,1,wide
flow_wide_node45node16_t2,0.0,9.0,I,node45node16,2,wide
flow_wide_node45node16_t3,0.0,9.0,I,node45node16,3,wide
flow_wide_node45node16_t4,0.0,9.0,I,node45node16,4,wide
flow_wide_node45node16_t5,0.0,9.0,I,node45node16,5,wide
flow_timber_node45node18_t1,0.0,9.0,I,node45node18,1,timber
flow_timber_node45node18_t2,0.0,9.0,I,node45node18,2,timber
flow_timber_node45node18_t3,0.0,9.0,I,node45node18,3,timber
flow_timber_node45node18_t4,0.0,9.0,I,node45node18,4,timber
flow_timber_node45node18_t5,0.0,9.0,I,node45node18,5,timber
flow_wide_node45node18_t1,0.0,9.0,I,node45node18,1,wide
flow_wide_node45node18_t2,0.0,9.0,I,node45node18,2,wide
flow_wide_node45node18_t3,0.0,9.0,I,node45node18,3,wide
flow_wide_node45node18_t4,0.0,9.0,I,node45node18,4,wide
flow_wide_node45node18_t5,0.0,9.0,I,node45node18,5,wide
flow_timber_node45node28_t1,0.0,9.0,I,node45node28,1,timber
flow_timber_node45node28_t2,0.0,9.0,I,node45node28,2,timber
flow_timber_node45node28_t3,0.0,9.0,I,node45node28,3,timber
flow_timber_node45node28_t4,0.0,9.0,I,node45node28,4,timber
flow_timber_node45node28_t5,0.0,9.0,I,node45node28,5,timber
flow_wide_node45node28_t1,0.0,9.0,I,node45node28,1,wide
flow_wide_node45node28_t2,0.0,9.0,I,node45node28,2,wide
flow_wide_node45node28_t3,0.0,9.0,I,node45node28,3,wide
flow_wide_node45node28_t4,0.0,9.0,I,node45node28,4,wide
flow_wide_node45node28_t5,0.0,9.0,I,node45node28,5,wide
flow_timber_node12node15_t1,0.0,9.0,I,node12node15,1,timber
flow_timber_node12node15_t2,0.0,9.0,I,node12node15,2,timber
flow_timber_node12node15_t3,0.0,9.0,I,node12node15,3,timber
flow_timber_node12node15_t4,0.0,9.0,I,node12node15,4,timber
flow_timber_node12node15_t5,0.0,9.0,I,node12node15,5,timber
flow_wide_node12node15_t1,0.0,9.0,I,node12node15,1,wide
flow_wide_node12node15_t2,0.0,9.0,I,node12node15,2,wide
flow_wide_node12node15_t3,0.0,9.0,I,node12node15,3,wide
flow_wide_node12node15_t4,0.0,9.0,I,node12node15,4,wide
flow_wide_node12node15_t5,0.0,9.0,I,node12node15,5,wide
flow_timber_node12node23_t1,0.0,9.0,I,node12node23,1,timber
flow_timber_node12node23_t2,0.0,9.0,I,node12node23,2,timber
flow_timber_node12node23_t3,0.0,9.0,I,node12node23,3,timber
flow_timber_node12node23_t4,0.0,9.0,I,node12node23,4,timber
flow_timber_node12node23_t5,0.0,9.0,I,node12node23,5,timber
flow_wide_node12node23_t1,0.0,9.0,I,node12node23,1,wide
flow_wide_node12node23_t2,0.0,9.0,I,node12node23,2,wide
flow_wide_node12node23_t3,0.0,9.0,I,node12node23,3,wide
flow_wide_node12node23_t4,0.0,9.0,I,node12node23,4,wide
flow_wide_node12node23_t5,0.0,9.0,I,node12node23,5,wide
flow_timber_node12node40_t1,0.0,9.0,I,node12node40,1,timber
flow_timber_node12node40_t2,0.0,9.0,I,node12node40,2,timber
flow_timber_node12node40_t3,0.0,9.0,I,node12node40,3,timber
flow_timber_node12node40_t4,0.0,9.0,I,node12node40,4,timber
flow_timber_node12node40_t5,0.0,9.0,I,node12node40,5,timber
flow_wide_node12node40_t1,0.0,9.0,I,node12node40,1,wide
flow_wide_node12node40_t2,0.0,9.0,I,node12node40,2,wide
flow_wide_node12node40_t3,0.0,9.0,I,node12node40,3,wide
flow_wide_node12node40_t4,0.0,9.0,I,node12node40,4,wide
flow_wide_node12node40_t5,0.0,9.0,I,node12node40,5,wide
flow_timber_node15node12_t1,0.0,9.0,I,node15node12,1,timber
flow_timber_node15node12_t2,0.0,9.0,I,node15node12,2,timber
flow_timber_node15node12_t3,0.0,9.0,I,node15node12,3,timber
flow_timber_node15node12_t4,0.0,9.0,I,node15node12,4,timber
flow_timber_node15node12_t5,0.0,9.0,I,node15node12,5,timber
flow_wide_node15node12_t1,0.0,9.0,I,node15node12,1,wide
flow_wide_node15node12_t2,0.0,9.0,I,node15node12,2,wide
flow_wide_node15node12_t3,0.0,9.0,I,node15node12,3,wide
flow_wide_node15node12_t4,0.0,9.0,I,node15node12,4,wide
flow_wide_node15node12_t5,0.0,9.0,I,node15node12,5,wide
flow_timber_node15node23_t1,0.0,9.0,I,node15node23,1,timber
flow_timber_node15node23_t2,0.0,9.0,I,node15node23,2,timber
flow_timber_node15node23_t3,0.0,9.0,I,node15node23,3,timber
flow_timber_node15node23_t4,0.0,9.0,I,node15node23,4,timber
flow_timber_node15node23_t5,0.0,9.0,I,node15node23,5,timber
flow_wide_node15node23_t1,0.0,9.0,I,node15node23,1,wide
flow_wide_node15node23_t2,0.0,9.0,I,node15node23,2,wide
flow_wide_node15node23_t3,0.0,9.0,I,node15node23,3,wide
flow_wide_node15node23_t4,0.0,9.0,I,node15node23,4,wide
flow_wide_node15node23_t5,0.0,9.0,I,node15node23,5,wide
flow_timber_node15node27_t1,0.0,9.0,I,node15node27,1,timber
flow_timber_node15node27_t2,0.0,9.0,I,node15node27,2,timber
flow_timber_node15node27_t3,0.0,9.0,I,node15node27,3,timber
flow_timber_node15node27_t4,0.0,9.0,I,node15node27,4,timber
flow_timber_node15node27_t5,0.0,9.0,I,node15node27,5,timber
flow_wide_node15node27_t1,0.0,9.0,I,node15node27,1,wide
flow_wide_node15node27_t2,0.0,9.0,I,node15node27,2,wide
flow_wide_node15node27_t3,0.0,9.0,I,node15node27,3,wide
flow_wide_node15node27_t4,0.0,9.0,I,node15node27,4,wide
flow_wide_node15node27_t5,0.0,9.0,I,node15node27,5,wide
flow_timber_node15node40_t1,0.0,9.0,I,node15node40,1,timber
flow_timber_node15node40_t2,0.0,9.0,I,node15node40,2,timber
flow_timber_node15node40_t3,0.0,9.0,I,node15node40,3,timber
flow_timber_node15node40_t4,0.0,9.0,I,node15node40,4,timber
flow_timber_node15node40_t5,0.0,9.0,I,node15node40,5,timber
flow_wide_node15node40_t1,0.0,9.0,I,node15node40,1,wide
flow_wide_node15node40_t2,0.0,9.0,I,node15node40,2,wide
flow_wide_node15node40_t3,0.0,9.0,I,node15node40,3,wide
flow_wide_node15node40_t4,0.0,9.0,I,node15node40,4,wide
flow_wide_node15node40_t5,0.0,9.0,I,node15node40,5,wide
flow_timber_node15node41_t1,0.0,9.0,I,node15node41,1,timber
flow_timber_node15node41_t2,0.0,9.0,I,node15node41,2,timber
flow_timber_node15node41_t3,0.0,9.0,I,node15node41,3,timber
flow_timber_node15node41_t4,0.0,9.0,I,node15node41,4,timber
flow_timber_node15node41_t5,0.0,9.0,I,node15node41,5,timber
flow_wide_node15node41_t1,0.0,9.0,I,node15node41,1,wide
flow_wide_node15node41_t2,0.0,9.0,I,node15node41,2,wide
flow_wide_node15node41_t3,0.0,9.0,I,node15node41,3,wide
flow_wide_node15node41_t4,0.0,9.0,I,node15node41,4,wide
flow_wide_node15node41_t5,0.0,9.0,I,node15node41,5,wide
flow_timber_node40node12_t1,0.0,9.0,I,node40node12,1,timber
flow_timber_node40node12_t2,0.0,9.0,I,node40node12,2,timber
flow_timber_node40node12_t3,0.0,9.0,I,node40node12,3,timber
flow_timber_node40node12_t4,0.0,9.0,I,node40node12,4,timber
flow_timber_node40node12_t5,0.0,9.0,I,node40node12,5,timber
flow_wide_node40node12_t1,0.0,9.0,I,node40node12,1,wide
flow_wide_node40node12_t2,0.0,9.0,I,node40node12,2,wide
flow_wide_node40node12_t3,0.0,9.0,I,node40node12,3,wide
flow_wide_node40node12_t4,0.0,9.0,I,node40node12,4,wide
flow_wide_node40node12_t5,0.0,9.0,I,node40node12,5,wide
flow_timber_node40node15_t1,0.0,9.0,I,node40node15,1,timber
flow_timber_node40node15_t2,0.0,9.0,I,node40node15,2,timber
flow_timber_node40node15_t3,0.0,9.0,I,node40node15,3,timber
flow_timber_node40node15_t4,0.0,9.0,I,node40node15,4,timber
flow_timber_node40node15_t5,0.0,9.0,I,node40node15,5,timber
flow_wide_node40node15_t1,0.0,9.0,I,node40node15,1,wide
flow_wide_node40node15_t2,0.0,9.0,I,node40node15,2,wide
flow_wide_node40node15_t3,0.0,9.0,I,node40node15,3,wide
flow_wide_node40node15_t4,0.0,9.0,I,node40node15,4,wide
flow_wide_node40node15_t5,0.0,9.0,I,node40node15,5,wide
flow_timber_node40node23_t1,0.0,9.0,I,node40node23,1,timber
flow_timber_node40node23_t2,0.0,9.0,I,node40node23,2,timber
flow_timber_node40node23_t3,0.0,9.0,I,node40node23,3,timber
flow_timber_node40node23_t4,0.0,9.0,I,node40node23,4,timber
flow_timber_node40node23_t5,0.0,9.0,I,node40node23,5,timber
flow_wide_node40node23_t1,0.0,9.0,I,node40node23,1,wide
flow_wide_node40node23_t2,0.0,9.0,I,node40node23,2,wide
flow_wide_node40node23_t3,0.0,9.0,I,node40node23,3,wide
flow_wide_node40node23_t4,0.0,9.0,I,node40node23,4,wide
flow_wide_node40node23_t5,0.0,9.0,I,node40node23,5,wide
flow_timber_node33node14_t1,0.0,9.0,I,node33node14,1,timber
flow_timber_node33node14_t2,0.0,9.0,I,node33node14,2,timber
flow_timber_node33node14_t3,0.0,9.0,I,node33node14,3,timber
flow_timber_node33node14_t4,0.0,9.0,I,node33node14,4,timber
flow_timber_node33node14_t5,0.0,9.0,I,node33node14,5,timber
flow_wide_node33node14_t1,0.0,9.0,I,node33node14,1,wide
flow_wide_node33node14_t2,0.0,9.0,I,node33node14,2,wide
flow_wide_node33node14_t3,0.0,9.0,I,node33node14,3,wide
flow_wide_node33node14_t4,0.0,9.0,I,node33node14,4,wide
flow_wide_node33node14_t5,0.0,9.0,I,node33node14,5,wide
flow_timber_node33node25_t1,0.0,9.0,I,node33node25,1,timber
flow_timber_node33node25_t2,0.0,9.0,I,node33node25,2,timber
flow_timber_node33node25_t3,0.0,9.0,I,node33node25,3,timber
flow_timber_node33node25_t4,0.0,9.0,I,node33node25,4,timber
flow_timber_node33node25_t5,0.0,9.0,I,node33node25,5,timber
flow_wide_node33node25_t1,0.0,9.0,I,node33node25,1,wide
flow_wide_node33node25_t2,0.0,9.0,I,node33node25,2,wide
flow_wide_node33node25_t3,0.0,9.0,I,node33node25,3,wide
flow_wide_node33node25_t4,0.0,9.0,I,node33node25,4,wide
flow_wide_node33node25_t5,0.0,9.0,I,node33node25,5,wide
flow_timber_node30node16_t1,0.0,9.0,I,node30node16,1,timber
flow_timber_node30node16_t2,0.0,9.0,I,node30node16,2,timber
flow_timber_node30node16_t3,0.0,9.0,I,node30node16,3,timber
flow_timber_node30node16_t4,0.0,9.0,I,node30node16,4,timber
flow_timber_node30node16_t5,0.0,9.0,I,node30node16,5,timber
flow_wide_node30node16_t1,0.0,9.0,I,node30node16,1,wide
flow_wide_node30node16_t2,0.0,9.0,I,node30node16,2,wide
flow_wide_node30node16_t3,0.0,9.0,I,node30node16,3,wide
flow_wide_node30node16_t4,0.0,9.0,I,node30node16,4,wide
flow_wide_node30node16_t5,0.0,9.0,I,node30node16,5,wide
flow_timber_node30node19_t1,0.0,9.0,I,node30node19,1,timber
flow_timber_node30node19_t2,0.0,9.0,I,node30node19,2,timber
flow_timber_node30node19_t3,0.0,9.0,I,node30node19,3,timber
flow_timber_node30node19_t4,0.0,9.0,I,node30node19,4,timber
flow_timber_node30node19_t5,0.0,9.0,I,node30node19,5,timber
flow_wide_node30node19_t1,0.0,9.0,I,node30node19,1,wide
flow_wide_node30node19_t2,0.0,9.0,I,node30node19,2,wide
flow_wide_node30node19_t3,0.0,9.0,I,node30node19,3,wide
flow_wide_node30node19_t4,0.0,9.0,I,node30node19,4,wide
flow_wide_node30node19_t5,0.0,9.0,I,node30node19,5,wide
flow_timber_node24node17_t1,0.0,9.0,I,node24node17,1,timber
flow_timber_node24node17_t2,0.0,9.0,I,node24node17,2,timber
flow_timber_node24node17_t3,0.0,9.0,I,node24node17,3,timber
flow_timber_node24node17_t4,0.0,9.0,I,node24node17,4,timber
flow_timber_node24node17_t5,0.0,9.0,I,node24node17,5,timber
flow_wide_node24node17_t1,0.0,9.0,I,node24node17,1,wide
flow_wide_node24node17_t2,0.0,9.0,I,node24node17,2,wide
flow_wide_node24node17_t3,0.0,9.0,I,node24node17,3,wide
flow_wide_node24node17_t4,0.0,9.0,I,node24node17,4,wide
flow_wide_node24node17_t5,0.0,9.0,I,node24node17,5,wide
flow_timber_node24node19_t1,0.0,9.0,I,node24node19,1,timber
flow_timber_node24node19_t2,0.0,9.0,I,node24node19,2,timber
flow_timber_node24node19_t3,0.0,9.0,I,node24node19,3,timber
flow_timber_node24node19_t4,0.0,9.0,I,node24node19,4,timber
flow_timber_node24node19_t5,0.0,9.0,I,node24node19,5,timber
flow_wide_node24node19_t1,0.0,9.0,I,node24node19,1,wide
flow_wide_node24node19_t2,0.0,9.0,I,node24node19,2,wide
flow_wide_node24node19_t3,0.0,9.0,I,node24node19,3,wide
flow_wide_node24node19_t4,0.0,9.0,I,node24node19,4,wide
flow_wide_node24node19_t5,0.0,9.0,I,node24node19,5,wide
flow_timber_node24node31_t1,0.0,9.0,I,node24node31,1,timber
flow_timber_node24node31_t2,0.0,9.0,I,node24node31,2,timber
flow_timber_node24node31_t3,0.0,9.0,I,node24node31,3,timber
flow_timber_node24node31_t4,0.0,9.0,I,node24node31,4,timber
flow_timber_node24node31_t5,0.0,9.0,I,node24node31,5,timber
flow_wide_node24node31_t1,0.0,9.0,I,node24node31,1,wide
flow_wide_node24node31_t2,0.0,9.0,I,node24node31,2,wide
flow_wide_node24node31_t3,0.0,9.0,I,node24node31,3,wide
flow_wide_node24node31_t4,0.0,9.0,I,node24node31,4,wide
flow_wide_node24node31_t5,0.0,9.0,I,node24node31,5,wide
flow_timber_node19node24_t1,0.0,9.0,I,node19node24,1,timber
flow_timber_node19node24_t2,0.0,9.0,I,node19node24,2,timber
flow_timber_node19node24_t3,0.0,9.0,I,node19node24,3,timber
flow_timber_node19node24_t4,0.0,9.0,I,node19node24,4,timber
flow_timber_node19node24_t5,0.0,9.0,I,node19node24,5,timber
flow_wide_node19node24_t1,0.0,9.0,I,node19node24,1,wide
flow_wide_node19node24_t2,0.0,9.0,I,node19node24,2,wide
flow_wide_node19node24_t3,0.0,9.0,I,node19node24,3,wide
flow_wide_node19node24_t4,0.0,9.0,I,node19node24,4,wide
flow_wide_node19node24_t5,0.0,9.0,I,node19node24,5,wide
flow_timber_node19node26_t1,0.0,9.0,I,node19node26,1,timber
flow_timber_node19node26_t2,0.0,9.0,I,node19node26,2,timber
flow_timber_node19node26_t3,0.0,9.0,I,node19node26,3,timber
flow_timber_node19node26_t4,0.0,9.0,I,node19node26,4,timber
flow_timber_node19node26_t5,0.0,9.0,I,node19node26,5,timber
flow_wide_node19node26_t1,0.0,9.0,I,node19node26,1,wide
flow_wide_node19node26_t2,0.0,9.0,I,node19node26,2,wide
flow_wide_node19node26_t3,0.0,9.0,I,node19node26,3,wide
flow_wide_node19node26_t4,0.0,9.0,I,node19node26,4,wide
flow_wide_node19node26_t5,0.0,9.0,I,node19node26,5,wide
flow_timber_node19node30_t1,0.0,9.0,I,node19node30,1,timber
flow_timber_node19node30_t2,0.0,9.0,I,node19node30,2,timber
flow_timber_node19node30_t3,0.0,9.0,I,node19node30,3,timber
flow_timber_node19node30_t4,0.0,9.0,I,node19node30,4,timber
flow_timber_node19node30_t5,0.0,9.0,I,node19node30,5,timber
flow_wide_node19node30_t1,0.0,9.0,I,node19node30,1,wide
flow_wide_node19node30_t2,0.0,9.0,I,node19node30,2,wide
flow_wide_node19node30_t3,0.0,9.0,I,node19node30,3,wide
flow_wide_node19node30_t4,0.0,9.0,I,node19node30,4,wide
flow_wide_node19node30_t5,0.0,9.0,I,node19node30,5,wide
flow_timber_node26node19_t1,0.0,9.0,I,node26node19,1,timber
flow_timber_node26node19_t2,0.0,9.0,I,node26node19,2,timber
flow_timber_node26node19_t3,0.0,9.0,I,node26node19,3,timber
flow_timber_node26node19_t4,0.0,9.0,I,node26node19,4,timber
flow_timber_node26node19_t5,0.0,9.0,I,node26node19,5,timber
flow_wide_node26node19_t1,0.0,9.0,I,node26node19,1,wide
flow_wide_node26node19_t2,0.0,9.0,I,node26node19,2,wide
flow_wide_node26node19_t3,0.0,9.0,I,node26node19,3,wide
flow_wide_node26node19_t4,0.0,9.0,I,node26node19,4,wide
flow_wide_node26node19_t5,0.0,9.0,I,node26node19,5,wide
flow_timber_node26node38_t1,0.0,9.0,I,node26node38,1,timber
flow_timber_node26node38_t2,0.0,9.0,I,node26node38,2,timber
flow_timber_node26node38_t3,0.0,9.0,I,node26node38,3,timber
flow_timber_node26node38_t4,0.0,9.0,I,node26node38,4,timber
flow_timber_node26node38_t5,0.0,9.0,I,node26node38,5,timber
flow_wide_node26node38_t1,0.0,9.0,I,node26node38,1,wide
flow_wide_node26node38_t2,0.0,9.0,I,node26node38,2,wide
flow_wide_node26node38_t3,0.0,9.0,I,node26node38,3,wide
flow_wide_node26node38_t4,0.0,9.0,I,node26node38,4,wide
flow_wide_node26node38_t5,0.0,9.0,I,node26node38,5,wide
flow_timber_node36node20_t1,0.0,9.0,I,node36node20,1,timber
flow_timber_node36node20_t2,0.0,9.0,I,node36node20,2,timber
flow_timber_node36node20_t3,0.0,9.0,I,node36node20,3,timber
flow_timber_node36node20_t4,0.0,9.0,I,node36node20,4,timber
flow_timber_node36node20_t5,0.0,9.0,I,node36node20,5,timber
flow_wide_node36node20_t1,0.0,9.0,I,node36node20,1,wide
flow_wide_node36node20_t2,0.0,9.0,I,node36node20,2,wide
flow_wide_node36node20_t3,0.0,9.0,I,node36node20,3,wide
flow_wide_node36node20_t4,0.0,9.0,I,node36node20,4,wide
flow_wide_node36node20_t5,0.0,9.0,I,node36node20,5,wide
flow_timber_node36node22_t1,0.0,9.0,I,node36node22,1,timber
flow_timber_node36node22_t2,0.0,9.0,I,node36node22,2,timber
flow_timber_node36node22_t3,0.0,9.0,I,node36node22,3,timber
flow_timber_node36node22_t4,0.0,9.0,I,node36node22,4,timber
flow_timber_node36node22_t5,0.0,9.0,I,node36node22,5,timber
flow_wide_node36node22_t1,0.0,9.0,I,node36node22,1,wide
flow_wide_node36node22_t2,0.0,9.0,I,node36node22,2,wide
flow_wide_node36node22_t3,0.0,9.0,I,node36node22,3,wide
flow_wide_node36node22_t4,0.0,9.0,I,node36node22,4,wide
flow_wide_node36node22_t5,0.0,9.0,I,node36node22,5,wide
flow_timber_node32node20_t1,0.0,9.0,I,node32node20,1,timber
flow_timber_node32node20_t2,0.0,9.0,I,node32node20,2,timber
flow_timber_node32node20_t3,0.0,9.0,I,node32node20,3,timber
flow_timber_node32node20_t4,0.0,9.0,I,node32node20,4,timber
flow_timber_node32node20_t5,0.0,9.0,I,node32node20,5,timber
flow_wide_node32node20_t1,0.0,9.0,I,node32node20,1,wide
flow_wide_node32node20_t2,0.0,9.0,I,node32node20,2,wide
flow_wide_node32node20_t3,0.0,9.0,I,node32node20,3,wide
flow_wide_node32node20_t4,0.0,9.0,I,node32node20,4,wide
flow_wide_node32node20_t5,0.0,9.0,I,node32node20,5,wide
flow_timber_node32node34_t1,0.0,9.0,I,node32node34,1,timber
flow_timber_node32node34_t2,0.0,9.0,I,node32node34,2,timber
flow_timber_node32node34_t3,0.0,9.0,I,node32node34,3,timber
flow_timber_node32node34_t4,0.0,9.0,I,node32node34,4,timber
flow_timber_node32node34_t5,0.0,9.0,I,node32node34,5,timber
flow_wide_node32node34_t1,0.0,9.0,I,node32node34,1,wide
flow_wide_node32node34_t2,0.0,9.0,I,node32node34,2,wide
flow_wide_node32node34_t3,0.0,9.0,I,node32node34,3,wide
flow_wide_node32node34_t4,0.0,9.0,I,node32node34,4,wide
flow_wide_node32node34_t5,0.0,9.0,I,node32node34,5,wide
flow_timber_node25node21_t1,0.0,9.0,I,node25node21,1,timber
flow_timber_node25node21_t2,0.0,9.0,I,node25node21,2,timber
flow_timber_node25node21_t3,0.0,9.0,I,node25node21,3,timber
flow_timber_node25node21_t4,0.0,9.0,I,node25node21,4,timber
flow_timber_node25node21_t5,0.0,9.0,I,node25node21,5,timber
flow_wide_node25node21_t1,0.0,9.0,I,node25node21,1,wide
flow_wide_node25node21_t2,0.0,9.0,I,node25node21,2,wide
flow_wide_node25node21_t3,0.0,9.0,I,node25node21,3,wide
flow_wide_node25node21_t4,0.0,9.0,I,node25node21,4,wide
flow_wide_node25node21_t5,0.0,9.0,I,node25node21,5,wide
flow_timber_node25node34_t1,0.0,9.0,I,node25node34,1,timber
flow_timber_node25node34_t2,0.0,9.0,I,node25node34,2,timber
flow_timber_node25node34_t3,0.0,9.0,I,node25node34,3,timber
flow_timber_node25node34_t4,0.0,9.0,I,node25node34,4,timber
flow_timber_node25node34_t5,0.0,9.0,I,node25node34,5,timber
flow_wide_node25node34_t1,0.0,9.0,I,node25node34,1,wide
flow_wide_node25node34_t2,0.0,9.0,I,node25node34,2,wide
flow_wide_node25node34_t3,0.0,9.0,I,node25node34,3,wide
flow_wide_node25node34_t4,0.0,9.0,I,node25node34,4,wide
flow_wide_node25node34_t5,0.0,9.0,I,node25node34,5,wide
flow_timber_node25node33_t1,0.0,9.0,I,node25node33,1,timber
flow_timber_node25node33_t2,0.0,9.0,I,node25node33,2,timber
flow_timber_node25node33_t3,0.0,9.0,I,node25node33,3,timber
flow_timber_node25node33_t4,0.0,9.0,I,node25node33,4,timber
flow_timber_node25node33_t5,0.0,9.0,I,node25node33,5,timber
flow_wide_node25node33_t1,0.0,9.0,I,node25node33,1,wide
flow_wide_node25node33_t2,0.0,9.0,I,node25node33,2,wide
flow_wide_node25node33_t3,0.0,9.0,I,node25node33,3,wide
flow_wide_node25node33_t4,0.0,9.0,I,node25node33,4,wide
flow_wide_node25node33_t5,0.0,9.0,I,node25node33,5,wide
flow_timber_node34node25_t1,0.0,9.0,I,node34node25,1,timber
flow_timber_node34node25_t2,0.0,9.0,I,node34node25,2,timber
flow_timber_node34node25_t3,0.0,9.0,I,node34node25,3,timber
flow_timber_node34node25_t4,0.0,9.0,I,node34node25,4,timber
flow_timber_node34node25_t5,0.0,9.0,I,node34node25,5,timber
flow_wide_node34node25_t1,0.0,9.0,I,node34node25,1,wide
flow_wide_node34node25_t2,0.0,9.0,I,node34node25,2,wide
flow_wide_node34node25_t3,0.0,9.0,I,node34node25,3,wide
flow_wide_node34node25_t4,0.0,9.0,I,node34node25,4,wide
flow_wide_node34node25_t5,0.0,9.0,I,node34node25,5,wide
flow_timber_node34node32_t1,0.0,9.0,I,node34node32,1,timber
flow_timber_node34node32_t2,0.0,9.0,I,node34node32,2,timber
flow_timber_node34node32_t3,0.0,9.0,I,node34node32,3,timber
flow_timber_node34node32_t4,0.0,9.0,I,node34node32,4,timber
flow_timber_node34node32_t5,0.0,9.0,I,node34node32,5,timber
flow_wide_node34node32_t1,0.0,9.0,I,node34node32,1,wide
flow_wide_node34node32_t2,0.0,9.0,I,node34node32,2,wide
flow_wide_node34node32_t3,0.0,9.0,I,node34node32,3,wide
flow_wide_node34node32_t4,0.0,9.0,I,node34node32,4,wide
flow_wide_node34node32_t5,0.0,9.0,I,node34node32,5,wide
