x,y,is_exit,is_source,stands
-12568.71418,145807.27891,False,False,[1104]
-9825.82548,146654.12811,False,False,[1121]
-9971.72598,144924.51451,False,False,"[1292, 1151]"
-9411.90168,144462.35361,False,False,[1497]
-12495.56068,144747.04741,False,False,[1140]
-12165.51968,144570.61191,False,False,[1140]
-11724.56608,145851.82881,False,False,"[1496, 1202]"
-10691.35818,144826.91311,False,False,"[869, 870]"
-12768.49968,145909.42561,False,False,[1100]
-9833.40198,146132.72991,False,False,"[1121, 1525]"
-11030.10968,146502.23731,False,False,"[1113, 1201]"
-9882.24478,145040.07641,False,False,[1292]
-11301.37178,144893.17581,False,False,"[867, 868]"
-11708.00478,145789.31671,False,False,"[1496, 1202]"
-11956.00868,145141.11541,False,False,"[1139, 1254]"
-12581.62248,146404.94151,True,False,[1103]
-11940.96438,145697.08401,False,False,"[1496, 1202]"
-10154.14968,144433.01491,False,False,"[1212, 1148]"
-12676.76408,147148.37501,False,False,[1094]
-12827.23758,144693.93011,False,False,[1140]
-11272.63738,147349.18341,False,False,[1256]
-11646.33298,146885.47931,False,False,[1112]
-11338.22208,147664.89681,False,False,[1256]
-11320.00928,144379.32771,False,False,"[1147, 1204, 1203]"
-9328.57358,144617.03861,False,False,"[1152, 1497]"
-10830.91928,145927.71381,False,False,[1202]
-12086.91678,146501.91151,False,False,[1519]
-12625.24098,147196.09961,False,False,[1094]
-12501.15338,147048.66351,False,False,[1094]
-11202.03978,145337.13791,True,False,"[1258, 1494]"
-11311.71538,146310.83841,False,False,[1201]
-10422.21398,144868.81691,False,False,"[1259, 1292, 1493, 870]"
-11985.95218,146027.97421,False,False,"[1101, 1199]"
-11183.76458,147549.75061,False,False,[1256]
-9410.96798,144804.78191,False,False,[1151]
-12263.80848,147091.67241,True,False,[1094]
-12204.27398,147128.64421,False,False,"[1093, 1094]"
-11922.61508,144778.89931,False,False,[1203]
-10020.04008,145369.61551,False,False,[1493]
-10979.51488,145241.44861,False,False,"[1146, 1494]"
-10586.51338,145797.88311,False,False,[1202]
-9711.07998,145698.36421,False,False,[1266]
-9552.78238,145252.52401,False,False,"[1265, 1150]"
-10399.94478,144723.16051,False,False,"[1213, 870]"
-9274.70728,144794.19861,False,False,[1151]
-10630.95868,144839.63321,False,False,"[869, 870]"
-10597.92768,145864.28861,False,False,"[1521, 1202]"
-12353.18778,145428.37481,False,False,[1254]
-11430.34438,145919.31181,False,False,"[1202, 1199]"
-9875.10128,145804.78591,False,False,[1266]
-10905.33838,144888.08311,False,False,"[868, 869]"
-11779.12288,144924.35301,False,False,[1203]
-9650.54868,145175.94021,False,False,"[1150, 1151]"
-11041.09668,144605.45361,False,False,"[1203, 870]"
-11888.78078,147252.51691,True,False,"[1200, 1093]"
-11178.44578,147234.26681,False,False,[1256]
-11629.73958,147656.80881,False,False,[1256]
-11306.76598,145160.23671,False,False,"[1146, 867]"
-11957.36938,145685.86281,False,False,"[1496, 1202]"
-11686.21728,146799.22651,False,False,[1201]
-11996.41668,145657.73571,False,False,"[1496, 1202]"
-11841.75738,146714.80341,False,False,[1201]
-11932.40778,147220.85121,True,False,"[1200, 1093]"
-9201.94668,144923.84471,False,False,"[1150, 1151]"
-11005.13328,144780.58121,False,False,"[868, 871]"
-12491.76028,145920.57741,False,False,"[1104, 1100]"
-10338.56268,146034.94231,False,False,"[1264, 1523]"
-9551.68168,145083.28031,False,False,"[1150, 1151]"
-12816.51328,145944.08061,False,False,[1100]
-11935.99448,145084.79211,False,False,"[1139, 1254]"
-11324.00958,145637.64621,False,False,[1495]
-9931.81178,146687.46081,False,False,[1121]
-10443.39408,145860.44101,False,False,"[1528, 1523]"
-11886.31868,145739.07881,False,False,"[1496, 1202]"
-11866.97968,145768.70791,False,False,"[1496, 1202]"
-12203.61978,144607.91831,False,False,[1140]
-10317.85048,146638.79741,False,False,[1111]
-9216.63878,144314.71571,False,False,[1154]
-11474.56108,145224.29291,False,False,[867]
-12126.35638,145955.36771,False,False,"[1202, 1101, 1199]"
-10013.21378,145209.41001,False,False,"[1292, 1493]"
-10621.45838,145684.22091,False,False,[1490]
-10931.42588,144772.14521,False,False,"[868, 869, 870]"
-8965.81328,143867.03991,False,False,[1154]
-12917.86478,144626.79101,False,False,[1140]
-11466.82768,146529.12371,False,False,"[1112, 1201]"
-12206.40008,145818.77791,False,False,"[1104, 1101]"
-9546.67628,144446.61521,False,False,"[1497, 1212]"
-10085.49078,146390.02321,False,False,"[1264, 1113]"
-9272.67648,145681.67241,False,False,"[1265, 1266]"
-10243.33028,144214.53651,False,False,[1212]
-10221.24278,145999.68641,False,False,[1528]
-9961.88808,144272.69131,False,False,[1153]
-10171.53348,146040.09591,False,False,"[1264, 1525]"
-11279.17028,146774.30371,False,False,"[1112, 1109]"
-11658.77228,145773.94291,False,False,"[1496, 1202]"
-12291.63428,145973.57311,False,False,"[1104, 1101]"
-9397.61418,144516.32871,True,False,[1497]
-12037.93068,146136.90751,False,False,[1101]
-12511.58348,143983.67501,False,False,[1142]
-11771.29168,147565.52741,False,False,[1093]
-10546.87398,146539.42571,False,False,[1113]
-10384.95408,145070.50351,False,False,"[1259, 1493]"
-9868.80898,146130.25731,False,False,"[1121, 1525]"
-11368.44098,144395.19441,False,False,"[1203, 1204]"
-11324.41308,145626.04001,False,False,[1495]
-11662.28898,146337.29681,False,False,"[1201, 1199]"
-10514.48548,144713.31601,False,False,"[872, 870]"
-11890.88518,145732.08241,False,False,"[1496, 1202]"
-12181.79218,146626.33611,False,False,"[1097, 1201]"
-11493.23308,144212.80351,False,False,"[1147, 1149]"
-12576.90788,144012.03001,False,False,[1142]
-11787.35798,146901.58651,False,False,[1200]
-9723.62508,145179.66881,False,False,[1151]
-10471.31358,144456.25121,False,False,"[873, 1212, 1148]"
-9319.98898,145641.74141,False,False,"[1265, 1266]"
-9713.42508,145584.25921,False,False,"[1265, 1266]"
-12376.80708,146880.38561,False,False,"[1200, 1094, 1095]"
-11281.89348,146071.77761,False,False,[1515]
-10647.59848,144522.64921,False,False,"[872, 873]"
-11614.43768,146306.63241,True,False,"[1201, 1199]"
-12904.96008,145964.55451,False,False,[1100]
-11925.03528,146135.72011,False,False,[1101]
-12082.65148,147348.72231,False,False,[1093]
-10198.78768,146618.95361,False,False,[1111]
-11723.98178,145390.34711,False,False,[1496]
-12365.25918,145491.59051,False,False,[1254]
-11345.39698,144805.24731,False,False,"[868, 871]"
-11563.57668,146584.66191,False,False,"[1112, 1201]"
-11451.20558,145476.58321,False,False,[1495]
-11952.53298,146805.87191,False,False,[1200]
-10940.07578,146634.18461,False,False,"[1112, 1113, 1109]"
-12208.38228,144550.76821,False,False,[1140]
-9535.64218,144605.93501,False,False,"[1152, 1497]"
-11832.87338,145011.12561,True,False,[1139]
-11214.88648,145304.51751,False,False,"[1146, 867, 1494]"
-12362.50108,145477.14681,False,False,[1254]
-10005.56618,146772.18441,False,False,[1111]
-9298.28768,144007.62791,False,False,[1154]
-12892.48988,144675.16421,False,False,[1140]
-10586.47098,145430.04251,False,False,"[1258, 1259, 1494]"
-10415.64878,144540.42851,False,False,"[873, 1212]"
-11438.13268,145184.98521,False,False,[867]
-8959.46328,143909.90241,False,False,[1154]
-10608.43858,145595.63311,False,False,[1490]
-10404.95118,145913.07411,False,False,"[1528, 1523]"
-10759.39518,144490.37591,False,False,"[872, 873]"
-10233.15208,146776.34101,False,False,[1111]
-11447.20078,147533.71311,False,False,[1256]
-10409.86108,146061.03541,False,False,"[1264, 1521, 1522]"
-10243.87798,145382.31561,False,False,[1259]
-12451.57868,147075.91161,False,False,[1094]
-10759.07438,144976.95881,False,False,"[868, 869]"
-10862.96878,145509.26581,False,False,[1258]
-10125.06328,146007.32211,False,False,[1525]
-10921.24288,144729.93111,False,False,"[868, 870]"
-12100.44568,144602.05121,False,False,[1203]
-12183.51838,144737.92261,False,False,[1140]
-9916.51628,144258.29521,False,False,[1153]
-12264.19968,145580.51981,False,False,"[1202, 1254]"
-9713.32438,144357.64411,False,False,"[1153, 1212]"
-11485.00078,146272.43131,False,False,[1201]
-12671.22118,145857.27341,False,False,[1100]
-9804.20718,145751.24711,False,False,[1266]
-11263.26348,147771.65761,False,False,[1256]
-12103.53028,146545.45971,False,False,[1519]
-11484.75088,144920.91781,False,False,"[867, 1203]"
-11821.56248,147544.36071,False,False,[1093]
-12597.75338,144763.96961,False,False,[1140]
-11314.48788,145345.86911,True,False,"[1258, 867]"
-11612.81178,146054.19211,False,False,[1199]
-10372.46578,145371.20311,False,False,[1259]
-12370.60148,143884.54111,False,False,[1204]
-12495.55568,146030.27111,False,False,"[1104, 1100]"
-12580.68998,146607.75611,False,False,"[1095, 1103]"
-12231.55148,146756.92561,False,False,"[1097, 1095]"
-12454.52328,145897.88061,False,False,"[1104, 1101]"
-12399.74898,146109.60471,False,False,"[1101, 1103]"
-12730.49258,147044.27301,False,False,[1094]
-11394.83908,144132.87221,False,False,[1149]
-9492.99728,145567.79751,False,False,"[1265, 1266]"
-11751.46628,145846.17771,False,False,"[1496, 1202]"
-9651.78088,144199.77851,False,False,"[1153, 1497]"
-12301.17018,145589.28221,False,False,"[1104, 1254]"
-10882.10718,144919.82301,False,False,"[868, 869]"
-9241.01268,144955.70501,True,False,"[1150, 1151]"
-10253.92868,146738.82321,False,False,[1111]
-9706.21588,145201.02551,False,False,"[1150, 1151]"
-10821.91428,144965.46371,False,False,"[868, 869]"
-12223.53708,144527.61211,False,False,"[1140, 1142]"
-9645.19858,145672.96421,False,False,[1266]
-12183.93538,145538.09041,False,False,"[1202, 1254]"
-11515.97408,145995.45451,False,False,[1199]
-9668.40778,145567.57751,False,False,"[1265, 1266]"
-11478.53348,145916.35921,False,False,"[1202, 1199]"
-10188.31538,145336.27801,False,False,[1259]
-11400.44298,144355.27201,False,False,"[1147, 1204]"
-11360.85918,144547.62541,False,False,"[1203, 871]"
-11701.81518,146963.95881,True,False,[1200]
-10723.03338,146074.08041,False,False,[1623]
-11215.14228,146092.55671,False,False,[1515]
-12546.48628,145635.30851,False,False,[1104]
-11566.16318,144960.83311,False,False,"[867, 1203]"
-12502.73438,145673.37641,False,False,[1104]
-11542.61278,144220.57091,False,False,"[1147, 1149]"
-12247.02478,144701.31581,False,False,[1140]
-11498.69838,145486.81311,False,False,[1496]
-10724.29858,145893.26461,False,False,[1202]
-12072.66578,144636.30811,False,False,[1203]
-11617.13168,146600.06011,False,False,"[1112, 1201]"
-12412.65328,143937.93951,False,False,[1204]
-12544.14368,144147.22831,False,False,[1142]
-12441.35988,143878.24221,False,False,[1204]
-11906.22908,147549.65251,False,False,[1093]
-10973.55168,145177.73511,False,False,"[1146, 867, 868]"
-11055.80548,144820.90891,False,False,"[868, 871]"
-11422.43108,145491.20581,False,False,[1495]
-12610.10888,146362.91541,False,False,[1103]
-9695.71648,146659.22551,False,False,[1121]
-11315.62198,145620.05591,False,False,[1495]
-11012.61858,146356.26801,False,False,"[1113, 1201]"
-10011.91728,145509.31581,False,False,"[1265, 1490]"
-10147.04028,145312.46541,False,False,[1259]
-12422.17958,147017.10301,False,False,[1094]
-10309.34908,146023.00721,False,False,"[1528, 1264, 1523]"
-11279.64678,144317.65751,False,False,"[1203, 1147, 1149]"
-10568.57868,145689.03711,False,False,[1490]
-11865.52958,146147.28761,False,False,[1101]
-10523.37498,144404.14781,False,False,"[873, 1148]"
-12109.83968,147196.45381,False,False,[1093]
-11407.12858,145659.42681,False,False,"[1496, 1495]"
-12404.28668,145555.55021,False,False,"[1104, 1254]"
-11882.13538,144293.44721,False,False,"[1204, 1142]"
-11087.55998,144545.78711,False,False,"[1203, 870]"
-12069.20318,147054.50501,False,False,"[1200, 1093]"
-11185.70218,145113.88891,False,False,"[1146, 867]"
-11460.63928,144812.24161,False,False,"[1203, 871]"
-11063.64328,145681.57131,False,False,[1202]
-11323.96208,145639.01161,False,False,[1495]
-9686.91908,144778.42451,False,False,"[1152, 1213, 1151]"
-12820.85248,144860.09461,False,False,[1140]
-12126.29698,145154.53001,True,False,"[1139, 1254]"
-12383.37918,146009.60761,False,False,"[1104, 1101]"
-12142.52638,146456.27581,False,False,[1520]
-10998.87008,144283.50551,False,False,"[874, 1149]"
-12231.64668,146541.70531,False,False,[1097]
-11013.14958,146261.14121,True,False,[1622]
-11804.78508,146335.65201,False,False,[1518]
-12062.92848,144246.73511,False,False,"[1204, 1142]"
-12851.63218,146007.97911,False,False,[1100]
-9637.98088,145277.32861,False,False,"[1265, 1150]"
-9811.22658,145060.26931,False,False,[1151]
-12318.35528,144649.91401,False,False,[1140]
-12056.15258,145620.82851,False,False,"[1496, 1202, 1254]"
-11435.19028,144629.50041,False,False,"[1203, 871]"
-10609.05608,146717.88241,False,False,[1111]
-11903.45058,146139.91601,False,False,[1101]
-10001.33388,145572.81591,True,False,"[1265, 1490]"
-11523.71638,144865.85551,False,False,"[867, 1203]"
-10607.29608,146298.28621,False,False,"[1264, 1113]"
-10765.87298,145903.02991,False,False,[1202]
-11759.97458,144039.89141,False,False,[1204]
-11956.24888,144737.90831,False,False,[1203]
-10501.20178,144569.42701,False,False,"[872, 873]"
-11372.82138,144227.12571,False,False,"[1147, 1149]"
-11138.01148,144944.93741,False,False,"[867, 868]"
-9786.09758,144521.98731,False,False,"[1212, 1213]"
-10736.97928,146176.39411,False,False,[1113]
-10319.20618,145145.05011,True,False,"[1259, 1493]"
-9861.69428,145345.43311,False,False,"[1265, 1493]"
-11167.28918,145454.00931,False,False,[1258]
-11831.28848,146172.73691,False,False,[1101]
-9557.72208,145561.58201,False,False,"[1265, 1266]"
-9863.18348,145538.37361,False,False,"[1265, 1266]"
-12708.38108,144787.16871,False,False,[1140]
-11532.15428,144664.54101,False,False,"[1203, 871]"
-12425.26918,146572.02501,False,False,"[1097, 1095, 1103]"
-12278.26388,145828.25261,False,False,"[1104, 1101]"
-11360.44038,144863.96811,False,False,"[867, 1203, 868, 871]"
-12374.72968,145595.07381,False,False,"[1104, 1254]"
-11883.44568,145472.76291,False,False,"[1496, 1254]"
-9889.36468,145362.76391,False,False,"[1265, 1493]"
-10980.45618,144742.56161,False,False,"[868, 871]"
-10753.60538,145731.06961,False,False,[1202]
-10063.08068,144587.07841,False,False,"[1212, 1213]"
-9533.31088,144224.64401,False,False,"[1153, 1497]"
-9518.22688,144804.50641,False,False,"[1152, 1151]"
-9337.37118,146345.65811,False,False,[1121]
-10651.20458,145309.83671,False,False,"[868, 1494]"
-11292.57138,146694.10811,False,False,"[1112, 1201, 1109]"
-10422.05028,144587.15941,False,False,"[872, 873, 1212]"
-11340.88868,145368.59671,False,False,"[1258, 867]"
-12367.24518,145501.99061,False,False,[1254]
-9694.41128,145681.69551,False,False,[1266]
-11321.78258,145624.24931,False,False,[1495]
-10591.73298,144296.31881,False,False,"[873, 874, 1148]"
-10612.28278,145868.52701,False,False,"[1521, 1202]"
-9715.41538,144724.88791,False,False,"[1152, 1213]"
-12182.98228,144569.81821,False,False,[1140]
-10964.76408,146878.20191,False,False,[1112]
-10493.51198,146549.16931,False,False,"[1113, 1111]"
-12585.57208,145869.90881,False,False,"[1104, 1100]"
-9397.18908,146571.47301,False,False,[1121]
-10990.82128,144570.38921,False,False,"[1203, 870]"
-12328.43798,145374.38821,False,False,[1254]
-11312.90978,145420.83641,False,False,[867]
-10927.75618,144249.33281,False,False,[874]
-11876.34628,145754.35741,False,False,"[1496, 1202]"
-10288.52988,144203.68591,False,False,[1212]
-10420.67288,144938.21151,False,False,"[1259, 1493]"
-12010.40208,147418.10851,False,False,[1093]
-12089.04288,146105.08451,True,False,[1101]
-12228.53168,144739.67071,False,False,[1140]
-11567.16828,147356.58511,False,False,[1200]
-11051.24968,146283.05717,True,False,"[1201, 1622]"
-11461.86638,145478.87951,False,False,"[1496, 1495]"
-11762.75868,145073.30281,False,False,[1139]
-11628.47328,145510.04221,False,False,[1496]
-11075.59348,144190.18001,False,False,[1149]
-10702.85058,146222.24481,False,False,"[1264, 1113]"
-11440.16518,145115.81351,False,False,[867]
-12150.41828,147034.86361,False,False,"[1200, 1093, 1094]"
-10151.33558,144833.56351,False,False,"[1292, 1213]"
-11071.86448,145966.01881,False,False,[1202]
-12080.04928,146757.98281,False,False,"[1097, 1201, 1200]"
-10818.46908,144831.42181,False,False,"[869, 870]"
-11903.73748,146469.52171,False,False,"[1520, 1201, 1519]"
-11662.99538,145918.83721,False,False,"[1202, 1199]"
-9812.57588,144366.83961,False,False,"[1153, 1212]"
-12394.24228,144565.17661,False,False,[1140]
-12433.82198,144483.72671,False,False,[1140]
-10404.79788,145003.03461,False,False,"[1259, 1493]"
-10855.80438,146222.59361,False,False,[1113]
-10607.21958,146364.02461,False,False,"[1264, 1113]"
-9924.57818,145055.95131,False,False,[1292]
-11813.33098,145468.79411,False,False,"[1496, 1254]"
-11009.14508,145140.90221,False,False,"[867, 868]"
-11717.66388,144051.23541,False,False,[1204]
-11344.91508,145185.92821,False,False,"[1146, 867]"
-10561.51648,144349.71811,False,False,"[873, 1148]"
-9682.96018,145287.91201,False,False,"[1265, 1150]"
-11226.73778,144921.86351,False,False,"[867, 868]"
-11973.64728,146750.44291,False,False,[1201]
-12283.21178,146261.27031,False,False,[1103]
-11648.92168,146703.26721,False,False,"[1112, 1201]"
-10231.64878,146002.23891,False,False,[1528]
-11795.68488,147309.54541,False,False,"[1200, 1093]"
-12266.05088,145592.35111,False,False,"[1104, 1202, 1254]"
-9248.79078,144352.72471,False,False,[1497]
-12236.71128,144059.83711,False,False,"[1204, 1142]"
-10083.73558,146884.29501,False,False,[1111]
-11324.34678,145627.95041,False,False,[1495]
-10152.48548,146673.19331,False,False,[1111]
-11461.13718,147087.28651,False,False,[1200]
-9554.97978,145795.31591,False,False,[1266]
-10240.80468,146437.74421,False,False,"[1264, 1113]"
-11004.36048,145952.13811,False,False,[1202]
-9934.37098,146130.25681,False,False,"[1121, 1525]"
-11513.99508,145726.82691,False,False,"[1496, 1202]"
-10654.86658,146267.82021,False,False,"[1264, 1113]"
-9814.20778,145055.89631,False,False,[1151]
-11369.02848,145694.35191,False,False,"[1496, 1495]"
-10450.11598,146469.21751,False,False,"[1264, 1113]"
-12085.69028,146465.38451,False,False,"[1520, 1519]"
-12056.66778,146856.12321,False,False,"[1200, 1097]"
-11373.46708,145502.81561,False,False,[1495]
-11620.39498,145237.24831,False,False,[1203]
-10150.13318,144383.57551,False,False,"[1212, 1148]"
-12263.18378,146130.23371,False,False,"[1101, 1103]"
-11841.02358,145246.40771,False,False,[1139]
-11918.56588,146544.12721,False,False,"[1201, 1519]"
-11008.78398,146278.60381,False,False,[1622]
-11657.61788,144440.58811,False,False,"[1203, 1204, 1142]"
-11363.78338,147488.58841,False,False,[1256]
-9649.24508,146658.36981,False,False,[1121]
-12226.77238,146232.78851,False,False,[1103]
-11795.57998,145217.47361,False,False,[1139]
-9506.28918,145810.29101,False,False,[1266]
-10413.30538,144644.99431,False,False,"[872, 870]"
-11323.67208,145647.35091,False,False,[1495]
-12175.26418,146323.63221,False,False,"[1520, 1518]"
-11457.23648,146119.27971,False,False,[1199]
-9723.56418,146663.33801,False,False,[1121]
-12789.86978,146024.16541,False,False,[1100]
-11880.72738,145747.64511,False,False,"[1496, 1202]"
-11921.81038,145597.11731,False,False,"[1496, 1254]"
-11066.33098,146148.42851,False,False,[1622]
-11323.14908,145663.71621,False,False,[1495]
-12155.95558,143921.73051,False,False,[1204]
-11943.52028,147119.77031,False,False,"[1200, 1093]"
-12027.16778,146482.73411,False,False,"[1520, 1519]"
-9919.70588,146393.32071,False,False,"[1113, 1121]"
-10799.21848,144513.99291,False,False,"[872, 873]"
-11562.88688,147199.90681,False,False,[1200]
-10909.24578,144539.91501,False,False,"[873, 1203]"
-12236.95738,144563.46821,False,False,[1140]
-10811.39458,146679.94311,False,False,[1112]
-11255.11978,145125.85501,False,False,"[1146, 867]"
-9978.05058,145605.62441,False,False,"[1265, 1490]"
-12160.85298,145196.06521,False,False,[1254]
-11629.99018,144170.65121,False,False,"[1204, 1149]"
-10327.68978,144391.70131,False,False,"[1212, 1148]"
-12260.60818,145289.59881,False,False,[1254]
-10749.35738,144636.27431,False,False,"[872, 870]"
-12527.74648,146072.99101,False,False,"[1104, 1100]"
-12013.89618,147482.77381,False,False,[1093]
-11160.41478,146297.38671,False,False,"[1201, 1515]"
-12692.38178,144702.36171,False,False,[1140]
-9769.52198,145594.73281,False,False,"[1265, 1266]"
-10128.67288,146800.19351,False,False,[1111]
-11091.33418,146758.12911,False,False,"[1112, 1109]"
-9584.22898,144422.42351,True,False,"[1497, 1212]"
-12181.57048,145718.19771,False,False,"[1104, 1202]"
-11524.95598,146538.49191,False,False,"[1112, 1201]"
-12442.76928,143994.37691,False,False,[1142]
-10192.39758,146428.61921,False,False,"[1264, 1113]"
-11420.90838,145084.72971,False,False,[867]
-11278.82848,147650.39841,False,False,[1256]
-12439.41198,144355.46441,False,False,[1142]
-10862.34408,145261.55381,False,False,"[868, 1494]"
-9893.76838,145519.78021,False,False,"[1265, 1266]"
-12013.82198,145646.13161,False,False,"[1496, 1202]"
-10695.89798,144625.73391,False,False,"[872, 870]"
-12051.50948,146243.04771,False,False,[1518]
-11646.16018,147401.95171,True,False,"[1200, 1093]"
-9156.31368,143874.97731,False,False,[1154]
-9496.01288,146608.30301,False,False,[1121]
-12339.89678,146919.53631,False,False,"[1200, 1094]"
-9269.02638,143903.55241,False,False,[1154]
-10646.84798,144655.63441,False,False,"[872, 870]"
-11598.70698,146900.72431,False,False,[1112]
-11335.19898,147334.29751,False,False,[1256]
-10681.31538,146176.81681,False,False,"[1264, 1113]"
-10870.09438,146790.41541,False,False,[1112]
-11220.80748,145424.24841,False,False,[1258]
-11391.61478,147775.87141,False,False,[1256]
-12200.82568,144152.59341,False,False,"[1204, 1142]"
-10187.15858,146568.31391,False,False,"[1113, 1111]"
-10930.14798,145204.05181,False,False,"[1146, 868, 1494]"
-10411.74668,144974.66021,False,False,"[1259, 1493]"
-12625.62488,146127.91231,False,False,[1100]
-11647.46748,147490.42951,False,False,"[1200, 1256, 1093]"
-10190.43488,144345.09661,False,False,"[1212, 1148]"
-12251.48238,145065.33031,False,False,[1139]
-11854.79008,145787.38381,False,False,"[1496, 1202]"
-11448.43058,144217.77841,False,False,"[1147, 1149]"
-10392.81278,144805.08201,False,False,"[1213, 870]"
-11205.72638,145940.36731,False,False,[1202]
-11623.20188,147581.12111,False,False,"[1256, 1093]"
-10778.58608,144969.52051,False,False,"[868, 869]"
-10608.79198,145179.64431,False,False,"[1259, 868]"
-12136.65418,145166.97901,False,False,[1254]
-11986.20988,145665.08791,False,False,"[1496, 1202]"
-10939.01198,146439.71691,False,False,"[1113, 1201]"
-9908.71138,145707.10921,False,False,[1266]
-11024.58038,144201.20341,False,False,"[874, 1149]"
-11070.94408,146283.05721,True,False,[1201]
-9488.08368,144561.13381,False,False,"[1152, 1497]"
-11596.15768,146835.40721,False,False,[1112]
-12159.58868,144707.97071,False,False,[1140]
-10099.59488,145303.55751,False,False,"[1259, 1493]"
-9247.71978,145172.81811,False,False,"[1265, 1150]"
-10509.95528,144883.26131,False,False,"[869, 870]"
-11715.25928,145005.74931,False,False,"[1139, 1203]"
-11522.60718,147531.33191,False,False,[1256]
-10311.84478,146699.43711,False,False,[1111]
-10332.03728,144894.55521,False,False,"[1292, 1493]"
-12139.40088,144210.27921,False,False,"[1204, 1142]"
-10024.30708,144904.45791,False,False,"[1292, 1151]"
-11244.65488,146165.03471,False,False,[1515]
-12256.36048,146578.72411,False,False,[1097]
-11735.25448,147304.90561,False,False,"[1200, 1093]"
-12310.83088,147017.28461,False,False,[1094]
-10017.96688,146572.53221,False,False,"[1113, 1111]"
-11300.85198,144271.64651,False,False,"[1147, 1149]"
-11321.24208,146963.17731,False,False,[1112]
-11190.24768,144528.16341,False,False,"[1203, 871]"
-11949.38778,145691.61221,False,False,"[1496, 1202]"
-9647.45198,144634.27871,False,False,"[1152, 1497]"
-9938.62358,144565.12081,False,False,"[1212, 1213]"
-12581.21798,145732.85311,False,False,[1104]
-10180.92408,145673.92551,False,False,[1490]
-11324.29028,145629.57401,False,False,[1495]
-8957.87578,143965.46501,False,False,[1154]
-12953.64678,145875.34591,False,False,[1100]
-10833.01508,144399.61621,False,False,"[873, 874]"
-10228.98078,144592.96631,False,False,"[1212, 1213]"
-11997.51028,147507.31921,False,False,[1093]
-12078.79258,144571.43461,False,False,"[1203, 1142]"
-10905.76888,146835.62461,False,False,[1112]
-11193.97548,146304.22381,False,False,"[1201, 1515]"
-9994.01888,144570.71281,False,False,"[1212, 1213]"
-10008.73688,145648.35791,False,False,[1490]
-12177.65168,146147.95231,False,False,[1103]
-12280.32258,145301.75821,False,False,[1254]
-12183.77598,144634.90581,False,False,[1140]
-9359.18068,146204.62561,False,False,[1121]
-12478.36848,145856.27291,False,False,"[1104, 1101]"
-11976.88108,146127.71261,False,False,[1101]
-10432.30838,144437.29381,False,False,"[1212, 1148]"
-12141.33378,145879.69861,False,False,"[1202, 1101]"
-11868.89358,145568.01321,False,False,"[1496, 1254]"
-11837.42528,145308.13241,False,False,[1254]
-12134.18858,144691.03731,False,False,[1140]
-9230.92628,143890.85241,False,False,[1154]
-10717.58448,144273.17711,False,False,[874]
-9172.84248,144980.73011,False,False,[1150]
-11196.65988,146664.98951,False,False,"[1201, 1109]"
-9622.24278,144779.63331,False,False,"[1152, 1151]"
-11946.09308,145082.55811,False,False,"[1139, 1254]"
-12547.40668,147110.66221,False,False,[1094]
-9326.17648,144513.15361,False,False,[1497]
-12132.32018,145815.81351,False,False,"[1104, 1202, 1101]"
-10927.50448,145943.90211,False,False,[1202]
-11972.58608,145223.54451,False,False,"[1139, 1254]"
-12260.58868,146857.39641,False,False,"[1200, 1095]"
-9533.47028,145246.90151,False,False,"[1265, 1150]"
-10341.30598,145786.48441,False,False,[1528]
-10744.19878,145549.38561,False,False,[1258]
-10087.16438,145467.15131,False,False,[1490]
-12391.29378,145536.76321,False,False,[1254]
-11025.01508,145499.09381,False,False,[1258]
-10569.10448,145270.13201,False,False,"[1259, 868]"
-11260.88708,146124.69611,False,False,[1515]
-10131.92138,146410.92731,False,False,"[1264, 1113]"
-10355.63848,146517.93451,False,False,"[1113, 1111]"
-11744.07418,145345.95401,False,False,[1254]
-10019.47178,145915.13611,False,False,[1525]
-11327.15788,146654.76671,False,False,"[1112, 1201]"
-12460.81378,146096.66401,False,False,"[1104, 1100, 1101, 1103]"
-11198.00838,147154.67671,False,False,[1256]
-9628.32368,145153.71511,False,False,"[1150, 1151]"
-10872.19638,145937.86281,False,False,[1202]
-10139.66758,144598.48871,False,False,"[1212, 1213]"
-9945.20628,146375.41721,False,False,"[1264, 1113]"
-11372.96028,144727.24241,False,False,"[1203, 871]"
-9944.42198,145144.58691,False,False,[1292]
-12124.61008,146716.36491,False,False,"[1097, 1201]"
-11227.12008,147608.29111,False,False,[1256]
-10540.80828,145570.98241,False,False,"[1490, 1258]"
-11923.07578,146737.93821,False,False,[1201]
-10252.20218,146547.23881,False,False,"[1113, 1111]"
-12274.05818,144721.93411,False,False,[1140]
-10696.68458,145397.99221,False,False,"[1258, 1494]"
-11736.76038,146738.40061,False,False,[1201]
-9939.95048,145616.20771,False,False,"[1265, 1266]"
-11631.18218,147630.20151,False,False,"[1256, 1093]"
-11734.65228,145366.77121,True,False,"[1496, 1254]"
-11531.58058,144295.01581,False,False,"[1147, 1204]"
-11657.10278,146836.53971,False,False,"[1112, 1201]"
-10288.67198,145520.95751,False,False,[1490]
-11726.15138,146918.80101,False,False,[1200]
-12076.71498,146902.99241,False,False,"[1200, 1097]"
-9693.64228,144656.22931,False,False,"[1152, 1213]"
-10804.38598,146592.14491,False,False,"[1112, 1113]"
-12128.28838,146605.30541,False,False,"[1201, 1519]"
-9453.10198,146592.00121,False,False,[1121]
-11360.08788,147275.59661,False,False,[1256]
-12416.83758,144733.85091,False,False,[1140]
-12400.76288,144403.85391,False,False,[1142]
-11660.15818,145199.22361,False,False,"[1139, 1203]"
-10523.69888,146080.03491,False,False,[1264]
-11524.89808,145188.91691,False,False,[1203]
-11322.72248,145674.66071,False,False,[1495]
-11415.48698,145046.44911,False,False,[867]
-11322.48028,145681.62571,False,False,[1495]
-10437.55338,145410.89061,False,False,[1259]
-11592.21878,145914.70461,False,False,"[1202, 1199]"
-10946.94938,144516.92811,False,False,"[873, 1203]"
-10150.02108,144256.74311,False,False,[1212]
-12463.08358,144325.82711,False,False,[1142]
-10239.58628,146059.12441,False,False,[1264]
-12057.60338,145980.66811,False,False,"[1101, 1199]"
-10356.64758,144859.65951,False,False,"[1292, 1213, 870]"
-11019.35018,146283.05711,False,False,"[1201, 1622]"
-9344.90718,146279.05861,False,False,[1121]
-12253.57308,147164.96431,False,False,[1094]
-11102.15448,145473.57141,False,False,[1258]
-11227.49668,144347.25191,False,False,"[1203, 1149]"
-11480.99628,145113.97001,False,False,[1203]
-10245.55208,146020.90681,False,False,[1528]
-12020.80848,146775.19261,False,False,"[1200, 1201]"
-11299.36088,147821.94941,False,False,[1256]
-9477.01318,145825.22111,False,False,[1266]
-11937.40728,145699.39451,False,False,"[1496, 1202]"
-12162.38518,147088.50391,True,False,"[1093, 1094]"
-9405.67798,144413.69331,False,False,"[1497, 1212]"
-11370.05048,145405.53271,False,False,[867]
-11345.52318,145931.44721,False,False,"[1202, 1199]"
-11821.71068,146092.20941,False,False,"[1101, 1199]"
-11563.75318,144902.63121,False,False,"[867, 1203]"
-11295.86918,144831.21091,False,False,"[868, 871]"
-10612.91828,146527.93121,False,False,[1113]
-11858.22438,145782.12211,False,False,"[1496, 1202]"
-11652.93558,144066.29101,False,False,"[1204, 1149]"
-10084.92858,146583.43181,False,False,"[1113, 1111]"
-11162.23678,146616.02491,False,False,"[1201, 1109]"
-12580.47548,146329.04871,False,False,[1103]
-9890.19048,145757.38021,True,False,[1266]
-12470.54088,146156.54001,False,False,"[1100, 1103]"
-11185.28538,146766.26801,False,False,"[1112, 1109]"
-10543.25388,144661.42371,False,False,"[872, 870]"
-12175.38008,146983.42491,False,False,"[1200, 1094]"
-10884.41308,144408.85501,False,False,"[873, 874]"
-11446.45148,145739.67071,False,False,"[1496, 1202]"
-9375.29238,144376.39001,False,False,"[1497, 1212]"
-11869.02648,146079.00071,False,False,"[1101, 1199]"
-11702.55858,146266.38841,False,False,[1199]
-11764.38298,145468.79421,True,False,"[1496, 1254]"
-11864.57358,144649.02741,False,False,"[1203, 1142]"
-12258.46148,144668.67251,False,False,[1140]
-9595.17898,145132.53931,False,False,"[1150, 1151]"
-10682.79098,144490.11011,False,False,"[872, 873]"
-10922.74328,145499.55941,False,False,[1258]
-11842.12788,145305.76541,False,False,[1254]
-12647.57588,144701.50901,False,False,[1140]
-11113.98768,145696.53051,True,False,[1202]
-12223.80798,144581.00051,False,False,[1140]
-12451.77348,146591.56311,True,False,"[1095, 1103]"
-11324.11758,145634.54121,False,False,[1495]
-10045.66658,144348.90601,False,False,"[1153, 1212]"
-9580.90478,145710.27051,False,False,[1266]
-9481.92218,144092.08571,False,False,[1154]
-11935.54898,145084.89061,False,False,"[1139, 1254]"
-11631.86178,146341.26561,False,False,"[1201, 1199]"
-10665.36488,145884.19981,False,False,[1202]
-10273.53398,144857.77701,False,False,"[1292, 1213]"
-11666.91138,145067.37131,False,False,"[1139, 1203]"
-10859.80788,145708.37321,False,False,[1202]
-11004.92478,145335.81491,False,False,"[1258, 1494]"
-11946.85048,146132.35071,False,False,[1101]
-10294.59148,144601.68321,False,False,"[872, 1212, 1213]"
-12349.72418,144439.11641,False,False,"[1140, 1142]"
-9359.11808,144722.23791,False,False,[1152]
-10274.41428,145183.54161,False,False,"[1259, 1493]"
-10670.42388,145618.08421,False,False,[1490]
-10627.12218,146132.03631,False,False,"[1264, 1623]"
-10273.18688,146008.23321,False,False,"[1528, 1264]"
-12322.98048,146306.96011,False,False,[1103]
-10285.73508,144950.11781,False,False,"[1292, 1493]"
-11373.78948,144671.10651,False,False,"[1203, 871]"
-9474.36458,146148.00311,False,False,[1121]
-11069.37998,146941.90661,False,False,[1112]
-9571.17348,145117.20251,False,False,"[1150, 1151]"
-11263.41818,145296.24331,False,False,"[1146, 867]"
-11305.91188,146740.64731,False,False,"[1112, 1109]"
-12351.55168,146619.23311,False,False,"[1097, 1095]"
-12129.25018,146572.82001,False,False,[1519]
-11660.16668,147619.76711,False,False,[1093]
-11263.25238,145350.99561,True,False,"[1258, 867, 1494]"
-11494.68748,146773.89961,False,False,[1112]
-11809.39888,145830.47211,False,False,"[1496, 1202]"
-10458.37578,145856.31011,False,False,"[1202, 1523]"
-11940.97378,145697.07781,False,False,"[1496, 1202]"
-10297.10848,146742.16021,False,False,[1111]
-9266.15758,144499.51881,False,False,[1497]
-11483.14908,147175.25021,False,False,[1200]
-11274.13688,144152.73261,False,False,[1149]
-11420.33718,145506.47281,False,False,[1495]
-11458.48648,144463.70191,False,False,"[1203, 1204]"
-9262.92608,144480.63021,False,False,[1497]
-11057.08248,145261.83211,False,False,"[1146, 1494]"
-10372.83738,146668.63601,False,False,[1111]
-11267.51998,146824.82861,False,False,"[1112, 1109]"
-12323.05608,143997.39251,False,False,"[1204, 1142]"
-11134.51618,144634.83131,False,False,"[1203, 871]"
-11730.09568,145234.71171,False,False,[1139]
-9919.09938,146502.99771,False,False,"[1113, 1121]"
-11068.26618,146538.67251,False,False,"[1113, 1201]"
-12259.80638,146392.38991,False,False,[1103]
-10236.80258,144286.91941,False,False,"[1212, 1148]"
-12540.93688,144686.12451,False,False,[1140]
-9713.27188,145192.36951,False,False,[1151]
-8972.16328,144033.72761,False,False,[1154]
-12084.26298,147266.00361,False,False,[1093]
-9748.39548,144793.26691,False,False,"[1213, 1151]"
-11851.69558,145557.42981,False,False,"[1496, 1254]"
-10341.29778,145126.06611,False,False,"[1259, 1493]"
-10990.81678,144401.94621,False,False,"[874, 1149]"
-9648.19888,144512.56501,False,False,"[1497, 1212]"
-9611.53838,145142.99111,False,False,"[1150, 1151]"
-9855.82498,144997.09981,False,False,"[1292, 1151]"
-10474.81838,144921.17101,False,False,"[1259, 869, 870]"
-11920.18608,144921.16711,False,False,[1139]
-11323.09908,145663.82951,False,False,[1495]
-11407.24888,146556.54021,False,False,"[1112, 1201]"
-10623.92408,145419.15881,False,False,"[1258, 1494]"
-12150.15268,145756.11531,False,False,"[1104, 1202]"
-9189.81098,145140.27701,False,False,"[1265, 1150]"
-12150.88468,147155.23851,False,False,[1093]
-10323.82928,145700.73001,False,False,[1490]
-11470.55298,144318.91261,False,False,"[1147, 1204]"
-9584.26098,144168.67671,False,False,[1497]
-12082.20118,146479.55911,False,False,"[1520, 1519]"
-11339.81388,146893.59761,False,False,[1112]
-11463.43268,147024.62021,False,False,[1200]
-10573.46028,144871.49751,False,False,"[869, 870]"
-11751.14978,145922.46771,False,False,"[1202, 1199]"
-10600.05419,146118.42648,True,False,"[1264, 1623]"
-10339.73058,144215.51711,False,False,"[1212, 1148]"
-12207.56518,145256.88351,False,False,[1254]
-11945.21128,145925.18031,False,False,"[1202, 1199]"
-9936.64878,146330.41641,False,False,"[1264, 1121, 1525]"
-11694.92368,145508.86481,False,False,[1496]
-12491.57528,146212.63171,False,False,[1103]
-10472.42008,145910.42831,False,False,"[1522, 1523]"
-11125.88738,146783.53051,False,False,"[1112, 1109]"
-11943.34748,147397.93451,False,False,[1093]
-11881.11748,146391.71741,False,False,"[1520, 1518]"
-12175.67898,144544.42311,False,False,"[1140, 1142]"
-12615.40058,146092.04771,False,False,[1100]
-10463.21308,144753.03841,False,False,"[1213, 870]"
-12533.73238,146824.37381,False,False,[1095]
-12132.72678,146920.47281,False,False,"[1200, 1097]"
-11950.06808,145691.12221,False,False,"[1496, 1202]"
-11326.55258,145582.84071,False,False,[1495]
-11246.89228,146312.16131,False,False,[1201]
-11541.03658,147267.09531,False,False,[1200]
-10218.63148,146738.01641,False,False,[1111]
-9472.71178,144400.30111,False,False,"[1497, 1212]"
-12315.90138,144664.60161,False,False,[1140]
-9283.43858,145162.23471,False,False,"[1265, 1150]"
-11510.55058,144773.11531,False,False,"[1203, 871]"
-9745.69998,145723.69831,False,False,[1266]
-12087.97178,146816.80081,False,False,"[1200, 1097]"
-11456.34118,145518.13911,False,False,"[1496, 1495]"
-10436.70128,146010.97011,False,False,"[1521, 1522]"
-11470.59238,145331.44931,False,False,[867]
-12356.55818,145446.02521,False,False,[1254]
-12350.97338,145416.77831,False,False,[1254]
-10769.58068,145276.86331,False,False,"[868, 1494]"
-10138.83588,146581.18381,False,False,"[1113, 1111]"
-11059.54818,144474.97531,False,False,"[1203, 1149]"
-11557.81898,146788.83281,False,False,[1112]
-9764.45208,145129.58501,False,False,[1151]
-12160.51058,145195.65361,False,False,[1254]
-11526.46438,144478.29961,False,False,"[1203, 1204]"
-9927.71538,146363.58361,False,False,"[1264, 1121, 1113]"
-11816.05378,144880.62371,False,False,[1203]
-11010.83498,144515.51401,False,False,"[873, 1203, 1149]"
-10404.11548,146529.33251,False,False,"[1113, 1111]"
-9461.11428,144179.77801,False,False,"[1497, 1154]"
-9414.95488,145003.39221,False,False,"[1150, 1151]"
-12343.60098,145402.91041,False,False,[1254]
-11778.90218,146712.35631,False,False,[1201]
-10560.81078,146643.17291,False,False,[1111]
-11689.27088,147599.92341,False,False,[1093]
-12413.47388,144682.85741,False,False,[1140]
-11324.06238,145636.12581,False,False,[1495]
-9061.06348,143906.72741,False,False,[1154]
-10471.33968,145497.96351,False,False,[1258]
-12303.79868,146355.01091,False,False,[1103]
-10496.10668,145815.77961,False,False,[1202]
-11766.11108,146178.79121,False,False,"[1101, 1199]"
-11640.43388,147547.99661,False,False,"[1256, 1093]"
-11364.64548,145718.88591,False,False,"[1496, 1202]"
-12497.41958,144262.14801,False,False,[1142]
-12209.91338,145103.27451,False,False,[1139]
-9674.56938,144595.59931,False,False,"[1152, 1497, 1213]"
-9324.68418,144973.53711,False,False,"[1150, 1151]"
-11512.74898,147005.49461,False,False,[1200]
-11639.64698,146644.42651,False,False,"[1112, 1201]"
-11987.95628,145599.76321,False,False,"[1496, 1254]"
-10699.22078,146038.36161,False,False,[1623]
-10643.00188,145112.35371,False,False,"[1259, 868, 869]"
-10005.03008,144784.12341,False,False,"[1213, 1151]"
-10382.67338,146576.62021,False,False,[1111]
-11567.18588,144257.36441,False,False,"[1147, 1204, 1149]"
-10696.10468,145035.18151,False,False,"[868, 869]"
-10067.47448,145681.69551,False,False,[1490]
-11721.68068,145840.93761,False,False,"[1496, 1202]"
-12108.56068,146489.63031,False,False,[1519]
-11144.96408,147439.76631,False,False,[1256]
-11384.58178,144434.66241,False,False,"[1203, 1204]"
-12365.68228,146968.40431,False,False,[1094]
-11842.75418,145798.80901,False,False,"[1496, 1202]"
-11999.01518,147095.74961,False,False,"[1200, 1093]"
-12213.62788,144998.91311,False,False,[1139]
-9235.01978,144921.19881,False,False,"[1150, 1151]"
-12291.75678,146730.65391,False,False,"[1097, 1095]"
-10192.90118,144233.84321,False,False,[1212]
-11536.43088,144722.22231,False,False,"[1203, 871]"
-11113.07018,146571.39151,False,False,"[1113, 1201, 1109]"
-12659.42048,144787.31661,False,False,[1140]
-11842.71668,145304.14611,False,False,"[1139, 1254]"
-10463.28508,146061.25081,True,False,"[1264, 1521]"
-12276.15428,143890.69261,False,False,[1204]
-10570.75778,144557.47441,False,False,"[872, 873]"
-9940.85308,146270.24361,False,False,"[1121, 1525]"
-11861.00908,146401.24231,False,False,"[1520, 1518]"
-10083.90638,146841.22061,False,False,[1111]
-10306.59628,144258.13531,False,False,"[1212, 1148]"
-10096.21758,144857.05771,False,False,"[1292, 1213, 1151]"
-11668.69188,146318.24681,True,False,[1199]
-9580.44438,146604.91061,False,False,[1121]
-10213.81388,146851.49201,False,False,[1111]
-10313.10878,146515.48021,False,False,"[1113, 1111]"
-11217.22128,146226.57461,False,False,[1515]
-12153.61338,144667.05281,False,False,[1140]
-10320.13108,144910.43021,False,False,"[1292, 1493]"
-10006.06058,146375.41721,False,False,"[1264, 1113]"
-11893.68148,145727.79831,False,False,"[1496, 1202]"
-9890.83778,144549.14291,False,False,"[1212, 1213]"
-11670.20168,147337.89651,True,False,"[1200, 1093]"
-11924.50928,146467.91741,False,False,"[1520, 1519]"
-11292.25928,147119.09231,False,False,[1256]
-9666.24828,144348.07101,False,False,"[1153, 1212]"
-11591.04198,144466.26011,False,False,"[1203, 1204]"
-11911.82328,145716.01351,True,False,"[1496, 1202]"
-12150.32018,146106.93491,True,False,"[1101, 1103]"
-11278.24178,147401.84521,False,False,[1256]
-10388.82198,145875.48851,False,False,[1528]
-10283.24258,146051.18691,True,False,[1264]
-9801.27638,144211.93271,False,False,[1153]
-11134.21108,144849.16651,False,False,"[868, 871]"
-9810.49668,145337.90941,False,False,[1265]
-11981.05388,145668.80201,False,False,"[1496, 1202]"
-11627.09388,147631.67331,False,False,[1256]
-10784.36028,146529.71131,False,False,[1113]
-11237.67288,144496.64751,False,False,"[1203, 871]"
-11729.68568,145038.90681,False,False,[1139]
-9934.65878,145547.41591,False,False,"[1265, 1266]"
-12521.62568,145878.45101,False,False,"[1104, 1100]"
-10989.83068,144664.08681,False,False,"[1203, 868, 870]"
-11418.35498,144839.21431,False,False,"[1203, 871]"
-11530.46478,146304.00601,True,False,"[1201, 1199]"
-11573.28158,145242.74891,False,False,[1203]
-9587.05988,145127.35221,False,False,"[1150, 1151]"
-10554.56698,146733.98281,False,False,[1111]
-11425.23778,145470.74241,False,False,[1495]
-11076.49878,144696.99751,True,False,"[1203, 868, 871]"
-9795.79188,145082.91021,False,False,[1151]
-9447.58128,145840.23081,False,False,[1266]
-10602.95838,145533.11481,False,False,[1258]
-11781.45528,146357.98461,False,False,"[1201, 1518]"
-12008.11778,146353.61731,False,False,"[1520, 1518]"
-11271.29798,145945.04671,False,False,[1202]
-9411.42808,145577.88411,False,False,"[1265, 1266]"
-12222.10968,144113.24451,False,False,"[1204, 1142]"
-12112.89298,146448.86741,False,False,[1520]
-11322.38808,145684.27591,False,False,"[1202, 1495]"
-9923.73868,144358.67831,False,False,"[1153, 1212]"
-10961.31828,144813.22071,False,False,"[868, 869]"
-11285.94848,145413.02391,False,False,"[1258, 867]"
-9604.50258,145756.89851,False,False,[1266]
-10533.90848,144250.88231,False,False,[1148]
-11974.25098,146478.50081,False,False,"[1520, 1519]"
-11371.24668,146289.67171,False,False,[1201]
-10507.45518,145670.06291,False,False,[1490]
-11567.55768,147020.37881,False,False,[1200]
-9529.37088,145079.47511,False,False,"[1150, 1151]"
-11498.47148,146267.03401,False,False,"[1201, 1199]"
-11161.93698,145284.38121,False,False,"[1146, 1494]"
-12159.33298,146418.91601,False,False,[1520]
-11147.67338,146279.08841,True,False,"[1201, 1515]"
-12518.42598,146932.46091,False,False,"[1094, 1095]"
-10795.50128,144626.02971,False,False,"[872, 870]"
-9883.05958,146053.83271,False,False,[1525]
-9835.00468,144547.13601,False,False,"[1212, 1213]"
-11970.81138,146278.76641,False,False,[1518]
-11031.70128,144729.29401,False,False,"[868, 871]"
-11515.10778,147228.28881,False,False,[1200]
-11431.42798,146767.19961,False,False,[1112]
-11324.36468,145627.43541,False,False,[1495]
-9425.86588,146152.17191,False,False,[1121]
-11313.27938,145995.44651,False,False,[1515]
-9601.83768,144622.34301,False,False,"[1152, 1497]"
-12531.86218,147151.38551,False,False,[1094]
-10156.18288,145269.73251,False,False,"[1259, 1493]"
-12420.69748,144679.90011,False,False,[1140]
-9657.03098,144682.07371,False,False,"[1152, 1213]"
-12006.20518,145650.68471,False,False,"[1496, 1202]"
-11843.40028,146866.95831,False,False,[1200]
-9946.38268,146189.89831,False,False,"[1121, 1525]"
-11859.92698,147543.03791,False,False,[1093]
-12236.01448,146458.80881,False,False,"[1097, 1103]"
-9437.22218,144335.59211,True,False,"[1497, 1212]"
-11338.69818,147842.01731,False,False,[1256]
-11799.95158,146371.10671,False,False,"[1201, 1518]"
-10773.46038,144578.47551,False,False,"[872, 870]"
-9648.87528,146125.89911,False,False,[1121]
-9680.58538,145254.56951,False,False,[1150]
-9376.30458,144586.68421,False,False,"[1152, 1497]"
-9745.57528,144200.95761,False,False,[1153]
-10914.96628,145339.78371,False,False,"[1258, 1494]"
-11121.09658,147015.52791,False,False,[1112]
-10820.93418,144562.38671,False,False,"[872, 873, 1203, 870]"
-11804.61578,145835.01261,False,False,"[1496, 1202]"
-11653.11178,144129.00561,False,False,"[1204, 1149]"
-10798.97448,145718.85241,False,False,[1202]
-11807.05658,144349.58781,False,False,"[1204, 1142]"
-11728.41938,147018.86961,False,False,[1200]
-10293.13978,144363.56851,False,False,"[1212, 1148]"
-12161.17988,144965.63811,False,False,[1139]
-12227.37888,146947.12761,False,False,"[1200, 1094]"
-10071.66138,145951.60221,False,False,[1525]
-9976.58998,146666.29741,False,False,"[1121, 1111]"
-10455.62798,144220.81191,False,False,[1148]
-11709.07208,145440.20121,False,False,[1496]
-10670.33428,145072.63241,False,False,"[868, 869]"
-11888.51538,144820.45851,False,False,[1203]
-9354.75158,144416.31601,False,False,[1497]
-12462.34318,146599.35461,False,False,"[1095, 1103]"
-11286.48798,147014.81761,False,False,[1112]
-10071.80798,144794.19481,False,False,"[1213, 1151]"
-11043.39348,145173.95501,False,False,"[1146, 867]"
-10559.87008,145862.92891,False,False,"[1521, 1202, 1522]"
-9595.98598,145680.90181,False,False,[1266]
-11342.51068,145553.61561,False,False,[1495]
-11886.09148,145491.28381,False,False,"[1496, 1254]"
-10724.21908,146506.01541,False,False,[1113]
-9376.72258,144958.59151,True,False,"[1150, 1151]"
-9913.96398,144959.80931,False,False,"[1292, 1151]"
-12298.53218,144724.57991,False,False,[1140]
-11325.11478,147440.55591,False,False,[1256]
-9582.33208,146131.56141,False,False,[1121]
-10841.09408,146644.10731,False,False,"[1112, 1113]"
-9024.55088,144146.44041,False,False,[1154]
-12906.79238,145893.11621,False,False,[1100]
-11316.50428,145274.02721,True,False,"[1146, 867]"
-12591.75818,146133.88101,False,False,[1100]
-11693.39018,144402.76891,False,False,"[1204, 1142]"
-9305.40998,144657.12641,True,False,"[1152, 1497]"
-12126.48468,144569.94141,False,False,"[1203, 1140, 1142]"
-11537.05298,144092.18141,False,False,[1149]
-10739.65198,144368.23291,False,False,"[873, 874]"
-12146.46968,144571.40571,False,False,[1140]
-12268.88628,146493.67051,False,False,[1097]
-12639.35458,146509.71671,False,False,[1103]
-9120.85928,144225.86971,False,False,[1154]
-11180.08208,144918.93121,False,False,"[867, 868]"
-12001.47648,144262.48941,False,False,"[1204, 1142]"
-11007.21548,144339.42411,False,False,"[874, 1149]"
-11324.91898,145686.34871,False,False,"[1496, 1202, 1495]"
-10522.91078,145861.60871,False,False,"[1202, 1523, 1522]"
-12707.69438,145938.15221,False,False,[1100]
-12936.17328,144670.15321,False,False,[1140]
-10297.71708,146423.32461,False,False,"[1264, 1113]"
-12178.11328,146261.03391,False,False,[1518]
-11067.51408,146589.69311,False,False,"[1113, 1109]"
-11260.89158,146124.68481,False,False,[1515]
-11237.50528,146700.52691,False,False,"[1201, 1109]"
-9370.85748,145602.07451,False,False,"[1265, 1266]"
-10866.23208,144968.77101,True,False,"[868, 869]"
-11584.87628,145764.66121,False,False,"[1496, 1202]"
-11544.35688,145493.41411,False,False,[1496]
-10360.58648,146456.43661,False,False,"[1264, 1113]"
-10434.69228,145683.71511,False,False,[1490]
-10924.40518,145698.17071,False,False,[1202]
-10652.01878,144274.60861,False,False,[874]
-10840.00348,146720.24211,False,False,[1112]
-11714.64028,145814.36301,False,False,"[1496, 1202]"
-11425.61318,145377.75151,False,False,[867]
-9895.47398,145292.75391,False,False,[1493]
-10147.72988,146861.44811,False,False,[1111]
-11981.30498,144864.54611,False,False,[1139]
-12179.60988,146252.80981,False,False,[1518]
-12503.58468,144748.39251,False,False,[1140]
-10508.94848,146445.99481,False,False,"[1264, 1113]"
-9338.87658,144263.91561,False,False,"[1497, 1154]"
-11884.70948,145741.54421,False,False,"[1496, 1202]"
-11419.79238,146868.75921,False,False,[1112]
-10216.10738,144836.61891,False,False,"[1292, 1213]"
-10979.42848,146476.33291,False,False,"[1113, 1201]"
-10972.06908,146284.32371,False,False,[1113]
-9301.95118,145835.04541,False,False,[1266]
-10585.67278,145051.70861,False,False,"[1259, 869]"
-12352.69618,144599.80191,False,False,[1140]
-11445.88488,144695.98131,False,False,"[1203, 871]"
-12002.95368,145175.71251,False,False,"[1139, 1254]"
-12892.48868,144807.15751,False,False,[1140]
-10599.57578,144637.37151,False,False,"[872, 870]"
-12059.82198,147397.63961,False,False,[1093]
-11337.90718,147666.42181,False,False,[1256]
-11935.47078,144631.96481,False,False,"[1203, 1142]"
-10564.04078,146394.64191,False,False,"[1264, 1113]"
-11735.27878,145431.75241,False,False,"[1496, 1254]"
-11488.87278,147535.03611,False,False,[1256]
-12477.61118,146175.39391,False,False,[1103]
-9990.77798,144358.85551,False,False,"[1153, 1212]"
-12328.40508,144726.10621,False,False,[1140]
-9805.46208,146134.68111,False,False,[1121]
-10811.77858,145351.68991,False,False,"[1258, 1494]"
-9533.50398,144269.03741,False,False,"[1153, 1497]"
-12046.03588,144946.64261,False,False,[1139]
-10727.11168,145383.44001,True,False,"[1258, 1494]"
-11878.37698,145918.93021,False,False,"[1202, 1199]"
-11636.58518,147037.84251,False,False,[1200]
-11262.76738,145969.52531,False,False,[1515]
-9172.18868,144271.85321,False,False,[1154]
-11595.31278,144206.94801,False,False,"[1204, 1149]"
-10866.58898,144554.29691,True,False,"[873, 1203]"
-11323.80878,145643.42091,False,False,[1495]
-9524.71108,146168.79911,False,False,[1121]
-12022.41158,146595.09861,False,False,"[1201, 1519]"
-12909.68298,144740.79871,False,False,[1140]
-9832.74258,145029.71041,False,False,"[1292, 1151]"
-11493.08208,145278.53261,False,False,[867]
-11155.29058,147375.72601,False,False,[1256]
-10788.61508,144386.73901,False,False,"[873, 874]"
-11415.12028,146623.62571,False,False,"[1112, 1201]"
-10231.55458,145687.99901,False,False,[1490]
-11103.24358,144421.58611,False,False,"[1203, 1149]"
-12324.88288,146143.42311,False,False,"[1101, 1103]"
-10405.44748,144194.11381,False,False,[1148]
-11710.84508,145800.03771,False,False,"[1496, 1202]"
-11410.90468,147522.92861,False,False,[1256]
-10886.27628,144800.47311,False,False,"[869, 870]"
-11445.56428,144561.99741,True,False,"[1203, 871]"
-10856.88218,144246.68231,False,False,[874]
-10508.17068,145469.67671,False,False,"[1258, 1259]"
-12105.48458,146322.92551,False,False,"[1520, 1518]"
-10477.24098,145434.70311,False,False,[1259]
-11165.64668,147303.69951,False,False,[1256]
-11220.63588,145708.20761,False,False,[1202]
-12464.88198,145610.27421,True,False,[1104]
-11301.46268,146021.82471,False,False,[1515]
-11835.29698,147287.21631,False,False,"[1200, 1093]"
-11562.92908,147156.79911,False,False,[1200]
-10470.96708,144679.26651,False,False,"[872, 870]"
-11002.23838,145702.44421,False,False,[1202]
-11236.15008,144861.58141,False,False,"[868, 871]"
-12183.03178,146686.36391,False,False,"[1097, 1201]"
-10200.16948,144438.89811,False,False,"[1212, 1148]"
-10110.76588,145679.59661,True,False,[1490]
-12430.67428,146053.77061,False,False,"[1104, 1101]"
-9566.82548,144787.71731,False,False,"[1152, 1151]"
-11666.08398,144633.48321,False,False,"[1203, 1142]"
-11911.20918,147169.78621,False,False,"[1200, 1093]"
-11907.78118,147475.53071,False,False,[1093]
-10894.13898,146652.82291,False,False,"[1112, 1113]"
-12005.64668,144888.88781,False,False,[1139]
-11638.21178,145992.27941,False,False,[1199]
-9860.65408,144366.06551,False,False,"[1153, 1212]"
-11036.40798,146748.13881,False,False,"[1112, 1109]"
-10267.69048,145344.21551,False,False,[1259]
-12174.28478,145213.55311,False,False,[1254]
-11183.10578,144600.70141,False,False,"[1203, 871]"
-10513.05188,144961.34401,False,False,"[1259, 869]"
-11413.84998,144910.87881,False,False,"[867, 1203]"
-11033.16888,144561.23111,False,False,"[1203, 870]"
-12746.86188,146036.30271,False,False,[1100]
-10293.09058,145358.50301,False,False,[1259]
-12400.98528,145911.31801,False,False,"[1104, 1101]"
-12259.79658,145552.37941,False,False,"[1202, 1254]"
-11529.38348,147400.07031,True,False,[1200]
-10656.92658,145523.84451,False,False,[1258]
-9741.08058,146132.42451,False,False,[1121]
-10243.40168,145010.97211,False,False,"[1292, 1493]"
-12282.05788,146930.75591,False,False,"[1200, 1094]"
-12712.30478,146040.45711,False,False,[1100]
-11322.60748,145677.96651,False,False,[1495]
-12476.31028,146897.38891,False,False,"[1094, 1095]"
-11308.77628,145615.39591,False,False,[1495]
-10274.79108,145693.91061,False,False,[1490]
-10943.16518,144581.21371,False,False,"[1203, 870]"
-11419.88338,144977.40061,False,False,[867]
-12113.68668,146236.43301,False,False,[1518]
-11342.47868,147667.47871,False,False,[1256]
-12556.11648,146675.55061,False,False,[1095]
-12313.59968,146834.82901,False,False,"[1200, 1095]"
-11774.10648,147351.59401,True,False,"[1200, 1093]"
-9937.66098,145393.01341,False,False,"[1265, 1493]"
-11330.76228,147724.21441,False,False,[1256]
-10443.05428,146664.65541,False,False,[1111]
-12668.31738,146045.74551,False,False,[1100]
-11544.54918,146193.89241,False,False,[1199]
-12215.13788,146806.62111,False,False,"[1097, 1095]"
-11901.24468,146456.97991,False,False,"[1520, 1201]"
-10375.23228,144412.96201,False,False,"[1212, 1148]"
-9849.17178,145034.78471,False,False,[1292]
-9947.06778,145086.37851,False,False,[1292]
-10597.50188,146779.20181,False,False,[1111]
-11419.33838,145513.75481,False,False,[1495]
-9587.02718,144472.21891,False,False,"[1497, 1212]"
-11514.13248,147464.64091,False,False,"[1200, 1256]"
-11000.49588,144453.43731,False,False,"[873, 874, 1149]"
-9819.20558,145048.83541,False,False,[1151]
-9820.89148,145590.63231,False,False,"[1265, 1266]"
-9108.56448,144214.85541,False,False,[1154]
-12326.78098,146659.05391,False,False,"[1097, 1095]"
-12500.28728,145722.94961,False,False,[1104]
-9802.77988,144787.31471,False,False,"[1213, 1151]"
-10292.35798,145876.44291,False,False,[1528]
-11037.32808,146907.46231,False,False,[1112]
-10384.35848,145769.15921,False,False,[1528]
-10658.54068,144338.99681,False,False,"[873, 874]"
-11388.84248,146666.81461,False,False,"[1112, 1201]"
-10448.17328,146542.12021,False,False,"[1113, 1111]"
-12958.40498,145938.68421,False,False,[1100]
-10175.93288,145063.88881,True,False,"[1292, 1493]"
-11460.40638,147777.19431,False,False,[1256]
-9431.16778,144572.78171,False,False,"[1152, 1497]"
-12539.33268,146149.92541,False,False,[1100]
-11360.35468,145977.48231,False,False,[1199]
-11371.53818,145968.58701,False,False,[1199]
-12623.79488,146574.70591,False,False,[1103]
-12292.38848,145319.97151,False,False,[1254]
-9303.95148,144386.15341,False,False,[1497]
-12058.47178,145127.44071,False,False,"[1139, 1254]"
-9581.73788,144325.44341,False,False,"[1153, 1212]"
-9347.95448,146436.67491,False,False,[1121]
-11547.15178,147311.21081,False,False,[1200]
-12784.65928,144828.77781,False,False,[1140]
-11700.87218,145787.08951,False,False,"[1496, 1202]"
-9743.75138,145154.97921,False,False,[1151]
-10563.73948,144713.91821,False,False,"[872, 870]"
-11436.59898,146001.80451,False,False,[1199]
-9550.53598,145104.50251,False,False,"[1150, 1151]"
-11365.56238,145237.92731,False,False,"[1146, 867]"
-9619.07628,145552.98161,False,False,"[1265, 1266]"
-12755.14798,144775.92671,False,False,[1140]
-9432.04838,144063.76851,False,False,[1154]
-11037.01668,145024.30811,False,False,"[867, 868]"
-11708.20798,145916.55361,False,False,"[1202, 1199]"
-11814.22648,144658.01381,False,False,"[1203, 1142]"
-11282.40848,147651.99271,False,False,[1256]
-10390.21798,145818.43061,False,False,[1528]
-10557.90348,145013.43351,False,False,"[1259, 869]"
-9336.35528,145172.81801,False,False,"[1265, 1150]"
-12358.72748,145826.77161,False,False,"[1104, 1101]"
-9917.96358,145124.74311,False,False,[1292]
-9512.11058,145018.68791,False,False,"[1150, 1151]"
-12637.91278,146960.26091,False,False,[1094]
-12684.12008,146989.97441,False,False,[1094]
-10639.02558,145384.61451,False,False,"[1259, 1494]"
-10887.81988,145239.94861,False,False,"[868, 1494]"
-11955.24618,144269.59381,False,False,"[1204, 1142]"
-11440.57778,145740.78761,False,False,"[1496, 1202]"
-10948.79388,144442.55101,False,False,"[873, 874]"
-11271.26558,147647.03021,False,False,[1256]
-12315.38198,144468.37391,False,False,"[1140, 1142]"
-9573.00478,144160.25261,False,False,"[1497, 1154]"
-10991.96718,146686.16031,False,False,"[1112, 1109]"
-9277.64198,144599.16171,False,False,[1497]
-12256.34878,145530.34391,False,False,"[1202, 1254]"
-11902.40718,145274.10151,False,False,"[1139, 1254]"
-10536.24828,146580.95901,False,False,[1111]
-11630.02818,147602.50491,False,False,"[1256, 1093]"
-10499.76398,146688.62291,False,False,[1111]
-12868.58908,145928.60921,False,False,[1100]
-11176.00098,145729.83651,False,False,[1202]
-9355.40538,144806.10491,True,False,[1151]
-11323.51898,145651.75551,False,False,[1495]
-9354.96598,146506.32671,False,False,[1121]
-12324.72918,143896.06501,False,False,[1204]
-12550.10338,147200.27651,False,False,[1094]
-12522.57578,144200.16261,False,False,[1142]
-11425.38098,145469.69761,False,False,[1495]
-10747.02548,144814.89671,False,False,"[869, 870]"
-9381.67148,145834.05761,False,False,[1266]
-12478.31658,144683.27611,False,False,[1140]
-12618.47018,145830.80591,False,False,"[1104, 1100]"
-9924.07008,145978.42631,False,False,[1525]
-9395.88668,145200.59941,False,False,"[1265, 1150]"
-12540.42858,146276.60601,False,False,[1103]
-11428.66138,145976.40451,False,False,[1199]
-10572.27948,145306.64461,True,False,"[1259, 868, 1494]"
-9874.66158,146683.22741,False,False,[1121]
-9500.51238,144325.26181,False,False,"[1153, 1212, 1497]"
-12326.23788,145587.09161,False,False,"[1104, 1254]"
-11476.89498,144107.20841,False,False,[1149]
-12565.74738,146438.27901,False,False,[1103]
-10271.54828,146558.09941,False,False,[1111]
-9464.09268,145005.97421,False,False,"[1150, 1151]"
-9196.08288,145194.15031,False,False,[1265]
-12377.49558,143982.26871,False,False,"[1204, 1142]"
-11444.43488,145598.30801,False,False,"[1496, 1495]"
-9532.90538,144396.90771,False,False,"[1497, 1212]"
-9519.06088,146583.74391,False,False,[1121]
-10996.77718,146609.85561,False,False,"[1113, 1109]"
-11147.00628,145954.54251,False,False,[1202]
-12107.94228,144956.86761,False,False,[1139]
-9240.96568,145475.42181,False,False,[1265]
-11804.57818,145909.93381,False,False,"[1202, 1199]"
-12284.20328,144033.49331,False,False,"[1204, 1142]"
-11596.66668,147745.44441,False,False,[1256]
-10038.80028,144846.57621,False,False,"[1292, 1151]"
-12566.98158,144081.23021,False,False,[1142]
-9998.86478,145898.18631,False,False,[1525]
-11202.29988,147036.43561,False,False,[1112]
-9994.12238,146716.09771,False,False,[1111]
-12596.77058,144692.94251,False,False,[1140]
-12027.64138,144585.59591,False,False,"[1203, 1142]"
-12577.65368,146468.44151,False,False,[1103]
-10044.00608,146765.79771,False,False,[1111]
-12654.53128,145941.51771,False,False,[1100]
-11080.24958,144959.05511,False,False,"[867, 868]"
-11234.05258,147090.07501,False,False,[1256]
-9880.46108,144774.45331,False,False,"[1213, 1151]"
-12527.21298,146606.28051,False,False,"[1095, 1103]"
-12641.10768,146527.34251,False,False,[1103]
-11794.66548,145325.23951,False,False,[1254]
-9783.33098,145101.18911,False,False,[1151]
-10421.15038,145524.38761,False,False,"[1490, 1258]"
-11535.81258,147782.48601,False,False,[1256]
-11100.69468,145169.86461,False,False,"[1146, 867]"
-10308.58998,146544.87021,False,False,[1111]
-9762.87928,146669.14421,False,False,[1121]
-10673.56678,145763.02571,False,False,[1202]
-10361.23658,144599.84971,False,False,"[872, 1212]"
-11164.38308,144403.84001,False,False,"[1203, 1149]"
-12533.73238,146894.22391,False,False,[1095]
-12422.89798,146902.37141,False,False,"[1094, 1095]"
-10528.17788,145787.23431,False,False,[1202]
-10546.10288,145444.94091,False,False,"[1258, 1259]"
-12573.93998,146944.30511,False,False,"[1094, 1095]"
-11727.63538,147599.92341,False,False,[1093]
-11943.96138,145081.70671,False,False,"[1139, 1254]"
-10774.08628,146631.34901,False,False,[1112]
-11534.56548,145911.64951,False,False,"[1202, 1199]"
-10721.43768,144991.30701,False,False,"[868, 869]"
-9353.85428,146563.86791,False,False,[1121]
-10806.77928,146212.85681,False,False,[1113]
-9467.41438,144774.25241,False,False,"[1152, 1151]"
-12389.15218,144729.21011,False,False,[1140]
-10396.28738,145031.97031,False,False,"[1259, 1493]"
-11985.92898,146557.64721,False,False,"[1201, 1519]"
-11279.98208,145695.08561,False,False,[1202]
-9377.36578,145183.40141,False,False,"[1265, 1150]"
-9451.44928,145223.08901,False,False,"[1265, 1150]"
-11474.53728,145036.98431,False,False,"[867, 1203]"
-9254.73888,144343.29081,False,False,"[1497, 1154]"
-12202.63988,146110.78401,False,False,"[1101, 1103]"
-11132.66948,147480.70801,False,False,[1256]
-11745.30828,144364.61861,False,False,"[1204, 1142]"
-9419.23008,144744.06521,False,False,[1152]
-11313.27818,147196.90301,False,False,[1256]
-12460.07878,145968.41051,False,False,"[1104, 1100]"
-12203.62278,146868.49841,False,False,"[1200, 1097, 1095]"
-9389.67668,144430.60351,False,False,[1497]
-10883.74818,144908.85681,False,False,"[868, 869]"
-12227.01288,145663.06691,False,False,"[1104, 1202]"
-9773.49258,145311.69301,False,False,[1265]
-11215.75128,146815.73681,False,False,"[1112, 1109]"
-11143.65268,145133.91241,False,False,"[1146, 867]"
-10893.08728,144609.56031,False,False,"[1203, 870]"
-11651.00938,144579.24941,False,False,"[1203, 1142]"
-12078.15678,146592.99481,False,False,"[1201, 1519]"
-11288.46198,144541.69671,False,False,"[1203, 871]"
-9981.22558,145423.59061,False,False,"[1265, 1493]"
-10366.09948,146045.01991,True,False,"[1264, 1522, 1523]"
-12720.62968,147104.78651,False,False,[1094]
-11374.68628,146122.45481,False,False,[1199]
-12150.65208,145144.39081,False,False,[1139]
-11511.81928,145727.24051,False,False,"[1496, 1202]"
-9721.09488,144536.77931,False,False,"[1497, 1212, 1213]"
-10350.24068,145396.60311,False,False,[1259]
-11412.25728,146301.57801,False,False,[1201]
-9932.81588,146541.95831,False,False,"[1113, 1121, 1111]"
-10058.69998,144302.12911,False,False,"[1153, 1212]"
-12204.74978,147015.54981,False,False,"[1200, 1094]"
-11105.03988,145276.72381,False,False,"[1146, 1494]"
-11867.67638,146420.25631,False,False,"[1520, 1201]"
-12754.88218,144699.75321,False,False,[1140]
-10470.04388,145559.83691,False,False,"[1490, 1258]"
-12368.33248,145503.56281,False,False,[1254]
-12118.89688,145560.24551,False,False,"[1202, 1254]"
-10258.32348,144414.81941,False,False,"[1212, 1148]"
-12149.31148,145182.19271,False,False,[1254]
-11848.46738,146406.31591,False,False,"[1520, 1201, 1518]"
-9959.22428,144786.33511,False,False,"[1213, 1151]"
-11104.20178,146281.33681,False,False,[1201]
-9951.82088,146554.01131,False,False,"[1113, 1111]"
-12328.24218,146706.47941,False,False,"[1097, 1095]"
-10346.78668,144660.43371,False,False,"[872, 1213, 870]"
-12418.29718,145820.87381,False,False,"[1104, 1101]"
-12157.23108,146372.12191,False,False,[1520]
-10144.18278,145107.54531,False,False,"[1292, 1493]"
-11501.19938,144978.05611,False,False,"[867, 1203]"
-10816.89718,145541.10031,False,False,[1258]
-11098.47788,146161.52541,False,False,[1622]
-11086.83998,145340.36581,False,False,"[1258, 1494]"
-11793.94458,147077.22441,True,False,[1200]
-11837.42528,145306.80951,False,False,[1139]
-10974.15718,146389.92001,False,False,"[1113, 1201]"
-11731.39298,147083.07661,False,False,[1200]
-11544.98418,145743.36791,False,False,"[1496, 1202]"
-9272.25348,144544.28541,False,False,[1497]
-12190.09908,146195.17091,False,False,[1103]
-12029.90318,145934.24561,False,False,"[1202, 1199]"
-11935.54898,145083.56771,False,False,"[1139, 1254]"
-12331.71498,145947.95931,False,False,"[1104, 1101]"
-11916.92998,146042.41741,False,False,"[1101, 1199]"
-11968.40608,147529.80881,False,False,[1093]
-9364.27658,144524.26611,False,False,[1497]
-10392.90648,145719.00931,False,False,"[1528, 1490]"
-12094.20078,144609.75211,False,False,[1203]
-12232.19478,144547.59321,False,False,[1140]
-12359.71378,145462.55041,False,False,[1254]
-10006.62558,145444.75741,False,False,"[1265, 1490]"
-12373.60158,146507.69211,False,False,"[1097, 1103]"
-12503.43718,147108.45021,False,False,[1094]
-11034.00928,146314.14501,False,False,"[1113, 1201]"
-12267.06508,144503.73211,False,False,"[1140, 1142]"
-11368.06588,145227.72601,False,False,"[1146, 867]"
-11324.19568,145632.29221,False,False,[1495]
-11728.00428,144655.71251,False,False,"[1203, 1142]"
-10084.35758,146727.44081,False,False,[1111]
-11520.39438,147127.53061,False,False,[1200]
-9178.13418,145032.32401,False,False,[1150]
-12487.36392,146087.27366,True,False,[1100]
-12467.49998,145981.35076,True,False,[1100]
-12536.33127,145876.48658,True,False,[1100]
-12492.603,146154.41865,True,False,[1100]
-12954.9812,145893.10886,True,False,[1100]
-12732.65338,146038.01083,True,False,[1100]
-11345.44256,144244.06245,True,False,[1149]
-10996.05097,144429.79117,True,False,[1149]
-11051.44306,144481.72032,True,False,[1149]
-11298.81805,144346.94946,True,False,[1147]
-11212.70112,144513.24222,True,False,[871]
-11745.20313,144967.58487,True,False,[1203]
-10920.07257,144533.31419,True,False,[1203]
-11328.82617,145416.5736,True,False,[867]
-11274.31335,144903.57648,True,False,[867]
-11291.89646,145284.32538,True,False,[867]
-11336.83577,145259.06607,True,False,[867]
-11353.8676,145202.0916,True,False,[867]
-11294.04205,145347.91487,True,False,[867]
-10969.37789,145233.76956,True,False,[1146]
-10945.4788,145215.66533,True,False,[1146]
-10859.9594,144404.45946,True,False,[874]
-9427.82687,144409.26834,True,False,[1212]
-9386.8612,144390.59263,True,False,[1212]
-10373.22795,144597.34741,True,False,[1212]
-9461.89162,144402.46279,True,False,[1212]
-10815.39788,144550.04898,True,False,[873]
-10536.39665,144988.45603,True,False,[869]
-10599.75727,145307.75594,True,False,[868]
-9046.54407,143900.67767,True,False,[1154]
-9286.42043,144313.40255,True,False,[1154]
-9317.162,144671.37363,True,False,[1152]
-9273.47336,145165.18738,True,False,[1150]
-9390.00386,144974.15454,True,False,[1150]
-9921.70364,145669.30352,True,False,[1266]
-9668.512,145677.10047,True,False,[1266]
-9339.80264,144803.80286,True,False,[1151]
-9945.05923,144940.80891,True,False,[1151]
-10202.64327,145042.93949,True,False,[1292]
-10240.41981,145208.32364,True,False,[1493]
-10936.17132,145338.84818,True,False,[1494]
-11241.84149,145346.14847,True,False,[1494]
-10441.67454,145539.26826,True,False,[1258]
-10717.38045,145541.53695,True,False,[1258]
-9989.59175,145621.69655,True,False,[1490]
-10386.7716,145755.00178,True,False,[1528]
-10367.96973,145751.61771,True,False,[1528]
-12226.24183,145268.4027,True,False,[1254]
-12270.65469,145295.79527,True,False,[1254]
-12318.6526,145359.61718,True,False,[1254]
-12204.43494,145535.89745,True,False,[1254]
-11956.11228,145598.48942,True,False,[1254]
-11830.45358,145469.76332,True,False,[1254]
-11757.61972,145460.1864,True,False,[1254]
-11479.27611,145482.62956,True,False,[1496]
-11397.17876,145728.26972,True,False,[1496]
-10632.71323,145779.38404,True,False,[1202]
-11232.29108,145705.63053,True,False,[1202]
-10838.69651,145712.00987,True,False,[1202]
-11787.61178,146176.79402,True,False,[1101]
-12188.21993,146109.72315,True,False,[1101]
-12164.98961,146108.01412,True,False,[1101]
-11511.51977,146282.11283,True,False,[1199]
-11199.2228,146286.69589,True,False,[1515]
-12168.82397,146250.13035,True,False,[1518]
-12176.52211,146295.99382,True,False,[1518]
-10415.02377,146051.40539,True,False,[1522]
-10638.39162,146125.22657,True,False,[1623]
-9913.6735,145997.5426,True,False,[1525]
-10000.51986,146251.47094,True,False,[1525]
-9988.06853,146375.41721,True,False,[1264]
-10536.25397,146086.34763,True,False,[1264]
-9984.20277,146563.07825,True,False,[1113]
-10058.28294,146752.22657,True,False,[1111]
-10345.99736,146611.79932,True,False,[1111]
-10175.40622,146646.3433,True,False,[1111]
-10425.74452,146665.6367,True,False,[1111]
-12306.4491,146483.83352,True,False,[1103]
-12265.70579,146469.35783,True,False,[1103]
-12157.26545,146117.35794,True,False,[1103]
-11400.35565,146298.1227,True,False,[1201]
-11426.15818,146296.00823,True,False,[1201]
-11260.41238,146311.88539,True,False,[1201]
-12192.16702,146876.89671,True,False,[1097]
-12245.41252,146523.94896,True,False,[1097]
-12225.39426,146864.2554,True,False,[1095]
-11598.27358,146889.62002,True,False,[1112]
-11076.1594,146951.55747,True,False,[1112]
-11666.33808,147348.19052,True,False,[1200]
-11829.82084,146875.34896,True,False,[1200]
-11781.58465,147066.21703,True,False,[1200]
-11915.1548,147459.44344,True,False,[1093]
